{
  "n": 2017,
  "benchmark": "scienceqa",
  "model": "OpenGVLab/InternVL2-8B",
  "acc_multimodal": 0.8869608329201785,
  "acc_text_only": 0.5884977689638077,
  "acc_diff": 0.2984630639563708,
  "multimodal_ci_95": [
    0.872328476668052,
    0.900457293565862
  ],
  "text_ci_95": [
    0.5666580467182339,
    0.6100798284510986
  ],
  "multimodal_boot_ci_95": [
    0.872583044124938,
    0.9003470500743679
  ],
  "text_boot_ci_95": [
    0.5671789786812097,
    0.60932077342588
  ],
  "mcnemar_chi2": 460.7155612244898,
  "mcnemar_p": 0.0,
  "mcnemar_b": 91,
  "mcnemar_c": 693,
  "cohens_h": 0.7070775965077329
}