feature,pearson_r,pearson_p,spearman_r,spearman_p
num_steps,-0.004097396368386017,0.8818148701509801,-0.004568245323594793,0.8683511144202573
num_numbers,0.01894479043250305,0.49180108087144747,0.023241377046567594,0.39900762607257767
question_length,0.0663760450689502,0.015907911033444546,0.05844865583496035,0.033792188375857804
answer_magnitude,-0.005558955791517686,0.8401508541750413,-0.006007000321099192,0.8274621461061453
multi_operation,,,,
has_fractions,-0.006109088031096827,0.8245771585993943,-0.006109088031096827,0.8245771585993943
has_percentages,-0.0326956486841415,0.23537229614033156,-0.0326956486841415,0.23537229614033156
has_comparison,0.026769148864010564,0.3313215811485096,0.026769148864010564,0.3313215811485096
