{
  "n": 1319,
  "acc_text": 0.775587566338135,
  "acc_img": 0.7270659590598939,
  "acc_drop": -0.04852160727824106,
  "text_ci_95": [
    0.7520930944277403,
    0.7978471703755088
  ],
  "img_ci_95": [
    0.7021582747511891,
    0.7509575772306689
  ],
  "text_boot_ci_95": [
    0.7528430629264594,
    0.7975739196360879
  ],
  "img_boot_ci_95": [
    0.7028051554207733,
    0.7505686125852918
  ],
  "mcnemar_chi2": 13.975352112676056,
  "mcnemar_p": 0.00018522295290346324,
  "mcnemar_b": 110,
  "mcnemar_c": 174,
  "cohens_h": 0.11237433589814216,
  "mismatch_chi2": 632.4850299401197,
  "mismatch_p": 1.4399645042724002e-139,
  "mismatch_counts": {
    "text": 659,
    "neither": 632,
    "ambiguous": 15,
    "invalid": 4,
    "image": 9
  },
  "mismatch_decidable": 668,
  "text_preference": 0.9865269461077845,
  "image_preference": 0.01347305389221557,
  "neither_rate": 0.4791508718726308,
  "ambiguous_rate": 0.011372251705837756,
  "invalid_rate": 0.003032600454890068,
  "elapsed_minutes": 1205.4
}