feature,pearson_r,pearson_p,spearman_r,spearman_p
num_steps,0.056114317559777416,0.0415864065061596,0.05607960578240152,0.04171291697856457
num_numbers,0.02525690136576563,0.3593744715375149,0.03377579631806349,0.22025232165172853
question_length,-0.00246975648818018,0.9285956999128535,-0.015502427472184372,0.5737632942713363
answer_magnitude,-0.006856947285781535,0.8035172693292842,0.0025977936473323016,0.924904624494889
multi_operation,,,,
has_fractions,0.017493065364639526,0.5255849115632971,0.017493065364639526,0.5255849115632971
has_percentages,0.05212548466750248,0.0584127815620004,0.05212548466750248,0.0584127815620004
has_comparison,0.036752868223167895,0.1822113003989926,0.036752868223167895,0.1822113003989926
