{
  "n": 254,
  "acc_text": 0.2559055118110236,
  "acc_img": 0.547244094488189,
  "acc_drop": 0.2913385826771654,
  "text_ci_95": [
    0.20340465092695445,
    0.31420066249933415
  ],
  "img_ci_95": [
    0.4838151805426402,
    0.6095576534118764
  ],
  "text_boot_ci_95": [
    0.20078740157480315,
    0.3110236220472441
  ],
  "img_boot_ci_95": [
    0.484251968503937,
    0.610236220472441
  ],
  "mcnemar_chi2": 53.29,
  "mcnemar_p": 2.877698079828406e-13,
  "mcnemar_b": 87,
  "mcnemar_c": 13,
  "cohens_h": -0.6046427954050253,
  "mismatch_chi2": 0.0,
  "mismatch_p": 1.0,
  "mismatch_counts": {
    "invalid": 254
  },
  "mismatch_decidable": 0,
  "text_preference": null,
  "image_preference": null,
  "neither_rate": 0.0,
  "ambiguous_rate": 0.0,
  "invalid_rate": 1.0,
  "benchmark": "aqua_rat",
  "model": "Qwen/Qwen2.5-VL-7B-Instruct"
}