{
  "n": 1319,
  "acc_text": 0.8453373768006065,
  "acc_img": 0.8468536770280516,
  "acc_drop": 0.0015163002274450887,
  "text_ci_95": [
    0.8246786217498585,
    0.8644436391751731
  ],
  "img_ci_95": [
    0.8262697345849117,
    0.865878155676143
  ],
  "text_boot_ci_95": [
    0.8248673237300985,
    0.865049279757392
  ],
  "img_boot_ci_95": [
    0.8271417740712661,
    0.8658074298711145
  ],
  "mcnemar_chi2": 0.00625,
  "mcnemar_p": 0.9369873319714805,
  "mcnemar_b": 81,
  "mcnemar_c": 79,
  "cohens_h": -0.004201951937783832,
  "mismatch_chi2": 1071.2320942883046,
  "mismatch_p": 5.9088110984220784e-235,
  "mismatch_counts": {
    "text": 1095,
    "neither": 201,
    "ambiguous": 15,
    "image": 8
  },
  "mismatch_decidable": 1103,
  "text_preference": 0.9927470534904805,
  "image_preference": 0.007252946509519492,
  "neither_rate": 0.15238817285822592,
  "ambiguous_rate": 0.011372251705837756,
  "invalid_rate": 0.0,
  "elapsed_minutes": 445.3
}