{
  "n": 3088,
  "benchmark": "ai2d",
  "model": "OpenGVLab/InternVL2-8B",
  "acc_multimodal": 0.7950129533678757,
  "acc_text_only": 0.5605569948186528,
  "acc_diff": 0.23445595854922285,
  "multimodal_ci_95": [
    0.7803362932921876,
    0.8091285649496861
  ],
  "text_ci_95": [
    0.5428392667858513,
    0.5781598727461958
  ],
  "multimodal_boot_ci_95": [
    0.7810880829015544,
    0.8092616580310881
  ],
  "text_boot_ci_95": [
    0.5430699481865285,
    0.5783678756476683
  ],
  "mcnemar_chi2": 495.94781783681213,
  "mcnemar_p": 0.0,
  "mcnemar_b": 165,
  "mcnemar_c": 889,
  "cohens_h": 0.5096788708676507
}