{
  "n": 3088,
  "benchmark": "ai2d",
  "model": "OpenGVLab/InternVL2-8B",
  "acc_multimodal": 0.0019430051813471502,
  "acc_text_only": 0.007772020725388601,
  "acc_diff": -0.005829015544041451,
  "multimodal_ci_95": [
    0.0007133719716363135,
    0.00422427176237339
  ],
  "text_ci_95": [
    0.00498584408827931,
    0.011542211847299052
  ],
  "multimodal_boot_ci_95": [
    0.0006476683937823834,
    0.003562176165803109
  ],
  "text_boot_ci_95": [
    0.0048575129533678756,
    0.011010362694300517
  ],
  "mcnemar_chi2": 12.041666666666666,
  "mcnemar_p": 0.0002771615982055664,
  "mcnemar_b": 21,
  "mcnemar_c": 3,
  "cohens_h": -0.08835968484983325
}