{
  "n": 254,
  "acc_text": 0.4921259842519685,
  "acc_img": 0.2637795275590551,
  "acc_drop": -0.22834645669291342,
  "text_ci_95": [
    0.42908282598490777,
    0.55535500335761
  ],
  "img_ci_95": [
    0.21065929445941298,
    0.3225047185414857
  ],
  "text_boot_ci_95": [
    0.4330708661417323,
    0.5551181102362205
  ],
  "img_boot_ci_95": [
    0.20866141732283464,
    0.3188976377952756
  ],
  "mcnemar_chi2": 30.083333333333332,
  "mcnemar_p": 4.138729392533236e-08,
  "mcnemar_b": 25,
  "mcnemar_c": 83,
  "cohens_h": 0.4763095598692313,
  "mismatch_chi2": 0.0,
  "mismatch_p": 1.0,
  "mismatch_counts": {
    "invalid": 254
  },
  "mismatch_decidable": 0,
  "text_preference": null,
  "image_preference": null,
  "neither_rate": 0.0,
  "ambiguous_rate": 0.0,
  "invalid_rate": 1.0,
  "benchmark": "aqua_rat",
  "model": "openbmb/MiniCPM-V-2_6"
}