{
  "n": 2017,
  "benchmark": "scienceqa",
  "model": "llava-hf/llava-v1.6-mistral-7b-hf",
  "acc_multimodal": 0.68368864650471,
  "acc_text_only": 0.5746157659890927,
  "acc_diff": 0.10907288051561725,
  "multimodal_ci_95": [
    0.6628899702622267,
    0.7039520470166254
  ],
  "text_ci_95": [
    0.5526962155818089,
    0.5963180863364159
  ],
  "multimodal_boot_ci_95": [
    0.6633614278631631,
    0.7035200793257312
  ],
  "text_boot_ci_95": [
    0.5528011898859693,
    0.5964303420922161
  ],
  "mcnemar_chi2": 71.79790419161677,
  "mcnemar_p": 0.0,
  "mcnemar_b": 224,
  "mcnemar_c": 444,
  "cohens_h": 0.2263964914330414
}