{
  "n": 3088,
  "benchmark": "ai2d",
  "model": "Qwen/Qwen2-VL-2B-Instruct",
  "acc_multimodal": 0.6917098445595855,
  "acc_text_only": 0.533678756476684,
  "acc_diff": 0.15803108808290156,
  "multimodal_ci_95": [
    0.6750845332856206,
    0.7079712401569627
  ],
  "text_ci_95": [
    0.5158968233578334,
    0.5513968196497694
  ],
  "multimodal_boot_ci_95": [
    0.6751943005181347,
    0.7082253886010362
  ],
  "text_boot_ci_95": [
    0.5168393782383419,
    0.5514896373056994
  ],
  "mcnemar_chi2": 253.92826552462526,
  "mcnemar_p": 0.0,
  "mcnemar_b": 223,
  "mcnemar_c": 711,
  "cohens_h": 0.32608758080483535
}