{
  "n": 254,
  "acc_text": 0.3700787401574803,
  "acc_img": 0.14566929133858267,
  "acc_drop": -0.22440944881889766,
  "text_ci_95": [
    0.3105617597820285,
    0.4326666588105729
  ],
  "img_ci_95": [
    0.10468385582958983,
    0.19515297746240365
  ],
  "text_boot_ci_95": [
    0.3110236220472441,
    0.42913385826771655
  ],
  "img_boot_ci_95": [
    0.10236220472440945,
    0.1889763779527559
  ],
  "mcnemar_chi2": 30.446601941747574,
  "mcnemar_p": 3.431839412648685e-08,
  "mcnemar_b": 23,
  "mcnemar_c": 80,
  "cohens_h": 0.5247400575968497,
  "mismatch_chi2": 0.0,
  "mismatch_p": 1.0,
  "mismatch_counts": {
    "invalid": 254
  },
  "mismatch_decidable": 0,
  "text_preference": null,
  "image_preference": null,
  "neither_rate": 0.0,
  "ambiguous_rate": 0.0,
  "invalid_rate": 1.0,
  "benchmark": "aqua_rat",
  "model": "OpenGVLab/InternVL2-8B"
}