{
  "n": 1000,
  "benchmark": "mathvista",
  "model": "llava-hf/llava-v1.6-mistral-7b-hf",
  "acc_multimodal": 0.108,
  "acc_text_only": 0.062,
  "acc_diff": 0.046,
  "multimodal_ci_95": [
    0.08943903298240025,
    0.1289037608799979
  ],
  "text_ci_95": [
    0.04786184811336122,
    0.0787799496610325
  ],
  "multimodal_boot_ci_95": [
    0.089,
    0.127
  ],
  "text_boot_ci_95": [
    0.047,
    0.078
  ],
  "mcnemar_chi2": 14.889705882352942,
  "mcnemar_p": 0.0001139832905372451,
  "mcnemar_b": 45,
  "mcnemar_c": 91,
  "cohens_h": 0.16642172150113488
}