{
  "n": 2017,
  "benchmark": "scienceqa",
  "model": "llava-hf/llava-onevision-qwen2-7b-ov-hf",
  "acc_multimodal": 0.9211700545364403,
  "acc_text_only": 0.6812097174020822,
  "acc_diff": 0.23996033713435805,
  "multimodal_ci_95": [
    0.9085396410401115,
    0.9325592421920136
  ],
  "text_ci_95": [
    0.660372316896713,
    0.7015190831792075
  ],
  "multimodal_boot_ci_95": [
    0.9092711948438275,
    0.933068914229053
  ],
  "text_boot_ci_95": [
    0.6608824987605354,
    0.7015369360436291
  ],
  "mcnemar_chi2": 384.96534653465346,
  "mcnemar_p": 0.0,
  "mcnemar_b": 61,
  "mcnemar_c": 545,
  "cohens_h": 0.6307481040732863
}