{
  "n": 2500,
  "benchmark": "chartqa",
  "model": "Qwen/Qwen2.5-VL-7B-Instruct",
  "acc_multimodal": 0.6504,
  "acc_text_only": 0.0224,
  "acc_diff": 0.628,
  "multimodal_ci_95": [
    0.6313403915803726,
    0.6691066527546033
  ],
  "text_ci_95": [
    0.016964017073191895,
    0.028990678075660074
  ],
  "multimodal_boot_ci_95": [
    0.6316,
    0.6688
  ],
  "text_boot_ci_95": [
    0.0168,
    0.0284
  ],
  "mcnemar_chi2": 1556.1068268015172,
  "mcnemar_p": 0.0,
  "mcnemar_b": 6,
  "mcnemar_c": 1576,
  "cohens_h": 1.575866203108837
}