{
  "n": 2017,
  "benchmark": "scienceqa",
  "model": "openbmb/MiniCPM-V-2_6",
  "acc_multimodal": 0.7853247397124442,
  "acc_text_only": 0.6698066435299951,
  "acc_diff": 0.11551809618244913,
  "multimodal_ci_95": [
    0.7667497043472592,
    0.8030665965996078
  ],
  "text_ci_95": [
    0.6487995658879289,
    0.6903189849246848
  ],
  "multimodal_boot_ci_95": [
    0.7669806643529995,
    0.8031730292513634
  ],
  "text_boot_ci_95": [
    0.6494794248884482,
    0.6901338621715419
  ],
  "mcnemar_chi2": 73.42974079126876,
  "mcnemar_p": 0.0,
  "mcnemar_b": 250,
  "mcnemar_c": 483,
  "cohens_h": 0.26079081733383447
}