{
  "n": 300,
  "acc_text": 0.5933333333333334,
  "acc_img": 0.49,
  "acc_drop": -0.10333333333333339,
  "text_ci_95": [
    0.5353860928839491,
    0.6494183142327218
  ],
  "img_ci_95": [
    0.432108643853167,
    0.548090756496924
  ],
  "text_boot_ci_95": [
    0.5366666666666666,
    0.65
  ],
  "img_boot_ci_95": [
    0.43333333333333335,
    0.5466666666666666
  ],
  "mcnemar_chi2": 10.112359550561798,
  "mcnemar_p": 0.0014727828467661075,
  "mcnemar_b": 29,
  "mcnemar_c": 60,
  "cohens_h": 0.20776940864668303,
  "mismatch_chi2": 164.02380952380952,
  "mismatch_p": 1.4947217901566723e-37,
  "mismatch_counts": {
    "text": 167,
    "neither": 128,
    "ambiguous": 4,
    "image": 1
  },
  "mismatch_decidable": 168,
  "text_preference": 0.9940476190476191,
  "image_preference": 0.005952380952380952,
  "neither_rate": 0.4266666666666667,
  "ambiguous_rate": 0.013333333333333334,
  "invalid_rate": 0.0,
  "benchmark": "svamp",
  "model": "Qwen/Qwen2-VL-2B-Instruct"
}