{
  "accuracy": 0.79,
  "ci_95": [
    0.7269312953862012,
    0.8442602432758717
  ],
  "n": 200
}