feature,pearson_r,pearson_p,spearman_r,spearman_p
num_steps,0.0005023918686910416,0.9854564949145711,-0.0006422977548971942,0.9814070780199925
num_numbers,-0.10834194228190208,8.05873392385258e-05,-0.10459767810336604,0.00014144708076535778
question_length,-0.19973440103503984,2.4617990780090495e-13,-0.19102591349832462,2.6407873775101557e-12
answer_magnitude,-0.024534608299504993,0.3732843757639314,0.03131769055447407,0.2557065653287225
multi_operation,,,,
has_fractions,0.0012232132288206084,0.9645994280073017,0.0012232132288206084,0.9645994280073017
has_percentages,-0.07923010410880772,0.003985828808100445,-0.07923010410880772,0.003985828808100445
has_comparison,0.021624332101420854,0.4326291853395712,0.021624332101420854,0.4326291853395712
