{
  "n": 1319,
  "acc_text": 0.7725549658832449,
  "acc_img": 0.27975739196360877,
  "acc_drop": -0.49279757391963613,
  "text_ci_95": [
    0.7489603179551516,
    0.7949284585550602
  ],
  "img_ci_95": [
    0.255666632060891,
    0.30483353446823164
  ],
  "text_boot_ci_95": [
    0.7498104624715694,
    0.7945413191811979
  ],
  "img_boot_ci_95": [
    0.2562547384382108,
    0.30401819560272936
  ],
  "mcnemar_chi2": 575.4112021857924,
  "mcnemar_p": 0.0,
  "mcnemar_b": 41,
  "mcnemar_c": 691,
  "cohens_h": 1.0326593116023621,
  "mismatch_chi2": 853.114547537228,
  "mismatch_p": 1.529179925375786e-187,
  "mismatch_counts": {
    "text": 868,
    "neither": 429,
    "ambiguous": 15,
    "image": 5,
    "invalid": 2
  },
  "mismatch_decidable": 873,
  "text_preference": 0.9942726231386025,
  "image_preference": 0.0057273768613974796,
  "neither_rate": 0.3252463987869598,
  "ambiguous_rate": 0.011372251705837756,
  "invalid_rate": 0.001516300227445034,
  "elapsed_minutes": 271.8
}