{
  "n": 1319,
  "acc_text": 0.7710386656557998,
  "acc_img": 0.7763457164518575,
  "acc_drop": 0.005307050796057644,
  "text_ci_95": [
    0.7473945602429444,
    0.7934684699327633
  ],
  "img_ci_95": [
    0.7528765534464152,
    0.7985765824998413
  ],
  "text_boot_ci_95": [
    0.7475360121304018,
    0.7930439727065957
  ],
  "img_boot_ci_95": [
    0.7536012130401819,
    0.7983320697498104
  ],
  "mcnemar_chi2": 0.11726384364820847,
  "mcnemar_p": 0.7320212295762063,
  "mcnemar_b": 157,
  "mcnemar_c": 150,
  "cohens_h": -0.012683117466369964,
  "mismatch_chi2": 841.5650406504066,
  "mismatch_p": 4.95855378283011e-185,
  "mismatch_counts": {
    "text": 947,
    "image": 37,
    "neither": 320,
    "ambiguous": 15
  },
  "mismatch_decidable": 984,
  "text_preference": 0.9623983739837398,
  "image_preference": 0.037601626016260166,
  "neither_rate": 0.24260803639120546,
  "ambiguous_rate": 0.011372251705837756,
  "invalid_rate": 0.0,
  "elapsed_minutes": 300.7,
  "rescore": {
    "text_total": 1253,
    "image_total": 50,
    "neither_final": 1,
    "decidable": 1303,
    "text_preference_rescored": 0.9616270145817345,
    "image_preference_rescored": 0.03837298541826554,
    "neither_rate_rescored": 0.000758150113722517,
    "original_neither_count": 320,
    "neither_breakdown": {
      "text_reasoning": 306,
      "image_reasoning": 13,
      "neither": 1
    }
  }
}