{
  "n": 3088,
  "benchmark": "ai2d",
  "model": "Qwen/Qwen2.5-VL-7B-Instruct",
  "acc_multimodal": 0.8079663212435233,
  "acc_text_only": 0.5942357512953368,
  "acc_diff": 0.2137305699481865,
  "multimodal_ci_95": [
    0.7936223086543346,
    0.8217244373750997
  ],
  "text_ci_95": [
    0.5766721489712807,
    0.6116206066054874
  ],
  "multimodal_boot_ci_95": [
    0.7940414507772021,
    0.8218911917098446
  ],
  "text_boot_ci_95": [
    0.5773963730569949,
    0.6113989637305699
  ],
  "mcnemar_chi2": 452.37604166666665,
  "mcnemar_p": 0.0,
  "mcnemar_b": 150,
  "mcnemar_c": 810,
  "cohens_h": 0.4739637547123814
}