feature,pearson_r,pearson_p,spearman_r,spearman_p
num_steps,-0.01270791279109978,0.6447214636277088,-0.014104365827718523,0.6088030894019872
num_numbers,-0.010844099702657038,0.6939689699182359,-0.00817883352821717,0.766647806507236
question_length,0.07310103196198814,0.007909167185756768,0.09491755993346242,0.0005569699137559708
answer_magnitude,-0.017478881157543577,0.5259207520753981,0.023588436806999867,0.3920018418112043
multi_operation,,,,
has_fractions,0.000746536443018842,0.9783903129452156,0.000746536443018842,0.9783903129452156
has_percentages,0.021976345356943195,0.4251738391319271,0.021976345356943195,0.4251738391319271
has_comparison,0.05476116603172026,0.04676473813392704,0.05476116603172026,0.04676473813392704
