{
  "n": 1319,
  "acc_text": 0.43442001516300227,
  "acc_img": 0.29112964366944655,
  "acc_drop": -0.14329037149355572,
  "text_ci_95": [
    0.4074622654637465,
    0.4616706213370395
  ],
  "img_ci_95": [
    0.2667223254639024,
    0.31647124225709816
  ],
  "text_boot_ci_95": [
    0.40788476118271416,
    0.46019711902956784
  ],
  "img_boot_ci_95": [
    0.26611068991660347,
    0.3146322971948446
  ],
  "mcnemar_chi2": 88.13965087281795,
  "mcnemar_p": 0.0,
  "mcnemar_b": 106,
  "mcnemar_c": 295,
  "cohens_h": 0.2994182761427573,
  "mismatch_chi2": 516.2666666666667,
  "mismatch_p": 2.746525090755359e-114,
  "mismatch_counts": {
    "text": 534,
    "neither": 764,
    "ambiguous": 15,
    "image": 6
  },
  "mismatch_decidable": 540,
  "text_preference": 0.9888888888888889,
  "image_preference": 0.011111111111111112,
  "neither_rate": 0.579226686884003,
  "ambiguous_rate": 0.011372251705837756,
  "invalid_rate": 0.0,
  "elapsed_minutes": 534.3
}