{
  "n": 3088,
  "benchmark": "ai2d",
  "model": "HuggingFaceM4/Idefics3-8B-Llama3",
  "acc_multimodal": 0.7250647668393783,
  "acc_text_only": 0.5667098445595855,
  "acc_diff": 0.15835492227979275,
  "multimodal_ci_95": [
    0.7089470698340854,
    0.7407550432925621
  ],
  "text_ci_95": [
    0.5490141035071885,
    0.584279063826498
  ],
  "multimodal_boot_ci_95": [
    0.709520725388601,
    0.7406088082901554
  ],
  "text_boot_ci_95": [
    0.5495466321243523,
    0.584520725388601
  ],
  "mcnemar_chi2": 243.75025588536334,
  "mcnemar_p": 0.0,
  "mcnemar_b": 244,
  "mcnemar_c": 733,
  "cohens_h": 0.3330916705200486
}