{
  "n": 500,
  "acc_text": 0.364,
  "acc_img": 0.23,
  "acc_drop": -0.13399999999999998,
  "text_ci_95": [
    0.32173892611037225,
    0.40787974836336366
  ],
  "img_ci_95": [
    0.19380196825952178,
    0.2694251668461727
  ],
  "text_boot_ci_95": [
    0.322,
    0.406
  ],
  "img_boot_ci_95": [
    0.194,
    0.268
  ],
  "mcnemar_chi2": 29.632653061224488,
  "mcnemar_p": 5.221784427078546e-08,
  "mcnemar_b": 40,
  "mcnemar_c": 107,
  "cohens_h": 0.29496632667927125,
  "mismatch_chi2": 140.08333333333334,
  "mismatch_p": 2.55264667977041e-32,
  "mismatch_counts": {
    "invalid": 37,
    "text": 178,
    "neither": 259,
    "image": 14,
    "ambiguous": 12
  },
  "mismatch_decidable": 192,
  "text_preference": 0.9270833333333334,
  "image_preference": 0.07291666666666667,
  "neither_rate": 0.518,
  "ambiguous_rate": 0.024,
  "invalid_rate": 0.074,
  "benchmark": "math",
  "model": "OpenGVLab/InternVL2-8B"
}