{
  "n": 2017,
  "benchmark": "scienceqa",
  "model": "Qwen/Qwen2.5-VL-7B-Instruct",
  "acc_multimodal": 0.8477937530986613,
  "acc_text_only": 0.6479920674268715,
  "acc_diff": 0.1998016856717898,
  "multimodal_ci_95": [
    0.8313650477405774,
    0.8632042916775899
  ],
  "text_ci_95": [
    0.6266980440045351,
    0.6688550146591873
  ],
  "multimodal_boot_ci_95": [
    0.8319286068418443,
    0.8631631135349529
  ],
  "text_boot_ci_95": [
    0.6271566683192862,
    0.6683192860684184
  ],
  "mcnemar_chi2": 249.774343122102,
  "mcnemar_p": 0.0,
  "mcnemar_b": 122,
  "mcnemar_c": 525,
  "cohens_h": 0.46875167440005083
}