{
  "n": 254,
  "acc_text": 0.25984251968503935,
  "acc_img": 0.23622047244094488,
  "acc_drop": -0.023622047244094474,
  "text_ci_95": [
    0.2070291620594389,
    0.3183554620320712
  ],
  "img_ci_95": [
    0.185369523368166,
    0.2933405301760521
  ],
  "text_boot_ci_95": [
    0.20866141732283464,
    0.31496062992125984
  ],
  "img_boot_ci_95": [
    0.18503937007874016,
    0.2874015748031496
  ],
  "mcnemar_chi2": 0.3125,
  "mcnemar_p": 0.5761501220305788,
  "mcnemar_b": 37,
  "mcnemar_c": 43,
  "cohens_h": 0.05471089336800472,
  "mismatch_chi2": 0.0,
  "mismatch_p": 1.0,
  "mismatch_counts": {
    "invalid": 254
  },
  "mismatch_decidable": 0,
  "text_preference": null,
  "image_preference": null,
  "neither_rate": 0.0,
  "ambiguous_rate": 0.0,
  "invalid_rate": 1.0,
  "benchmark": "aqua_rat",
  "model": "llava-hf/llava-v1.6-mistral-7b-hf"
}