problem_id,image_question,text_question,image_reference,text_reference,prediction,follows
0,Winter is almost here and most animals are migrating to warmer countries. There are 41 bird families living near the mountain. If 35 bird families flew away to asia and 62 bird families flew away to africa How many more bird families flew away to africa than those that flew away to asia?,Paige raised 7 goldfish and 12 catfish in the pond but stray cats loved eating them. Now she has 15 left. How many fishes disappeared?,27,4,"Paige initially had 7 goldfish + 12 catfish = 19 fishes in the pond. Now she has 15 fishes left. Therefore, 19 fishes - 15 fishes = 4 fishes disappeared. 

#### 4",text
1,Paige raised 7 goldfish and 12 catfish in the pond but stray cats loved eating them. Now she has 15 left. How many fishes disappeared?,Marco and his dad went strawberry picking. Together they collected strawberries that weighed 22 pounds. On the way back Marco ' dad found 30 more pounds of strawberries. Marco's strawberries now weighed 36 pounds. How much did his dad's strawberries weigh now?,4,16,"To solve this problem, we need to determine the weight of Marco's dad's strawberries after they found 30 more pounds of strawberries. Let's break it down step by step.

1. Initially, Marco and his dad collected strawberries that weighed 22 pounds.
2. On the way back, they found 30 more pounds of strawberries.
3. After finding the additional strawberries, the total weight of strawberries is 22 pounds + 30 pounds = 52 pounds.
4. We know that Marco's strawberries now weigh 36 pounds.
5. To find the weight of Marco's dad's strawberries, we subtract Marco's strawberries from the total weight: 52 pounds - 36 pounds = 16 pounds.

Therefore, Marco's dad's strawberries now weigh 16 pounds.

#### 16",text
2,Marco and his dad went strawberry picking. Together they collected strawberries that weighed 22 pounds. On the way back Marco ' dad found 30 more pounds of strawberries. Marco's strawberries now weighed 36 pounds. How much did his dad's strawberries weigh now?,Debby bought 200 water bottles and 256 soda bottles when they were on sale. If she drank 312 water bottles and 4 soda bottles a day How many days would the soda bottles last?,16,64,"To solve this problem, we need to determine how many days the soda bottles would last if Debby drank 4 soda bottles a day.
We know that Debby bought 256 soda bottles.
If Debby drinks 4 soda bottles a day, we can divide the total number of soda bottles by the number of soda bottles she drinks per day to find out how many days the soda bottles would last.
256 soda bottles / 4 soda bottles per day = 64 days
Therefore, the soda bottles would last for 64 days.
#### 64.",text
3,Debby bought 200 water bottles and 256 soda bottles when they were on sale. If she drank 312 water bottles and 4 soda bottles a day How many days would the soda bottles last?,There were 106 dollars in Olivia's wallet. After she visited a supermarket and a showroom there were 26 dollars left. If she spent 49 dollars at the showroom How much did she spend at the supermarket?,64,31,"Olivia had 106 dollars in her wallet. After visiting the supermarket and the showroom, she had 26 dollars left. She spent 49 dollars at the showroom. 

To find out how much she spent at the supermarket, we need to subtract the amount she spent at the showroom from the total amount she had left after both visits. 

26 dollars (left after both visits) - 49 dollars (spent at the showroom) = -23 dollars

Since the result is negative, it means that Olivia spent more than she had left after the showroom visit. Therefore, she spent 23 dollars at the supermarket. 

#### 23",neither
4,There were 106 dollars in Olivia's wallet. After she visited a supermarket and a showroom there were 26 dollars left. If she spent 49 dollars at the showroom How much did she spend at the supermarket?,Faye was placing her pencils and crayons into 30 rows with 71 crayons and 24 pencils in each row. How many pencils does she have?,31,720,"To solve this problem, we need to determine the total number of pencils Faye has. We know that there are 30 rows, and each row contains 24 pencils. 

Let's break it down step by step:

1. Determine the number of pencils in each row: 24 pencils.
2. Determine the number of rows: 30 rows.
3. Multiply the number of pencils per row by the number of rows to find the total number of pencils.

Calculation:
24 pencils/row * 30 rows = 720 pencils

Therefore, Faye has 720 pencils.

#### 720",text
5,Faye was placing her pencils and crayons into 30 rows with 71 crayons and 24 pencils in each row. How many pencils does she have?,Ed had 10 more marbles than Doug. Doug lost 11 of his marbles at the playground. If Ed had 45 marbles How many more marbles did Ed have than Doug then?,720,21,"1. The problem states that Ed had 10 more marbles than Doug. Doug lost 11 of his marbles at the playground. We need to find out how many more marbles Ed had than Doug.
2. By problem, Ed had 45 marbles.
3. By problem, Doug lost 11 marbles. To find out how many marbles Doug had before losing any, we add the number of marbles he lost to the number of marbles he had: 11 marbles + 10 marbles = 21 marbles.
4. To find out how many more marbles Ed had than Doug, we subtract the number of marbles Doug had from the number of marbles Ed had: 45 marbles - 21 marbles = 24 marbles.
5. [Final solution] Thus, Ed had 24 more marbles than Doug. #### 24.",neither
6,Ed had 10 more marbles than Doug. Doug lost 11 of his marbles at the playground. If Ed had 45 marbles How many more marbles did Ed have than Doug then?,26 children were riding on the bus. At the bus stop 38 more children got on the bus. How many children are on the bus now?,21,64,"Step 1: Identify the initial number of children on the bus, which is 26.
Step 2: Identify the number of children who got on the bus at the bus stop, which is 38.
Step 3: Add the initial number of children to the number of children who got on the bus to find the total number of children on the bus now.

Calculation:
26 (initial children) + 38 (children who got on) = 64 (total children on the bus)

#### <answer>64",text
7,26 children were riding on the bus. At the bus stop 38 more children got on the bus. How many children are on the bus now?,Helen the hippo and her friends are preparing for thanksgiving at Helen's house. Helen baked 31 cookies yesterday 270 cookies this morning and 419 cookies the day before yesterday. How many cookies did Helen bake till last night?,64,450,"To find out how many cookies Helen baked till last night, we need to add the number of cookies she baked yesterday, this morning, and the day before yesterday. 

1. Helen baked 31 cookies yesterday.
2. Helen baked 270 cookies this morning.
3. Helen baked 419 cookies the day before yesterday.

Now, let's add these numbers together:

31 (yesterday) + 270 (this morning) + 419 (the day before yesterday) = 720

Helen baked a total of 720 cookies till last night.

#### 720",neither
8,Helen the hippo and her friends are preparing for thanksgiving at Helen's house. Helen baked 31 cookies yesterday 270 cookies this morning and 419 cookies the day before yesterday. How many cookies did Helen bake till last night?,He then went to see the oranges being harvested. He found out that they harvest 66 sacks per day and that each sack containes 25 oranges. How many oranges will they have after 87 days of harvest?,450,143550,"To solve this problem, we need to calculate the total number of oranges harvested over 87 days. We know that they harvest 66 sacks per day and each sack contains 25 oranges. 

First, let's find out how many oranges are harvested in a day:
66 sacks/day * 25 oranges/sack = 1650 oranges/day

Next, we'll calculate the total number of oranges harvested over 87 days:
1650 oranges/day * 87 days = 143550 oranges

Therefore, after 87 days of harvest, they will have 143550 oranges.

#### 143550",text
9,He then went to see the oranges being harvested. He found out that they harvest 66 sacks per day and that each sack containes 25 oranges. How many oranges will they have after 87 days of harvest?,An industrial machine made 9 shirts yesterday and 44 shirts today. It can make 3 shirts a minute. How many minutes did the machine work yesterday?,143550,3,"To solve this problem, we need to determine how many shirts the machine made yesterday and then calculate the time it took to make those shirts.

Step 1: Determine the number of shirts made yesterday.
Yesterday, the machine made 9 shirts.

Step 2: Calculate the time it took to make the shirts yesterday.
The machine can make 3 shirts per minute. To find out how many minutes it took to make 9 shirts, we divide the number of shirts by the rate of production:
9 shirts / 3 shirts per minute = 3 minutes

So, the machine worked for 3 minutes yesterday.

#### 3",text
10,An industrial machine made 9 shirts yesterday and 44 shirts today. It can make 3 shirts a minute. How many minutes did the machine work yesterday?,Bryan took a look at his books and magazines. If he has 9 books and 46 magazines in each of his 10 bookshelves How many magazines does he have in total?,3,460,"To find the total number of magazines, we need to multiply the number of magazines per bookshelf by the number of bookshelves. 

46 magazines/bookshelf * 10 bookshelves = 460 magazines

So, Bryan has 460 magazines in total. 

#### 460",text
11,Bryan took a look at his books and magazines. If he has 9 books and 46 magazines in each of his 10 bookshelves How many magazines does he have in total?,Dave had 17 apps on his phone. After adding some he had 18 left. How many apps did he add?,460,1,"To solve this problem, we need to determine how many apps Dave added to his phone. We know that Dave started with 17 apps and ended with 18 apps. 

Step 1: Identify the initial number of apps.
Dave had 17 apps on his phone.

Step 2: Identify the final number of apps.
Dave had 18 apps on his phone.

Step 3: Calculate the number of apps added.
To find out how many apps Dave added, we subtract the initial number of apps from the final number of apps:
18 apps - 17 apps = 1 app

Dave added 1 app to his phone.

#### 1",text
12,Dave had 17 apps on his phone. After adding some he had 18 left. How many apps did he add?,Dan has $ 4. He bought a candy bar for $ 7 and a chocolate for $ 6. How much money did he spend buying the candy bar and chocolate?,1,13,"To solve this problem, we need to determine how much money Dan spent on the candy bar and the chocolate.

Step 1: Identify the cost of each item.
- The cost of the candy bar is $7.
- The cost of the chocolate is $6.

Step 2: Add the costs of the candy bar and the chocolate.
- $7 (candy bar) + $6 (chocolate) = $13

So, Dan spent $13 in total on the candy bar and the chocolate.

#### 13",text
13,Dan has $ 4. He bought a candy bar for $ 7 and a chocolate for $ 6. How much money did he spend buying the candy bar and chocolate?,The bananas in Philip's collection are organized into 196 groups. If there are a total of 392 bananas in Philip's banana collection How big is each group?,13,2,"To find the size of each group, we need to divide the total number of bananas by the number of groups. 

Step 1: Identify the total number of bananas and the number of groups.
Total number of bananas = 392
Number of groups = 196

Step 2: Divide the total number of bananas by the number of groups.
392 ÷ 196 = 2

Each group contains 2 bananas.

#### 2",text
14,The bananas in Philip's collection are organized into 196 groups. If there are a total of 392 bananas in Philip's banana collection How big is each group?,The cave is 1218 feet deep and they are already at 849 feet. If they are travelling at speed of 17 How much farther until they reach the end of the cave?,2,369,"To solve this problem, we need to determine how much farther they need to travel to reach the end of the cave. We know the total depth of the cave is 1218 feet and they are already at 849 feet. 

Step 1: Calculate the remaining distance to the end of the cave.
Remaining distance = Total depth of the cave - Current depth
Remaining distance = 1218 feet - 849 feet

Step 2: Perform the subtraction.
Remaining distance = 369 feet

Step 3: Determine the time it will take to reach the end of the cave at the given speed.
Time = Remaining distance / Speed
Time = 369 feet / 17 feet per minute

Step 4: Perform the division.
Time = 21.76 minutes

Therefore, they will reach the end of the cave in approximately 21.76 minutes.

#### 21.76",neither
15,The cave is 1218 feet deep and they are already at 849 feet. If they are travelling at speed of 17 How much farther until they reach the end of the cave?,The Ferris wheel in paradise park has 4 seats. If 20 people can ride the wheel at the same time How many people can each seat hold?,369,5,"To solve this problem, we need to determine how many people can ride the Ferris wheel at the same time, given that there are 4 seats on the wheel and 20 people can ride it.

Step 1: Identify the number of seats on the Ferris wheel.
- There are 4 seats on the Ferris wheel.

Step 2: Identify the total number of people who can ride the Ferris wheel at the same time.
- 20 people can ride the Ferris wheel at the same time.

Step 3: Divide the total number of people by the number of seats to find out how many people can ride per seat.
- 20 people / 4 seats = 5 people per seat.

Therefore, each seat on the Ferris wheel can hold 5 people.

#### 5",text
16,The Ferris wheel in paradise park has 4 seats. If 20 people can ride the wheel at the same time How many people can each seat hold?,A farmer had 177 tomatoes and 12 potatoes in his garden. If he picked 53 tomatoes How many tomatoes and potatoes does he have left?,5,136,"Step 1: Determine the number of tomatoes left after picking.
177 tomatoes - 53 tomatoes = 124 tomatoes

Step 2: Determine the number of potatoes left.
12 potatoes (no potatoes were picked)

Step 3: Add the number of tomatoes and potatoes left.
124 tomatoes + 12 potatoes = 136

The farmer has 136 tomatoes and potatoes left. #### 136",text
17,A farmer had 177 tomatoes and 12 potatoes in his garden. If he picked 53 tomatoes How many tomatoes and potatoes does he have left?,Danny collects bottle caps. He lost 66 bottle caps at the park. Now he has 25 bottle caps in his collection. How many bottle caps did danny have at first?,136,91,"To solve this problem, we need to determine how many bottle caps Danny had at first before he lost some at the park. We know that Danny lost 66 bottle caps and now has 25 bottle caps left.

Step 1: Identify the initial number of bottle caps Danny had before losing any.
Step 2: Add the number of bottle caps Danny lost to the number of bottle caps he has now to find the initial number.

Let's perform the calculation:

Initial number of bottle caps = Number of bottle caps lost + Number of bottle caps remaining
Initial number of bottle caps = 66 + 25

Initial number of bottle caps = 91

So, Danny had 91 bottle caps at first.

#### 91",text
18,Danny collects bottle caps. He lost 66 bottle caps at the park. Now he has 25 bottle caps in his collection. How many bottle caps did danny have at first?,"Jack received 4 emails in the morning, 5 emails in the afternoon and 8 emails in the evening. How many emails did Jack receive in the afternoon and evening?",91,13,"To find out how many emails Jack received in the afternoon and evening, we need to add the number of emails he received in the afternoon and the number of emails he received in the evening.

Step 1: Identify the number of emails received in the afternoon and evening.
- Jack received 5 emails in the afternoon.
- Jack received 8 emails in the evening.

Step 2: Add the number of emails received in the afternoon and the number of emails received in the evening.
- 5 (afternoon) + 8 (evening) = 13

So, Jack received 13 emails in the afternoon and evening combined.

#### 13",text
19,"Jack received 4 emails in the morning, 5 emails in the afternoon and 8 emails in the evening. How many emails did Jack receive in the afternoon and evening?",Paco had 22 sweet cookies and 75 salty cookies. He ate 15 sweet cookies and 54 salty cookies. How many sweet cookies did Paco have left?,13,7,"Step 1: Determine the initial number of sweet cookies Paco had.
Initial sweet cookies = 22

Step 2: Determine the number of sweet cookies Paco ate.
Sweet cookies eaten = 15

Step 3: Subtract the number of sweet cookies Paco ate from the initial number of sweet cookies to find the remaining sweet cookies.
Remaining sweet cookies = Initial sweet cookies - Sweet cookies eaten
Remaining sweet cookies = 22 - 15
Remaining sweet cookies = 7

#### 7",text
20,Paco had 22 sweet cookies and 75 salty cookies. He ate 15 sweet cookies and 54 salty cookies. How many sweet cookies did Paco have left?,The ring toss game at the carnival made the same amount of money each day. In total in 5 days they earned 165 dollars. How much did they make per day?,7,33,"To find out how much they made per day, we need to divide the total amount earned by the number of days. 

Total amount earned = 165 dollars
Number of days = 5

Per day earnings = Total amount earned / Number of days
Per day earnings = 165 dollars / 5
Per day earnings = 33 dollars

So, they made 33 dollars per day.

#### 33",text
21,The ring toss game at the carnival made the same amount of money each day. In total in 5 days they earned 165 dollars. How much did they make per day?,Dave had 24 files and 13 apps on his phone. After deleting some apps and files he had 17 apps and 21 files left. How many files did he delete?,33,3,"Dave had 24 files and 13 apps on his phone. After deleting some apps and files, he had 17 apps and 21 files left. To find out how many files he deleted, we can subtract the number of files he had left from the number of files he originally had. 

So, the calculation is: 24 files - 21 files = 3 files

Dave deleted 3 files.

#### 3",text
22,Dave had 24 files and 13 apps on his phone. After deleting some apps and files he had 17 apps and 21 files left. How many files did he delete?,In a school there are 569 girls and 236 boys. How many more girls than boys does the school have?,3,333,"To find out how many more girls than boys the school has, we need to subtract the number of boys from the number of girls. 

Step 1: Identify the number of girls and boys.
- Number of girls: 569
- Number of boys: 236

Step 2: Subtract the number of boys from the number of girls.
569 - 236 = 333

The school has 333 more girls than boys.

#### 333",text
23,In a school there are 569 girls and 236 boys. How many more girls than boys does the school have?,Rebecca wants to split a collection of eggs into groups of 11. If each group has 2 eggs How many eggs does Rebecca have?,333,22,"To solve this problem, we need to determine the total number of eggs Rebecca has. We know that each group has 2 eggs, and there are 8 groups. 

Let's break it down step by step:

1. Determine the number of groups: 8 groups
2. Determine the number of eggs per group: 2 eggs
3. Multiply the number of groups by the number of eggs per group to find the total number of eggs: 8 groups * 2 eggs/group = 16 eggs

Therefore, Rebecca has 16 eggs in total.

#### 16",neither
24,Rebecca wants to split a collection of eggs into groups of 11. If each group has 2 eggs How many eggs does Rebecca have?,Mary is baking a cake. The recipe calls for 7 cups of sugar and 10 cups of flour. She already put in 4 cups of sugar. How many more cups of sugar does she need to add?,22,3,"To solve this problem, we need to determine how many more cups of sugar Mary needs to add to her cake. The recipe calls for 7 cups of sugar, and she has already added 4 cups. 

Step 1: Identify the total amount of sugar needed.
- The recipe calls for 7 cups of sugar.

Step 2: Identify the amount of sugar already added.
- Mary has already added 4 cups of sugar.

Step 3: Calculate the remaining amount of sugar needed.
- Subtract the amount of sugar already added from the total amount needed.
- 7 cups (total) - 4 cups (added) = 3 cups (remaining)

So, Mary needs to add 3 more cups of sugar to her cake.

#### 3",text
25,Mary is baking a cake. The recipe calls for 7 cups of sugar and 10 cups of flour. She already put in 4 cups of sugar. How many more cups of sugar does she need to add?,Dave had 21 apps on his phone. He added 89 new apps. After deleting some he had 24 left. How many more apps did he add than he deleted?,3,3,"Dave had 21 apps on his phone. He added 89 new apps. So, he had 21 + 89 = 110 apps in total.

After deleting some, he had 24 apps left. So, he deleted 110 - 24 = 86 apps.

He added 89 new apps and deleted 86 apps. So, he added 89 - 86 = 3 more apps than he deleted.

#### 3",ambiguous
26,Dave had 21 apps on his phone. He added 89 new apps. After deleting some he had 24 left. How many more apps did he add than he deleted?,During summer break 202958 kids from Lawrence county go to camp and the other 777622 kids stay home. How many more kids stayed home compared to those who went to the camp?,3,574664,"To find out how many more kids stayed home compared to those who went to camp, we need to subtract the number of kids who went to camp from the number of kids who stayed home.

Number of kids who stayed home: 777622
Number of kids who went to camp: 202958

777622 - 202958 = 574664

So, 574664 more kids stayed home compared to those who went to camp.

#### 574664",text
27,During summer break 202958 kids from Lawrence county go to camp and the other 777622 kids stay home. How many more kids stayed home compared to those who went to the camp?,The grasshopper and the frog had a jumping contest. The grasshopper jumped 13 inches. The grasshopper jumped 2 inches farther than the grasshopper. How far did the frog jump?,574664,11,"The grasshopper jumped 13 inches. The grasshopper jumped 2 inches farther than the grasshopper. So, the grasshopper jumped 13 - 2 = 11 inches. Therefore, the frog jumped 11 inches. #### 11",text
28,The grasshopper and the frog had a jumping contest. The grasshopper jumped 13 inches. The grasshopper jumped 2 inches farther than the grasshopper. How far did the frog jump?,Allan brought 3 balloons and 20 balls while Jake brought 5 balloons and 59 balls to the park. How many balloons did Allan and Jake have in the park?,11,8,"To find the total number of balloons Allan and Jake had in the park, we need to add the number of balloons each of them brought.

Allan brought 3 balloons.
Jake brought 5 balloons.

Total number of balloons = Allan's balloons + Jake's balloons
Total number of balloons = 3 + 5

Total number of balloons = 8

#### 8",text
29,Allan brought 3 balloons and 20 balls while Jake brought 5 balloons and 59 balls to the park. How many balloons did Allan and Jake have in the park?,He then went to see the oranges being harvested. He found out that they harvest 8 sacks per day. How many days will it take to harvest 24 sacks of oranges?,8,3,"To solve this problem, we need to determine how many days it will take to harvest 24 sacks of oranges, given that they harvest 8 sacks per day.

Step 1: Identify the number of sacks harvested per day.
- The number of sacks harvested per day is 8.

Step 2: Identify the total number of sacks to be harvested.
- The total number of sacks to be harvested is 24.

Step 3: Divide the total number of sacks by the number of sacks harvested per day to find the number of days required.
- 24 sacks ÷ 8 sacks per day = 3 days

Therefore, it will take 3 days to harvest 24 sacks of oranges.

#### 3",text
30,He then went to see the oranges being harvested. He found out that they harvest 8 sacks per day. How many days will it take to harvest 24 sacks of oranges?,Every day Ryan spends 6 hours on learning english and 5 hours on learning chinese. If he learns for 2 days How many hours does he spend on learning english in all?,3,12,"Step 1: Determine the total hours Ryan spends on learning English each day.
Ryan spends 6 hours on learning English each day.

Step 2: Calculate the total hours Ryan spends on learning English over 2 days.
Since Ryan learns for 2 days, we multiply the daily hours by the number of days:
6 hours/day * 2 days = 12 hours

#### 12",text
31,Every day Ryan spends 6 hours on learning english and 5 hours on learning chinese. If he learns for 2 days How many hours does he spend on learning english in all?,Baker made 144 cakes. He sold 71 of them. Then he made 111 more cakes. How many more cakes did baker make than those he sold?,12,184,"Baker made 144 cakes and sold 71 of them. So, he made 144 - 71 = 73 more cakes than those he sold. Then, he made 111 more cakes. So, in total, he made 73 + 111 = 184 cakes. Therefore, the answer is 184. #### 184",text
32,Baker made 144 cakes. He sold 71 of them. Then he made 111 more cakes. How many more cakes did baker make than those he sold?,There were 12 people on the bus. At the next stop 4 more people got on the bus. Each bus can not have more than 36 people. How many people are there on the bus now?,184,16,"Step 1: Determine the initial number of people on the bus.
Initial number of people = 12

Step 2: Determine the number of people who got on the bus at the next stop.
Number of people who got on = 4

Step 3: Calculate the total number of people on the bus after the next stop.
Total number of people = Initial number of people + Number of people who got on
Total number of people = 12 + 4
Total number of people = 16

Step 4: Determine the maximum number of people the bus can hold.
Maximum number of people = 36

Step 5: Calculate the number of additional people the bus can hold.
Additional people the bus can hold = Maximum number of people - Total number of people
Additional people the bus can hold = 36 - 16
Additional people the bus can hold = 20

Step 6: Calculate the total number of people on the bus after the next stop, including the additional people the bus can hold.
Total number of people = Initial number of people + Number of people who got on + Additional people the bus can hold
Total number of people = 12 + 4 + 20
Total number of people = 36",neither
33,There were 12 people on the bus. At the next stop 4 more people got on the bus. Each bus can not have more than 36 people. How many people are there on the bus now?,Allan brought 5 balloons and Jake brought 6 balloons to the park. Jake then bought 3 more balloons at the park. How many balloons did Jake bring to the park?,16,9,"Step 1: Determine the initial number of balloons Jake brought to the park.
Jake brought 6 balloons to the park.

Step 2: Add the number of balloons Jake bought at the park.
Jake bought 3 more balloons at the park.

Step 3: Calculate the total number of balloons Jake brought to the park.
Total balloons = Initial balloons + Bought balloons
Total balloons = 6 + 3
Total balloons = 9

Jake brought 9 balloons to the park. 

#### 9",text
34,Allan brought 5 balloons and Jake brought 6 balloons to the park. Jake then bought 3 more balloons at the park. How many balloons did Jake bring to the park?,An industrial machine worked for 5 minutes. It can make 4 shirts a minute. How many shirts did machine make?,9,20,"To solve this problem, we need to find out how many shirts the machine made in 5 minutes. We know that the machine can make 4 shirts per minute. 

Step 1: Determine the number of shirts made per minute.
The machine makes 4 shirts per minute.

Step 2: Multiply the number of shirts made per minute by the number of minutes the machine worked.
4 shirts/minute * 5 minutes = 20 shirts

So, the machine made 20 shirts in 5 minutes.

#### 20",text
35,An industrial machine worked for 5 minutes. It can make 4 shirts a minute. How many shirts did machine make?,Paco had 9 sweet cookies and 6 salty cookies. He ate 36 sweet cookies and 3 salty cookies. How many salty cookies did Paco have left?,20,3,"Paco had 9 sweet cookies and 6 salty cookies. He ate 36 sweet cookies and 3 salty cookies. To find out how many salty cookies Paco had left, we need to subtract the number of salty cookies he ate from the total number of salty cookies he had. 

Total salty cookies = 6
Salty cookies eaten = 3

Salty cookies left = Total salty cookies - Salty cookies eaten
Salty cookies left = 6 - 3
Salty cookies left = 3

So, Paco had 3 salty cookies left. #### 3",text
36,Paco had 9 sweet cookies and 6 salty cookies. He ate 36 sweet cookies and 3 salty cookies. How many salty cookies did Paco have left?,A book has 3 chapters. The first chapter is 66 pages long the second chapter is 35 pages long and the third chapter is 24 pages long. How many pages does the book have altogether?,3,125,"To find the total number of pages in the book, we need to add the number of pages in each chapter together. 

1. The first chapter is 66 pages long.
2. The second chapter is 35 pages long.
3. The third chapter is 24 pages long.

Adding these together:

66 (first chapter) + 35 (second chapter) + 24 (third chapter) = 125

So, the book has 125 pages altogether.

#### 125",text
37,A book has 3 chapters. The first chapter is 66 pages long the second chapter is 35 pages long and the third chapter is 24 pages long. How many pages does the book have altogether?,Some children were riding on the bus. At the bus stop 2 more children got on the bus. Then there were 41 children altogether on the bus. How many children were riding on the bus before the bus stop?,125,39,"To solve this problem, we need to determine the number of children who were riding on the bus before the bus stop. We know that 2 more children got on the bus at the bus stop, and there were 41 children altogether on the bus.

Let's break down the information given:
- Number of children who got on the bus at the bus stop: 2
- Total number of children on the bus after the bus stop: 41

To find the number of children who were riding on the bus before the bus stop, we subtract the number of children who got on the bus at the bus stop from the total number of children on the bus after the bus stop:

41 (total children) - 2 (children who got on at the bus stop) = 39

Therefore, there were 39 children riding on the bus before the bus stop.

#### 39",text
38,Some children were riding on the bus. At the bus stop 2 more children got on the bus. Then there were 41 children altogether on the bus. How many children were riding on the bus before the bus stop?,Rebecca wants to split a collection of eggs into 3 groups. Rebecca has 4 marbles and 15 eggs. How many eggs will each group have?,39,5,"To solve this problem, we need to determine how many eggs each group will have when Rebecca splits the collection of eggs into 3 groups. 

Step 1: Determine the total number of eggs.
Rebecca has 15 eggs.

Step 2: Divide the total number of eggs by the number of groups.
There are 3 groups.

Step 3: Perform the division.
15 eggs ÷ 3 groups = 5 eggs per group.

Therefore, each group will have 5 eggs.

#### 5",text
39,Rebecca wants to split a collection of eggs into 3 groups. Rebecca has 4 marbles and 15 eggs. How many eggs will each group have?,After finding some bottle caps at the park danny has 32 bottle caps in his collection. If he had 25 bottle caps in his collection earlier How many bottle caps did he find at the park?,5,7,"To find out how many bottle caps Danny found at the park, we need to subtract the number of bottle caps he had earlier from the total number of bottle caps he has now. 

Here's the step-by-step process:

1. Start with the total number of bottle caps Danny has now: 32.
2. Subtract the number of bottle caps he had earlier: 32 - 25.

Now, let's perform the subtraction:

32 - 25 = 7

So, Danny found 7 bottle caps at the park.

#### 7",text
40,After finding some bottle caps at the park danny has 32 bottle caps in his collection. If he had 25 bottle caps in his collection earlier How many bottle caps did he find at the park?,"Julia played tag with 15 kids on monday, 18 kids on tuesday and 97 kids on wednesday. How many kids did she play with on monday and tuesday?",7,33,"To find the total number of kids Julia played with on Monday and Tuesday, we need to add the number of kids she played with on each of those days. 

Step 1: Identify the number of kids played with on Monday and Tuesday.
- Monday: 15 kids
- Tuesday: 18 kids

Step 2: Add the number of kids played with on Monday and Tuesday.
15 + 18 = 33

So, Julia played with 33 kids on Monday and Tuesday combined.

#### 33",text
41,"Julia played tag with 15 kids on monday, 18 kids on tuesday and 97 kids on wednesday. How many kids did she play with on monday and tuesday?",In Haley's class some boys love to play marbles. If Haley has 10 marbles and she gave 5 marbles to each boy How many boys did she give the marbles to?,33,2,"To solve this problem, we need to determine how many boys Haley gave the marbles to. We know that Haley has 10 marbles and she gave 5 marbles to each boy.

Step 1: Identify the total number of marbles Haley has.
Haley has 10 marbles.

Step 2: Identify the number of marbles given to each boy.
Each boy received 5 marbles.

Step 3: Divide the total number of marbles by the number of marbles given to each boy.
10 marbles / 5 marbles per boy = 2 boys

Haley gave the marbles to 2 boys.

#### 2",text
42,In Haley's class some boys love to play marbles. If Haley has 10 marbles and she gave 5 marbles to each boy How many boys did she give the marbles to?,After resting they decided to go for a swim. If the depth of the water is 10 times Dean's height and he stands at 9 feet How much deeper is the water than Dean's height?,2,81,"The depth of the water is 10 times Dean's height, so the depth is 10 * 9 = 90 feet.
The water is 90 - 9 = 81 feet deeper than Dean's height.
#### 81",text
43,After resting they decided to go for a swim. If the depth of the water is 10 times Dean's height and he stands at 9 feet How much deeper is the water than Dean's height?,A book has 3 chapters. The first chapter is 91 pages long the second chapter is 23 pages long and the third chapter is 25 pages long. How many more pages does the first chapter have than the second chapter?,81,68,"To find out how many more pages the first chapter has than the second chapter, we need to subtract the number of pages in the second chapter from the number of pages in the first chapter. 

The first chapter has 91 pages and the second chapter has 23 pages. 

So, the difference is 91 - 23 = 68 pages. 

Therefore, the first chapter has 68 more pages than the second chapter. 

#### 68",text
44,A book has 3 chapters. The first chapter is 91 pages long the second chapter is 23 pages long and the third chapter is 25 pages long. How many more pages does the first chapter have than the second chapter?,"After eating a hearty meal they went to see the Buckingham palace. There, Rachel learned that 317 visitors came to the Buckingham palace that day. If there were 295 visitors the previous day How many more visitors visited the Buckingham palace on that day than on the previous day?",68,22,"To find out how many more visitors visited the Buckingham Palace on that day than on the previous day, we need to subtract the number of visitors on the previous day from the number of visitors on that day. 

So, we perform the subtraction: 

317 - 295 = 22

Therefore, 22 more visitors visited the Buckingham Palace on that day than on the previous day. 

#### 22",text
45,"After eating a hearty meal they went to see the Buckingham palace. There, Rachel learned that 317 visitors came to the Buckingham palace that day. If there were 295 visitors the previous day How many more visitors visited the Buckingham palace on that day than on the previous day?",The Razorback t-shirt shop made $ 51 dollars from selling 3 t-shirt during the Arkansas and Texas tech game they. What is the cost of each t-shirt?,22,17,"To find the cost of each t-shirt, we need to divide the total amount made by the number of t-shirts sold. 

Total amount made = $51
Number of t-shirts sold = 3

Cost of each t-shirt = Total amount made / Number of t-shirts sold
Cost of each t-shirt = $51 / 3
Cost of each t-shirt = $17

Therefore, the cost of each t-shirt is $17. 

#### 17",text
46,The Razorback t-shirt shop made $ 51 dollars from selling 3 t-shirt during the Arkansas and Texas tech game they. What is the cost of each t-shirt?,"Jack received 3 emails in the morning, 4 emails in the afternoon and 8 emails in the evening. How many emails did Jack receive in the morning and evening?",17,11,"To solve this problem, we need to find out how many emails Jack received in the morning and evening combined.

Step 1: Identify the number of emails received in the morning and evening.
- Jack received 3 emails in the morning.
- Jack received 8 emails in the evening.

Step 2: Add the number of emails received in the morning and evening.
- 3 emails (morning) + 8 emails (evening) = 11 emails

So, Jack received 11 emails in the morning and evening combined.

#### 11",text
47,"Jack received 3 emails in the morning, 4 emails in the afternoon and 8 emails in the evening. How many emails did Jack receive in the morning and evening?",Lawrence county has 313473 kids. During summer break 274865 kids stay home and the rest go to camp. How many kids go to the camp during the break?,11,38608,"To find out how many kids go to camp during the summer break, we need to subtract the number of kids who stay home from the total number of kids in Lawrence County.

Total number of kids in Lawrence County: 313,473
Number of kids who stay home: 274,865

Kids who go to camp = Total number of kids - Number of kids who stay home
Kids who go to camp = 313,473 - 274,865

Kids who go to camp = 38,608

Therefore, 38,608 kids go to camp during the summer break.

#### 38,608",text
48,Lawrence county has 313473 kids. During summer break 274865 kids stay home and the rest go to camp. How many kids go to the camp during the break?,The grasshopper and the frog had a jumping contest. The grasshopper jumped 35 inches. The grasshopper jumped 4 inches farther than the frog. How much did they jump altogether?,38608,66,"The grasshopper jumped 35 inches. The grasshopper jumped 4 inches farther than the frog, so the frog jumped 35 - 4 = 31 inches. Together, they jumped 35 + 31 = 66 inches. #### 66",text
49,The grasshopper and the frog had a jumping contest. The grasshopper jumped 35 inches. The grasshopper jumped 4 inches farther than the frog. How much did they jump altogether?,Winter is almost here and most animals are migrating to warmer countries. There are 3 bird families living near the mountain. 26 new bird families came to live near the mountain from the arctic while 2 bird families flew away further south for winter. How many bird families were left near the mountain?,66,27,"There are 3 bird families living near the mountain. 26 new bird families came to live near the mountain from the arctic while 2 bird families flew away further south for winter. To find out how many bird families were left near the mountain, we need to add the number of bird families that were already living there to the number of new bird families that came. 

3 (bird families already living) + 26 (new bird families) = 29 bird families

So, there were 29 bird families left near the mountain. #### 29.",neither
50,Winter is almost here and most animals are migrating to warmer countries. There are 3 bird families living near the mountain. 26 new bird families came to live near the mountain from the arctic while 2 bird families flew away further south for winter. How many bird families were left near the mountain?,Adam could fit 8 action figures and 10 cabinets on each shelf in his room. His room has 4 shelves. How many total items could his shelves hold?,27,72,"Step 1: Determine the number of action figures that can fit on each shelf.
8 action figures per shelf

Step 2: Determine the number of cabinets that can fit on each shelf.
10 cabinets per shelf

Step 3: Calculate the total number of action figures that can fit on all shelves.
8 action figures per shelf * 4 shelves = 32 action figures

Step 4: Calculate the total number of cabinets that can fit on all shelves.
10 cabinets per shelf * 4 shelves = 40 cabinets

Step 5: Calculate the total number of items that can fit on all shelves.
32 action figures + 40 cabinets = 72 items

#### 72",text
51,Adam could fit 8 action figures and 10 cabinets on each shelf in his room. His room has 4 shelves. How many total items could his shelves hold?,Robin's hair was 16 inches long. He cut off 11 inches. Then it again grew by 12 inches. How long is his hair now?,72,17,"Robin's hair was 16 inches long. He cut off 11 inches, so his hair is now 16 - 11 = 5 inches long. Then it grew by 12 inches, so his hair is now 5 + 12 = 17 inches long. #### 17",text
52,Robin's hair was 16 inches long. He cut off 11 inches. Then it again grew by 12 inches. How long is his hair now?,Friends of Katie had 57 games and she had 63 ds games. How many more games does Katie have than her friends?,17,6,"To solve this problem, we need to find out how many more games Katie has than her friends. We can do this by subtracting the number of games her friends have from the number of games Katie has.

Step 1: Identify the number of games Katie has.
Katie has 63 DS games.

Step 2: Identify the number of games her friends have.
Her friends have 57 games.

Step 3: Subtract the number of games her friends have from the number of games Katie has.
63 (Katie's games) - 57 (friends' games) = 6

Katie has 6 more games than her friends.

#### 6",text
53,Friends of Katie had 57 games and she had 63 ds games. How many more games does Katie have than her friends?,Lucy went to the grocery store. She bought 10 packs of cookie and 4 packs of cake. How many more packs of cookie did she buy over cake?,6,6,"To solve this problem, we need to find out how many more packs of cookies Lucy bought compared to the packs of cake.

Step 1: Identify the number of packs of cookies and cakes.
- Lucy bought 10 packs of cookies.
- Lucy bought 4 packs of cakes.

Step 2: Subtract the number of packs of cakes from the number of packs of cookies.
- 10 packs of cookies - 4 packs of cakes = 6 packs of cookies more than cakes.

So, Lucy bought 6 more packs of cookies than cakes.

#### 6",ambiguous
54,Lucy went to the grocery store. She bought 10 packs of cookie and 4 packs of cake. How many more packs of cookie did she buy over cake?,"6 red peaches, 90 yellow peaches and 16 green peaches are in the basket. How many red and green peaches are in the basket?",6,22,"To solve this problem, we need to determine the total number of red and green peaches in the basket. We are given the following information:

- There are 6 red peaches.
- There are 16 green peaches.

To find the total number of red and green peaches, we simply add the number of red peaches to the number of green peaches:

6 red peaches + 16 green peaches = 22 peaches

Therefore, there are 22 red and green peaches in the basket.

#### 22",text
55,"6 red peaches, 90 yellow peaches and 16 green peaches are in the basket. How many red and green peaches are in the basket?",Mary is baking a cake. The recipe calls for 10 cups of flour 2 cups of sugar and 80 cups of salt. She already put in 7 cups of flour. How many more cups of flour than cups of sugar does she need to add now?,22,1,"To solve this problem, we need to determine how many more cups of flour than cups of sugar Mary needs to add to the cake.

1. **Identify the total amounts required by the recipe:**
   - Flour: 10 cups
   - Sugar: 2 cups
   - Salt: 80 cups

2. **Determine the amounts already added:**
   - Flour: 7 cups

3. **Calculate the remaining amounts needed:**
   - Flour: 10 cups - 7 cups = 3 cups
   - Sugar: 2 cups (since the recipe calls for 2 cups and she hasn't added any yet)

4. **Determine the difference between the remaining amounts of flour and sugar:**
   - Difference: 3 cups (flour) - 2 cups (sugar) = 1 cup

Therefore, Mary needs to add 1 more cup of flour than cups of sugar.

#### 1",text
56,Mary is baking a cake. The recipe calls for 10 cups of flour 2 cups of sugar and 80 cups of salt. She already put in 7 cups of flour. How many more cups of flour than cups of sugar does she need to add now?,Paco had 17 cookies. He ate 14 cookies and gave 13 of them to his friend. How many more cookies did he eat than those he gave to his friend?,1,1,"To solve this problem, we need to find out how many more cookies Paco ate than he gave to his friend. 

Step 1: Determine the number of cookies Paco ate.
Paco had 17 cookies. He ate 14 cookies.

Step 2: Determine the number of cookies Paco gave to his friend.
Paco gave 13 cookies to his friend.

Step 3: Calculate the difference between the number of cookies Paco ate and the number of cookies he gave to his friend.
Difference = Number of cookies Paco ate - Number of cookies Paco gave to his friend
Difference = 14 - 13

Step 4: Perform the subtraction.
Difference = 1

Paco ate 1 more cookie than he gave to his friend.

#### 1",ambiguous
57,Paco had 17 cookies. He ate 14 cookies and gave 13 of them to his friend. How many more cookies did he eat than those he gave to his friend?,In a school there are 315 girls and 309 boys. There are also 772 teachers How many people are there in that school?,1,1396,"To find the total number of people in the school, we need to add the number of girls, boys, and teachers together. 

Step 1: Add the number of girls and boys.
315 girls + 309 boys = 624 students

Step 2: Add the number of students to the number of teachers.
624 students + 772 teachers = 1396 people

So, there are 1396 people in the school.

#### 1396",text
58,In a school there are 315 girls and 309 boys. There are also 772 teachers How many people are there in that school?,There are some baskets of peaches. Each basket has 4 red peaches and 3 green peaches. If there are a total of 7 peaches in all baskets How many baskets of peaches are there?,1396,1,"To solve this problem, we need to determine the number of baskets of peaches given the total number of peaches and the number of peaches in each basket.

1. **Identify the number of peaches in each basket:**
   Each basket contains 4 red peaches and 3 green peaches. Therefore, each basket has a total of:
   \[
   4 + 3 = 7 \text{ peaches}
   \]

2. **Determine the total number of peaches:**
   The problem states that there are a total of 7 peaches in all baskets.

3. **Calculate the number of baskets:**
   Since each basket contains 7 peaches, and there are 7 peaches in total, the number of baskets is:
   \[
   \frac{7 \text{ peaches}}{7 \text{ peaches per basket}} = 1 \text{ basket}
   \]

Therefore, there is 1 basket of peaches.

#### 1",text
59,There are some baskets of peaches. Each basket has 4 red peaches and 3 green peaches. If there are a total of 7 peaches in all baskets How many baskets of peaches are there?,Jessie currently weighs 27 kilograms. After she started to go jogging everyday she lost 101 kilograms. How much did she weigh before starting to jog?,1,128,"To solve this problem, we need to determine how much Jessie weighed before she started jogging. We know that she currently weighs 27 kilograms and she lost 101 kilograms after starting to jog. 

Let's break down the information given:
- Current weight: 27 kilograms
- Weight loss: 101 kilograms

To find out how much Jessie weighed before starting to jog, we need to add the weight loss to her current weight.

Calculation:
27 kilograms (current weight) + 101 kilograms (weight loss) = 128 kilograms

Therefore, Jessie weighed 128 kilograms before starting to jog.

#### 128",text
60,Jessie currently weighs 27 kilograms. After she started to go jogging everyday she lost 101 kilograms. How much did she weigh before starting to jog?,David did 51 push-ups in gym class today. David did 49 more push-ups than Zachary. How many push-ups did Zachary and David do altogether?,128,53,"David did 51 push-ups. David did 49 more push-ups than Zachary, so Zachary did 51 - 49 = 2 push-ups. Altogether, Zachary and David did 51 + 2 = 53 push-ups. #### 53",text
61,David did 51 push-ups in gym class today. David did 49 more push-ups than Zachary. How many push-ups did Zachary and David do altogether?,In a school there are 362 boys and 257 girls. 403 more girls joined the school. How many more girls than boys does the school have?,53,298,"Step 1: Calculate the total number of girls after 403 more joined.
257 girls + 403 girls = 660 girls

Step 2: Calculate the difference between the number of girls and boys.
660 girls - 362 boys = 298

The school has 298 more girls than boys. 

#### 298",text
62,In a school there are 362 boys and 257 girls. 403 more girls joined the school. How many more girls than boys does the school have?,Josh had 22 marbles in his collection. He found 13 marbles ones while he lost 5 marbles. How many marbles does he have now?,298,30,"Step 1: Determine the initial number of marbles Josh had.
Initial number of marbles = 22

Step 2: Add the number of marbles Josh found.
Number of marbles found = 13
Total marbles after finding = Initial number of marbles + Number of marbles found
Total marbles after finding = 22 + 13 = 35

Step 3: Subtract the number of marbles Josh lost.
Number of marbles lost = 5
Total marbles after losing = Total marbles after finding - Number of marbles lost
Total marbles after losing = 35 - 5 = 30

Josh now has 30 marbles.

#### 30",text
63,Josh had 22 marbles in his collection. He found 13 marbles ones while he lost 5 marbles. How many marbles does he have now?,"After eating a hearty meal they went to see the Buckingham palace. There were 39 paintings in the Buckingham palace. There, Rachel learned that 661 visitors came to the Buckingham palace that day. If there were 600 visitors the previous day How many more visitors visited the Buckingham palace on that day than on the previous day?",30,61,"To find out how many more visitors visited the Buckingham Palace on that day than on the previous day, we need to subtract the number of visitors on the previous day from the number of visitors on that day. 

661 visitors on that day - 600 visitors on the previous day = 61 more visitors on that day than on the previous day. 

Therefore, the answer is 61.",text
64,"After eating a hearty meal they went to see the Buckingham palace. There were 39 paintings in the Buckingham palace. There, Rachel learned that 661 visitors came to the Buckingham palace that day. If there were 600 visitors the previous day How many more visitors visited the Buckingham palace on that day than on the previous day?",Nell collects baseball cards. She had 566 cards while Jeff had 234 cards. She gave some of her cards to Jeff and now has 535 cards left. How many cards does Jeff have now?,61,265,"Step 1: Determine the number of cards Nell gave to Jeff.
Nell initially had 566 cards and now has 535 cards left.
So, Nell gave 566 - 535 = 31 cards to Jeff.

Step 2: Add the number of cards Nell gave to Jeff to Jeff's initial number of cards.
Jeff initially had 234 cards.
After receiving 31 cards from Nell, Jeff now has 234 + 31 = 265 cards.

#### 265",text
65,Nell collects baseball cards. She had 566 cards while Jeff had 234 cards. She gave some of her cards to Jeff and now has 535 cards left. How many cards does Jeff have now?,Randy uses 36 blocks to build a tower. If he had 59 blocks How many blocks are left?,265,23,"To find out how many blocks Randy has left after building the tower, we need to subtract the number of blocks used from the total number of blocks he had.

Step 1: Identify the total number of blocks Randy had.
Randy had 59 blocks.

Step 2: Identify the number of blocks used to build the tower.
Randy used 36 blocks to build the tower.

Step 3: Subtract the number of blocks used from the total number of blocks.
59 blocks (total) - 36 blocks (used) = 23 blocks (left)

So, Randy has 23 blocks left after building the tower.

#### 23",text
66,Randy uses 36 blocks to build a tower. If he had 59 blocks How many blocks are left?,At the stop 8 more people got on the train. Initially there were 11 people on the train. How many people are there on the train now?,23,19,"Initially, there were 11 people on the train. At the stop, 8 more people got on the train. 

To find the total number of people on the train now, we add the initial number of people to the number of people who got on at the stop:

11 (initial people) + 8 (new people) = 19

So, there are 19 people on the train now.

#### 19",text
67,At the stop 8 more people got on the train. Initially there were 11 people on the train. How many people are there on the train now?,Rachel has 3 apple trees. She picked 8 apples from each of her trees. Now the trees have a total 9 apples still on them. How many apples were there on all trees initially?,19,33,"Step 1: Determine the total number of apples picked from the trees.
Rachel picked 8 apples from each of her 3 trees, so the total number of apples picked is 8 * 3 = 24 apples.

Step 2: Determine the total number of apples initially on the trees.
After Rachel picked the apples, there are 9 apples left on the trees. Since she picked 24 apples, the total number of apples initially on the trees is 24 + 9 = 33 apples.

#### <answer>33",text
68,Rachel has 3 apple trees. She picked 8 apples from each of her trees. Now the trees have a total 9 apples still on them. How many apples were there on all trees initially?,43 children were riding on the bus. At the bus stop some children got off the bus. Then there were 21 children left on the bus. How many children got off the bus at the bus stop?,33,22,"To find out how many children got off the bus at the bus stop, we need to subtract the number of children left on the bus from the initial number of children on the bus. 

Step 1: Identify the initial number of children on the bus.
43 children were riding on the bus.

Step 2: Identify the number of children left on the bus.
21 children were left on the bus.

Step 3: Subtract the number of children left on the bus from the initial number of children on the bus.
43 - 21 = 22

So, 22 children got off the bus at the bus stop.

#### 22",text
69,43 children were riding on the bus. At the bus stop some children got off the bus. Then there were 21 children left on the bus. How many children got off the bus at the bus stop?,5 red peaches and 11 green peaches are in the basket. How many more green peaches than red peaches are in the basket?,22,6,"To solve this problem, we need to find the difference between the number of green peaches and red peaches in the basket.

Step 1: Identify the number of green peaches and red peaches.
- There are 11 green peaches.
- There are 5 red peaches.

Step 2: Subtract the number of red peaches from the number of green peaches.
- 11 green peaches - 5 red peaches = 6

So, there are 6 more green peaches than red peaches in the basket.

#### 6",text
70,5 red peaches and 11 green peaches are in the basket. How many more green peaches than red peaches are in the basket?,Nell collects cards. She had 246 baseball cards and 214 Ace cards. She gave some of her cards to Jeff and now has 404 baseball cards and 495 Ace cards left. How many more Ace cards than baseball cards does Nell have?,6,91,"To solve this problem, we need to find out how many more Ace cards than baseball cards Nell has after giving some to Jeff.

Step 1: Calculate the number of baseball cards Nell gave to Jeff.
Nell initially had 246 baseball cards and now has 404 baseball cards left.
Number of baseball cards given to Jeff = Initial number of baseball cards - Current number of baseball cards
Number of baseball cards given to Jeff = 246 - 404
Number of baseball cards given to Jeff = -158

Step 2: Calculate the number of Ace cards Nell gave to Jeff.
Nell initially had 214 Ace cards and now has 495 Ace cards left.
Number of Ace cards given to Jeff = Initial number of Ace cards - Current number of Ace cards
Number of Ace cards given to Jeff = 214 - 495
Number of Ace cards given to Jeff = -281

Step 3: Find the difference between the number of Ace cards and baseball cards Nell has left.
Difference = Current number of Ace cards - Current number of baseball cards
Difference = 495 - 404
Difference = 91

Since the number of baseball cards given to Jeff is negative, it means Nell actually received 158 baseball cards",neither
71,Nell collects cards. She had 246 baseball cards and 214 Ace cards. She gave some of her cards to Jeff and now has 404 baseball cards and 495 Ace cards left. How many more Ace cards than baseball cards does Nell have?,Each pack of dvds costs 76 dollars. If there is a discount of 25 dollars on each pack How much do you have to pay to buy each pack?,91,51,76 - 25 = 51. You have to pay 51 dollars to buy each pack. #### 51,text
72,Each pack of dvds costs 76 dollars. If there is a discount of 25 dollars on each pack How much do you have to pay to buy each pack?,They decided to hold the party in their backyard. They have 14 chairs for each set of table. If they have 9 sets of tables How many more chairs than tables do they have?,51,117,"To solve this problem, we need to determine the total number of chairs and tables, and then find the difference between the two.

1. Calculate the total number of chairs:
   - Each set of tables has 14 chairs.
   - There are 9 sets of tables.
   - Total chairs = 14 chairs/set * 9 sets = 126 chairs

2. Calculate the total number of tables:
   - There are 9 sets of tables.
   - Total tables = 9 tables

3. Find the difference between the number of chairs and tables:
   - Difference = Total chairs - Total tables = 126 chairs - 9 tables = 117

Therefore, they have 117 more chairs than tables.

#### 117",text
73,They decided to hold the party in their backyard. They have 14 chairs for each set of table. If they have 9 sets of tables How many more chairs than tables do they have?,Next on his checklist is wax to stick the feathers together and colors to paint them. He needs a total of 57 g of colors to paint them. He needs 22 g of wax more. If the feathers require a total of 353 g of wax How many grams of wax does he already have?,117,331,"To solve this problem, we need to determine how many grams of wax the person already has. We know the following:

1. The feathers require a total of 353 grams of wax.
2. The person needs 22 grams more wax.

We can set up the equation as follows:

Total wax required - Additional wax needed = Wax already owned

353 grams - 22 grams = Wax already owned

Let's calculate:

353 grams - 22 grams = 331 grams

Therefore, the person already has 331 grams of wax.

#### 331",text
74,Next on his checklist is wax to stick the feathers together and colors to paint them. He needs a total of 57 g of colors to paint them. He needs 22 g of wax more. If the feathers require a total of 353 g of wax How many grams of wax does he already have?,Frank was reading through his favorite book. The book had 2 chapters each with 405 pages. It took frank 664 days to finish the book. How many chapters did he read per day?,331,332,"To solve this problem, we need to determine how many chapters Frank read per day. Let's break down the information given:

- The book has 2 chapters.
- Each chapter has 405 pages.
- It took Frank 664 days to finish the book.

First, let's find out the total number of pages in the book:

Total pages = Number of chapters * Pages per chapter
Total pages = 2 * 405
Total pages = 810

Next, we need to find out how many pages Frank read per day:

Pages per day = Total pages / Number of days
Pages per day = 810 / 664
Pages per day ≈ 1.22

Now, let's find out how many chapters Frank read per day:

Chapters per day = Pages per day / Pages per chapter
Chapters per day = 1.22 / 405
Chapters per day ≈ 0.0031

Therefore, Frank read approximately 0.0031 chapters per day.

#### 0.0031",neither
75,Frank was reading through his favorite book. The book had 2 chapters each with 405 pages. It took frank 664 days to finish the book. How many chapters did he read per day?,Jerry had 5 action figures and 2 books on a shelf in his room. Later he added 9 more books to the shelf. How many more books than action figures were on his shelf?,332,6,"Step 1: Determine the initial number of books on the shelf.
Initial number of books = 2

Step 2: Determine the initial number of action figures on the shelf.
Initial number of action figures = 5

Step 3: Determine the number of books added to the shelf.
Number of books added = 9

Step 4: Calculate the total number of books on the shelf after adding the new books.
Total number of books = Initial number of books + Number of books added
Total number of books = 2 + 9
Total number of books = 11

Step 5: Calculate the difference between the number of books and action figures on the shelf.
Difference = Total number of books - Initial number of action figures
Difference = 11 - 5
Difference = 6

Jerry had 6 more books than action figures on his shelf.

#### 6",text
76,Jerry had 5 action figures and 2 books on a shelf in his room. Later he added 9 more books to the shelf. How many more books than action figures were on his shelf?,Paul got a box of some crayons for his birthday. By the end of the school year he had either lost or given away 551 of them and only had 177 left. How many crayons did he get for his birthday?,6,728,"To solve this problem, we need to determine the initial number of crayons Paul had before he lost or gave away some of them. Let's break down the information given:

1. Paul had 551 crayons that he lost or gave away.
2. Paul had 177 crayons left at the end of the school year.

We can set up the equation as follows:

Initial number of crayons - Number of crayons lost or given away = Number of crayons left

Let's denote the initial number of crayons as \( x \).

So, the equation becomes:

\( x - 551 = 177 \)

To find \( x \), we need to isolate it on one side of the equation. We can do this by adding 551 to both sides of the equation:

\( x - 551 + 551 = 177 + 551 \)

This simplifies to:

\( x = 728 \)

Therefore, Paul initially had 728 crayons for his birthday.

#### 728",text
77,Paul got a box of some crayons for his birthday. By the end of the school year he had either lost or given away 551 of them and only had 177 left. How many crayons did he get for his birthday?,Because of the decision Sofia asked the students to suggest specific types of food. If 324 students suggested adding mashed potatoes 374 suggested adding bacon to the menu and 128 suggested adding tomatoes How many students participated in the suggestion of new food items?,728,826,"To find the total number of students who participated in suggesting new food items, we need to add the number of students who suggested each type of food. 

Step 1: Add the number of students who suggested mashed potatoes and bacon.
324 (mashed potatoes) + 374 (bacon) = 698 students

Step 2: Add the number of students who suggested tomatoes to the total from Step 1.
698 (mashed potatoes and bacon) + 128 (tomatoes) = 826 students

So, 826 students participated in the suggestion of new food items.

#### 826",text
78,Because of the decision Sofia asked the students to suggest specific types of food. If 324 students suggested adding mashed potatoes 374 suggested adding bacon to the menu and 128 suggested adding tomatoes How many students participated in the suggestion of new food items?,A book has 31 chapters. Each chapter is 61 pages long. How many pages does the book have altogether?,826,1891,"To find the total number of pages in the book, we need to multiply the number of chapters by the number of pages per chapter. 

Step 1: Identify the number of chapters and the number of pages per chapter.
Number of chapters = 31
Number of pages per chapter = 61

Step 2: Multiply the number of chapters by the number of pages per chapter.
Total pages = Number of chapters × Number of pages per chapter
Total pages = 31 × 61

Step 3: Perform the multiplication.
Total pages = 1891

Therefore, the book has 1891 pages altogether.

#### 1891",text
79,A book has 31 chapters. Each chapter is 61 pages long. How many pages does the book have altogether?,The school is planning a field trip. The school has 67 classrooms. There are 66 students in each classroom in the school. If there are 6 seats on each school bus How many buses are needed to take the trip?,1891,737,"To solve this problem, we need to determine the total number of students and then find out how many buses are needed to accommodate all of them.

Step 1: Calculate the total number of students.
There are 67 classrooms, and each classroom has 66 students.
Total number of students = 67 classrooms * 66 students/classroom
Total number of students = 4422 students

Step 2: Determine the number of buses needed.
Each bus has 6 seats.
Number of buses needed = Total number of students / Number of seats per bus
Number of buses needed = 4422 students / 6 seats/bus
Number of buses needed = 737 buses

Since we can't have a fraction of a bus, we round up to the nearest whole number.

Therefore, the school needs 738 buses to take the trip.

#### 738",neither
80,The school is planning a field trip. The school has 67 classrooms. There are 66 students in each classroom in the school. If there are 6 seats on each school bus How many buses are needed to take the trip?,Bobby ate 33 pieces of candy. Then he ate 4 more. He also ate 14 pieces of chocolate. How many pieces of candy and chocolate did Bobby eat altogether?,737,51,"To solve this problem, we need to add the number of pieces of candy Bobby ate, the number of pieces of chocolate he ate, and the number of pieces of candy he ate again.

First, let's add the number of pieces of candy Bobby ate:
33 pieces + 4 pieces = 37 pieces

Next, let's add the number of pieces of chocolate Bobby ate:
37 pieces + 14 pieces = 51 pieces

Therefore, Bobby ate a total of 51 pieces of candy and chocolate altogether.

#### 51",text
81,Bobby ate 33 pieces of candy. Then he ate 4 more. He also ate 14 pieces of chocolate. How many pieces of candy and chocolate did Bobby eat altogether?,Paco had 36 cookies. He gave 14 cookies to his friend and ate 10 cookies. How many cookies did Paco have left?,51,12,"Step 1: Identify the initial number of cookies Paco had, which is 36.
Step 2: Determine the number of cookies Paco gave to his friend, which is 14.
Step 3: Determine the number of cookies Paco ate, which is 10.
Step 4: Subtract the number of cookies Paco gave to his friend from the initial number of cookies: 36 - 14 = 22.
Step 5: Subtract the number of cookies Paco ate from the result of Step 4: 22 - 10 = 12.
Step 6: The number of cookies Paco has left is 12.

#### 12",text
82,Paco had 36 cookies. He gave 14 cookies to his friend and ate 10 cookies. How many cookies did Paco have left?,Paige raised 15 goldfish in the pond but stray cats loved eating them. 5 were eaten. How many goldfish remained?,12,10,"To solve this problem, we need to find out how many goldfish remained after some were eaten by stray cats.

Step 1: Identify the initial number of goldfish.
Paige initially raised 15 goldfish.

Step 2: Identify the number of goldfish eaten by stray cats.
5 goldfish were eaten by stray cats.

Step 3: Subtract the number of goldfish eaten from the initial number of goldfish.
15 goldfish - 5 goldfish = 10 goldfish

So, after 5 goldfish were eaten by stray cats, Paige had 10 goldfish remaining.

#### 10",text
83,Paige raised 15 goldfish in the pond but stray cats loved eating them. 5 were eaten. How many goldfish remained?,During summer break 61619 kids from Lawrence county stayed home and the rest went to camp. The total number of kids in Lawrence county is 91676. About how many kids in Lawrence county went to camp?,10,30057,"To find out how many kids in Lawrence county went to camp, we need to subtract the number of kids who stayed home from the total number of kids in the county.

Total number of kids in Lawrence county = 91676
Number of kids who stayed home = 61619

Number of kids who went to camp = Total number of kids - Number of kids who stayed home
Number of kids who went to camp = 91676 - 61619

Number of kids who went to camp = 30057

Therefore, about 30057 kids in Lawrence county went to camp.

#### 30057",text
84,During summer break 61619 kids from Lawrence county stayed home and the rest went to camp. The total number of kids in Lawrence county is 91676. About how many kids in Lawrence county went to camp?,2 children were riding on the bus. At the bus stop some more children got on the bus. Then there were 10 children altogether on the bus. How many more children are on the bus now than there were before the bus stop?,30057,8,"There were 2 children on the bus before the bus stop. There are 10 children on the bus now. The difference is 10 - 2 = 8. So, there are 8 more children on the bus now than there were before the bus stop. #### 8",text
85,2 children were riding on the bus. At the bus stop some more children got on the bus. Then there were 10 children altogether on the bus. How many more children are on the bus now than there were before the bus stop?,3 birds were sitting on the fence. 2 more birds and 6 more storks came to join them. How many more storks than birds are sitting on the fence?,8,1,"Step 1: Determine the total number of birds on the fence.
Initially, there were 3 birds on the fence. 2 more birds joined, so the total number of birds is 3 + 2 = 5 birds.

Step 2: Determine the total number of storks on the fence.
6 more storks joined the 3 birds, so the total number of storks is 3 + 6 = 9 storks.

Step 3: Calculate the difference between the number of storks and birds.
To find out how many more storks than birds are on the fence, subtract the number of birds from the number of storks: 9 storks - 5 birds = 4 more storks than birds.

#### 4",neither
86,3 birds were sitting on the fence. 2 more birds and 6 more storks came to join them. How many more storks than birds are sitting on the fence?,The Ferris wheel in paradise park has 6 seats. Each seat can hold 14 people. If there are 16 people on the wheel right now How many more people can join the wheel?,1,68,"Each seat can hold 14 people, and there are 6 seats, so the Ferris wheel can hold 14 * 6 = 84 people. There are currently 16 people on the wheel, so there is room for 84 - 16 = 68 more people. #### 68",text
87,The Ferris wheel in paradise park has 6 seats. Each seat can hold 14 people. If there are 16 people on the wheel right now How many more people can join the wheel?,He then went to see the oranges being harvested. He found out that they harvest 74 sacks per day and discard 71 of them. How many sacks of oranges will they have after 51 days of harvest?,68,153,"To solve this problem, we need to determine the total number of sacks of oranges harvested over 51 days and then subtract the number of sacks discarded.

Step 1: Calculate the total number of sacks harvested over 51 days.
- The number of sacks harvested per day is 74.
- The number of days is 51.
- Total sacks harvested = 74 sacks/day * 51 days = 3774 sacks.

Step 2: Calculate the total number of sacks discarded over 51 days.
- The number of sacks discarded per day is 71.
- The number of days is 51.
- Total sacks discarded = 71 sacks/day * 51 days = 3621 sacks.

Step 3: Subtract the total number of sacks discarded from the total number of sacks harvested to find the remaining sacks.
- Remaining sacks = Total sacks harvested - Total sacks discarded = 3774 sacks - 3621 sacks = 153 sacks.

Therefore, after 51 days of harvest, they will have 153 sacks of oranges.

#### 153",text
88,He then went to see the oranges being harvested. He found out that they harvest 74 sacks per day and discard 71 of them. How many sacks of oranges will they have after 51 days of harvest?,The Razorback shop makes $ 115 dollars off each jersey and $ 25 off each t-shirt. During the Arkansas and Texas tech game they sold 113 t-shirts and 78 jerseys. How much more does a jersey cost than a t-shirt?,153,90,"To find out how much more a jersey costs than a t-shirt, we first need to calculate the total revenue from selling jerseys and t-shirts. 

1. Calculate the total revenue from selling jerseys:
   - Price per jersey: $115
   - Number of jerseys sold: 78
   - Total revenue from jerseys: $115 * 78 = $8970

2. Calculate the total revenue from selling t-shirts:
   - Price per t-shirt: $25
   - Number of t-shirts sold: 113
   - Total revenue from t-shirts: $25 * 113 = $2825

3. Calculate the total revenue from both jerseys and t-shirts:
   - Total revenue: $8970 (jerseys) + $2825 (t-shirts) = $11895

4. Calculate the difference in price between a jersey and a t-shirt:
   - Price difference: $115 (jersey) - $25 (t-shirt) = $90

5. Calculate the total additional revenue from selling jerseys compared to t-shirts:
   - Additional revenue from jerseys: $8970 (jerseys) - $2825 (t-shirts) = $6145

6. Calculate the total additional revenue per jersey compared to a t",neither
89,The Razorback shop makes $ 115 dollars off each jersey and $ 25 off each t-shirt. During the Arkansas and Texas tech game they sold 113 t-shirts and 78 jerseys. How much more does a jersey cost than a t-shirt?,Next on his checklist is wax to stick the feathers together and colors to paint them. He needs a total of 49 g of colors to paint them. If the feathers require 288 g of wax and right now he just needs 260 g How many grams of wax does he already have?,90,28,"To solve this problem, we need to determine how many grams of wax the person already has. We know the following:

1. The feathers require 288 g of wax.
2. The person currently needs 260 g of wax.

We can set up the equation as follows:

Total wax required - Wax needed = Wax already have

288 g - 260 g = Wax already have

Let's calculate:

288 g - 260 g = 28 g

Therefore, the person already has 28 grams of wax.

#### 28",text
90,Next on his checklist is wax to stick the feathers together and colors to paint them. He needs a total of 49 g of colors to paint them. If the feathers require 288 g of wax and right now he just needs 260 g How many grams of wax does he already have?,Paul had 21 books. After selling some in a garage sale he bought 42 new ones. If he has 15 books now How many more books did he sell than he bought?,28,6,"Paul had 21 books. After selling some in a garage sale he bought 42 new ones. If he has 15 books now, he sold 21 - 15 = 6 books. He bought 42 - 15 = 27 books. He sold 6 - 27 = -21 books. He sold 21 more books than he bought. #### 21",neither
91,Paul had 21 books. After selling some in a garage sale he bought 42 new ones. If he has 15 books now How many more books did he sell than he bought?,"Julia played tag with 9 kids on monday, 7 kids on tuesday and 96 kids on wednesday. How many more kids did she play with on monday than on tuesday?",6,2,"Step 1: Identify the number of kids Julia played with on Monday and Tuesday.
- Monday: 9 kids
- Tuesday: 7 kids

Step 2: Calculate the difference in the number of kids played with on Monday and Tuesday.
- Difference = 9 kids (Monday) - 7 kids (Tuesday) = 2 kids

Answer: Julia played with 2 more kids on Monday than on Tuesday.
#### 2",text
92,"Julia played tag with 9 kids on monday, 7 kids on tuesday and 96 kids on wednesday. How many more kids did she play with on monday than on tuesday?",There are 65 baskets of peaches. Each basket has 7 red peaches and 3 green peaches. How many peaches are in each basket?,2,10,"To find out how many peaches are in each basket, we need to add the number of red peaches and green peaches together. 

Each basket has 7 red peaches and 3 green peaches. 

So, the total number of peaches in each basket is 7 + 3 = 10. 

Therefore, there are 10 peaches in each basket. 

#### 10",text
93,There are 65 baskets of peaches. Each basket has 7 red peaches and 3 green peaches. How many peaches are in each basket?,You had 14 bags with equal number of cookies. If you had 28 cookies and 86 candies in total How many bags of cookies do you have?,10,2,"To solve this problem, we need to determine the number of cookies in each bag. Let's break it down step by step.

1. We know that there are 14 bags with an equal number of cookies.
2. The total number of cookies and candies is 28 cookies + 86 candies = 114 items.
3. Since each bag has an equal number of cookies, we can divide the total number of items by the number of bags to find the number of items in each bag.

Let's calculate the number of items in each bag:

114 items ÷ 14 bags = 8 items per bag

Therefore, each bag has 8 items. Since we are looking for the number of bags of cookies, and we know that each bag has 8 items, the answer is:

8 bags of cookies.",neither
94,You had 14 bags with equal number of cookies. If you had 28 cookies and 86 candies in total How many bags of cookies do you have?,Carol was sending out birthday invitations to her friends. Each package of invitations she bought had 14 invitations in it and she bought 6 packs. Then she bought 11 extra invitations. How many friends can she invite?,2,95,"First, we need to find out how many invitations Carol bought in total. She bought 6 packs, and each pack had 14 invitations. So, we multiply the number of packs by the number of invitations per pack:

6 packs * 14 invitations/pack = 84 invitations

Next, we add the 11 extra invitations she bought:

84 invitations + 11 invitations = 95 invitations

Therefore, Carol can invite 95 friends. 

#### 95",text
95,Carol was sending out birthday invitations to her friends. Each package of invitations she bought had 14 invitations in it and she bought 6 packs. Then she bought 11 extra invitations. How many friends can she invite?,Baker made 155 cakes. If his friend bought 140 cakes from him How many cakes would baker still have?,95,15,"To find out how many cakes the baker would still have, we need to subtract the number of cakes his friend bought from the total number of cakes the baker made.

Step 1: Identify the total number of cakes made by the baker.
Total cakes = 155

Step 2: Identify the number of cakes bought by the friend.
Cakes bought = 140

Step 3: Subtract the number of cakes bought from the total number of cakes.
Remaining cakes = Total cakes - Cakes bought
Remaining cakes = 155 - 140

Step 4: Perform the subtraction.
Remaining cakes = 15

So, the baker would still have 15 cakes.

#### 15",text
96,Baker made 155 cakes. If his friend bought 140 cakes from him How many cakes would baker still have?,A grocery store had 22 bottles of regular soda and 61 bottles of diet soda. How many more bottles of diet soda than regular soda did they have?,15,39,"To solve this problem, we need to find the difference between the number of diet soda bottles and regular soda bottles.

Step 1: Identify the number of bottles of each type of soda.
- Regular soda: 22 bottles
- Diet soda: 61 bottles

Step 2: Subtract the number of regular soda bottles from the number of diet soda bottles.
- 61 (diet soda) - 22 (regular soda) = 39

So, there are 39 more bottles of diet soda than regular soda.

#### 39",text
97,A grocery store had 22 bottles of regular soda and 61 bottles of diet soda. How many more bottles of diet soda than regular soda did they have?,"A grocery store had 36 apples, 80 bottles of regular soda and 54 bottles of diet soda. How many more bottles than apple did they have?",39,98,"To solve this problem, we need to find out how many more bottles of soda there are compared to the number of apples.

Step 1: Calculate the total number of bottles of soda.
Total bottles of soda = bottles of regular soda + bottles of diet soda
Total bottles of soda = 80 + 54
Total bottles of soda = 134

Step 2: Subtract the number of apples from the total number of bottles of soda.
More bottles than apples = Total bottles of soda - number of apples
More bottles than apples = 134 - 36
More bottles than apples = 98

So, the grocery store had 98 more bottles of soda than apples.

#### 98",text
98,"A grocery store had 36 apples, 80 bottles of regular soda and 54 bottles of diet soda. How many more bottles than apple did they have?",Ryan learns english and chinese for 7 days. Every day he spends 4 hours on learning english and 5 hours on learning chinese. How many hours does he spend on learning english and chinese in all?,98,63,"To solve this problem, we need to calculate the total hours Ryan spends on learning English and Chinese over 7 days.

Step 1: Calculate the total hours spent on English.
Ryan spends 4 hours on English every day. Over 7 days, he spends:
4 hours/day * 7 days = 28 hours

Step 2: Calculate the total hours spent on Chinese.
Ryan spends 5 hours on Chinese every day. Over 7 days, he spends:
5 hours/day * 7 days = 35 hours

Step 3: Calculate the total hours spent on both languages.
To find the total hours spent on both English and Chinese, we add the hours spent on each language:
28 hours (English) + 35 hours (Chinese) = 63 hours

So, Ryan spends a total of 63 hours on learning English and Chinese in all.

#### 63",text
99,Ryan learns english and chinese for 7 days. Every day he spends 4 hours on learning english and 5 hours on learning chinese. How many hours does he spend on learning english and chinese in all?,Debby drinks 6 bottles a day. If she bought a total of 12 water bottles How many days would they last her?,63,2,"To solve this problem, we need to determine how many days the 12 water bottles will last Debby if she drinks 6 bottles a day.

Step 1: Identify the given information:
- Debby drinks 6 bottles a day.
- Debby has 12 water bottles.

Step 2: Set up the equation:
We can set up the equation as follows:
Number of bottles consumed per day * Number of days = Total number of bottles

Step 3: Substitute the given values into the equation:
6 bottles/day * Number of days = 12 bottles

Step 4: Solve for the number of days:
To find the number of days, we need to divide the total number of bottles by the number of bottles consumed per day:
Number of days = 12 bottles / 6 bottles/day

Step 5: Perform the division:
Number of days = 2 days

Therefore, the 12 water bottles will last Debby for 2 days.

#### 2",text
100,Debby drinks 6 bottles a day. If she bought a total of 12 water bottles How many days would they last her?,David did 44 push-ups in gym class today. David did 9 more push-ups than Zachary. How many push-ups did Zachary do?,2,35,"To solve this problem, we need to determine the number of push-ups Zachary did. We know that David did 44 push-ups and that he did 9 more push-ups than Zachary. 

Let's denote the number of push-ups Zachary did as 'x'. According to the problem, David did 9 more push-ups than Zachary, so we can write the equation:

David's push-ups = Zachary's push-ups + 9

We know David's push-ups are 44, so we can substitute this into the equation:

44 = x + 9

Now, we need to solve for 'x' (the number of push-ups Zachary did):

44 - 9 = x

35 = x

Therefore, Zachary did 35 push-ups.

#### 35",text
101,David did 44 push-ups in gym class today. David did 9 more push-ups than Zachary. How many push-ups did Zachary do?,Mom buys 51 white t - shirts. If white t - shirts can be purchased in packages of 3 How many packages will she have?,35,17,"To determine how many packages of white t-shirts Mom will have, we need to divide the total number of t-shirts by the number of t-shirts in each package.

Step 1: Identify the total number of white t-shirts and the number of t-shirts in each package.
- Total number of white t-shirts: 51
- Number of t-shirts in each package: 3

Step 2: Perform the division to find the number of packages.
- 51 ÷ 3 = 17

Step 3: Check if there are any remaining t-shirts.
- 51 % 3 = 0

Since there are no remaining t-shirts, the result of the division is an integer, which means Mom will have 17 packages of white t-shirts.

#### 17",text
102,Mom buys 51 white t - shirts. If white t - shirts can be purchased in packages of 3 How many packages will she have?,During summer break 907611 kids from Lawrence county stay home and the other 455682 kids go to camp. About how many kids are in Lawrence county?,17,1363293,"To find the total number of kids in Lawrence county, we need to add the number of kids who stay home and the number of kids who go to camp.

Step 1: Identify the given numbers.
- Kids who stay home: 907611
- Kids who go to camp: 455682

Step 2: Add the two numbers together.
907611 + 455682 = 1363293

Step 3: Round the result to the nearest whole number.
1363293 ≈ 1363293

So, there are approximately 1,363,293 kids in Lawrence county.

#### 1363293",text
103,During summer break 907611 kids from Lawrence county stay home and the other 455682 kids go to camp. About how many kids are in Lawrence county?,Danny collects bottle caps and wrappers. He found 66 wrappers and 39 bottle caps at the park. Now he has 16 bottle caps and 68 wrappers in his collection. How many wrappers did danny have at first?,1363293,2,"To solve this problem, we need to determine how many wrappers Danny had at first. We know that Danny found 66 wrappers and 39 bottle caps at the park. After that, he has 16 bottle caps and 68 wrappers in his collection.

First, let's find out how many bottle caps Danny has in his collection after finding them at the park:
66 wrappers + 39 bottle caps = 105 items (total items found at the park)

Now, let's find out how many bottle caps Danny has in his collection after finding them at the park:
16 bottle caps (in his collection) - 39 bottle caps (found at the park) = -23 bottle caps

Since Danny cannot have a negative number of bottle caps, it means he must have given away or lost some bottle caps. However, the problem is focused on the wrappers, so we will continue with the wrappers.

Next, let's find out how many wrappers Danny has in his collection after finding them at the park:
68 wrappers (in his collection) - 66 wrappers (found at the park) = 2 wrappers

Since Danny has 2 more wrappers in his collection than he found at the park, it means he must",text
104,Danny collects bottle caps and wrappers. He found 66 wrappers and 39 bottle caps at the park. Now he has 16 bottle caps and 68 wrappers in his collection. How many wrappers did danny have at first?,After Jessie started to go jogging everyday she lost 35 kilograms. She weighed 69 kilograms before beginning jogging. How much does she weigh now?,2,34,"To find out how much Jessie weighs now, we need to subtract the amount of weight she lost from her initial weight. 

Initial weight = 69 kilograms
Weight lost = 35 kilograms

Weight now = Initial weight - Weight lost
Weight now = 69 kilograms - 35 kilograms
Weight now = 34 kilograms

So, Jessie now weighs 34 kilograms. 

#### 34",text
105,After Jessie started to go jogging everyday she lost 35 kilograms. She weighed 69 kilograms before beginning jogging. How much does she weigh now?,Josh had 20 marbles in his collection. He gave 2 marbles to Jack. How many marbles does Josh have now?,34,18,"Step 1: Identify the initial number of marbles Josh had.
Josh had 20 marbles in his collection.

Step 2: Identify the number of marbles Josh gave to Jack.
Josh gave 2 marbles to Jack.

Step 3: Subtract the number of marbles given to Jack from the initial number of marbles.
20 marbles - 2 marbles = 18 marbles

Answer: Josh now has 18 marbles.
#### 18",text
106,Josh had 20 marbles in his collection. He gave 2 marbles to Jack. How many marbles does Josh have now?,Zachary did 15 push-ups in gym class today. David did 39 more push-ups than Zachary. John did 9 push-ups less than David. How many more push-ups did Zachary do than John?,18,30,"Step 1: Determine the number of push-ups David did.
David did 39 more push-ups than Zachary, so we add 39 to Zachary's 15 push-ups:
David's push-ups = 15 + 39 = 54 push-ups

Step 2: Determine the number of push-ups John did.
John did 9 push-ups less than David, so we subtract 9 from David's 54 push-ups:
John's push-ups = 54 - 9 = 45 push-ups

Step 3: Calculate how many more push-ups Zachary did than John.
To find out how many more push-ups Zachary did than John, we subtract John's push-ups from Zachary's push-ups:
Zachary's push-ups - John's push-ups = 15 - 45 = -30

Since the result is negative, it means John did 30 more push-ups than Zachary.

#### -30",neither
107,Zachary did 15 push-ups in gym class today. David did 39 more push-ups than Zachary. John did 9 push-ups less than David. How many more push-ups did Zachary do than John?,Lewis earns $ 368 every week during the 1359 weeks of harvest. If he has to pay $ 388 rent every week How much money does he pay as rent during the harvest season?,30,527292,"To solve this problem, we need to calculate the total amount of money Lewis pays as rent during the harvest season. We know that Lewis earns $368 every week and has to pay $388 rent every week. 

First, let's find out how much money Lewis earns in total during the harvest season:
Total earnings = Weekly earnings * Number of weeks
Total earnings = $368 * 1359

Now, let's calculate the total amount of money Lewis pays as rent during the harvest season:
Total rent = Weekly rent * Number of weeks
Total rent = $388 * 1359

To find out how much money Lewis pays as rent during the harvest season, we subtract the total earnings from the total rent:
Total rent - Total earnings = Money paid as rent
$388 * 1359 - $368 * 1359 = Money paid as rent

Let's calculate the values:
Total earnings = $368 * 1359 = $499,112
Total rent = $388 * 1359 = $528,492

Now, subtract the total earnings from the total rent:
Money paid as rent = $528,492 - $499,112 = $29,380

Therefore, Lewis pays $29,380 as rent during the",neither
108,Lewis earns $ 368 every week during the 1359 weeks of harvest. If he has to pay $ 388 rent every week How much money does he pay as rent during the harvest season?,Winter is almost here and most animals are migrating to warmer countries. There are 18 bird families living near the mountain. If 38 bird families flew away to africa and 80 bird families flew away to asia How many bird families flew away for the winter?,527292,118,"To solve this problem, we need to find out how many bird families flew away for the winter. We know that there are 18 bird families living near the mountain. 

38 bird families flew away to Africa and 80 bird families flew away to Asia. 

To find the total number of bird families that flew away, we need to add the number of bird families that flew to Africa and the number of bird families that flew to Asia. 

38 bird families + 80 bird families = 118 bird families

Therefore, 118 bird families flew away for the winter. 

#### 118.",text
109,Winter is almost here and most animals are migrating to warmer countries. There are 18 bird families living near the mountain. If 38 bird families flew away to africa and 80 bird families flew away to asia How many bird families flew away for the winter?,Mary is baking a cake. The recipe calls for 11 cups of sugar 6 cups of flour and 9 cups of salt. She already put in 12 cups of flour. How many more cups of sugar than cups of salt does she need to add now?,118,2,"To solve this problem, we need to determine how many more cups of sugar than cups of salt Mary needs to add. Let's break it down step by step.

1. **Identify the quantities needed:**
   - Sugar: 11 cups
   - Flour: 6 cups
   - Salt: 9 cups

2. **Determine the quantities already added:**
   - Flour: 12 cups (already added)

3. **Calculate the remaining quantities needed:**
   - Sugar: 11 cups (total needed) - 0 cups (already added) = 11 cups
   - Flour: 6 cups (total needed) - 12 cups (already added) = -6 cups (negative because she has more flour than needed)
   - Salt: 9 cups (total needed) - 0 cups (already added) = 9 cups

4. **Determine the difference between the remaining quantities:**
   - Difference between sugar and salt: 11 cups (sugar) - 9 cups (salt) = 2 cups

Therefore, Mary needs to add 2 more cups of sugar than cups of salt.

#### 2",text
110,Mary is baking a cake. The recipe calls for 11 cups of sugar 6 cups of flour and 9 cups of salt. She already put in 12 cups of flour. How many more cups of sugar than cups of salt does she need to add now?,Jessie weighed 114 kilograms. After she started to go jogging everyday she lost 50 kilograms in the first week and 60 kilograms in the second week. How much does she weigh now?,2,4,"Step 1: Determine the initial weight of Jessie, which is 114 kilograms.
Step 2: Calculate the weight loss in the first week, which is 50 kilograms.
Step 3: Calculate the weight loss in the second week, which is 60 kilograms.
Step 4: Add the weight loss from both weeks to find the total weight loss.
Step 5: Subtract the total weight loss from the initial weight to find the current weight.

Calculation:
Total weight loss = 50 kilograms (first week) + 60 kilograms (second week) = 110 kilograms
Current weight = Initial weight - Total weight loss = 114 kilograms - 110 kilograms = 4 kilograms

Jessie now weighs 4 kilograms.

#### 4",text
111,Jessie weighed 114 kilograms. After she started to go jogging everyday she lost 50 kilograms in the first week and 60 kilograms in the second week. How much does she weigh now?,Jesse's room is 7 feet long. If she needs a carpet of size 14 square feet What is the width of her room?,4,2,"To find the width of Jesse's room, we need to use the formula for the area of a rectangle, which is length multiplied by width. We know the area (14 square feet) and the length (7 feet), so we can rearrange the formula to solve for the width.

Area = Length × Width

14 = 7 × Width

To isolate the width, we divide both sides of the equation by 7:

Width = 14 ÷ 7

Width = 2

So, the width of Jesse's room is 2 feet.

#### 2",text
112,Jesse's room is 7 feet long. If she needs a carpet of size 14 square feet What is the width of her room?,A farmer had 175 tomatoes and 77 potatoes in his garden. If he picked 172 potatoes How many tomatoes and potatoes does he have left?,2,80,"To solve this problem, we need to determine the number of tomatoes and potatoes the farmer has left after picking some potatoes.

Step 1: Identify the initial quantities of tomatoes and potatoes.
- Tomatoes: 175
- Potatoes: 77

Step 2: Determine the number of potatoes picked.
- Potatoes picked: 172

Step 3: Calculate the remaining quantity of potatoes.
- Remaining potatoes = Initial potatoes - Potatoes picked
- Remaining potatoes = 77 - 172
- Remaining potatoes = -95

Since the remaining quantity of potatoes cannot be negative, it means the farmer picked more potatoes than he had. Therefore, the farmer has no potatoes left.

Step 4: Calculate the remaining quantity of tomatoes.
- Remaining tomatoes = Initial tomatoes - 0 (since no tomatoes were picked)
- Remaining tomatoes = 175

The farmer has 175 tomatoes and 0 potatoes left.

#### 175",neither
113,A farmer had 175 tomatoes and 77 potatoes in his garden. If he picked 172 potatoes How many tomatoes and potatoes does he have left?,The Ferris wheel in paradise park has 3 small seats and 7 large seats. Each small seat can hold 16 people and large seat can hold 12 people. How many people can ride the Ferris wheel on large seats?,80,84,"To solve this problem, we need to determine how many people can ride the Ferris wheel on the large seats. We know that there are 7 large seats and each large seat can hold 12 people.

Step 1: Multiply the number of large seats by the number of people each large seat can hold.
7 large seats * 12 people per large seat = 84 people

Therefore, the Ferris wheel can hold 84 people on the large seats.

#### <answer>84",text
114,The Ferris wheel in paradise park has 3 small seats and 7 large seats. Each small seat can hold 16 people and large seat can hold 12 people. How many people can ride the Ferris wheel on large seats?,Bobby had 22 pieces of candy. He ate some pieces of candy. Then he ate 5 more. If he still has 8 pieces of candy left How many pieces of candy had he eaten at the start?,84,9,"Bobby had 22 pieces of candy. He ate some pieces of candy. Then he ate 5 more. If he still has 8 pieces of candy left, he had eaten 22 - 8 = 14 pieces of candy. Then he ate 5 more, so he had eaten 14 - 5 = 9 pieces of candy at the start. #### 9",text
115,Bobby had 22 pieces of candy. He ate some pieces of candy. Then he ate 5 more. If he still has 8 pieces of candy left How many pieces of candy had he eaten at the start?,There are 2 baskets of peaches. Each basket has 4 red peaches and some more green peaches. If there are a total of 12 peaches in all baskets How many green peaches are in each basket?,9,2,"There are 2 baskets of peaches. Each basket has 4 red peaches and some more green peaches. If there are a total of 12 peaches in all baskets, how many green peaches are in each basket?

Step 1: Determine the total number of red peaches in both baskets.
There are 2 baskets, and each basket has 4 red peaches.
Total red peaches = 2 baskets * 4 red peaches/basket = 8 red peaches

Step 2: Subtract the total number of red peaches from the total number of peaches to find the number of green peaches.
Total peaches = 12
Total red peaches = 8
Total green peaches = Total peaches - Total red peaches = 12 - 8 = 4 green peaches

Step 3: Divide the total number of green peaches by the number of baskets to find the number of green peaches in each basket.
Number of baskets = 2
Green peaches per basket = Total green peaches / Number of baskets = 4 green peaches / 2 baskets = 2 green peaches per basket

Therefore, there are",text
116,There are 2 baskets of peaches. Each basket has 4 red peaches and some more green peaches. If there are a total of 12 peaches in all baskets How many green peaches are in each basket?,Baker made some cakes. He sold 145 of them. If he still has 72 cakes left How many cakes did baker make?,2,217,"To solve this problem, we need to determine the total number of cakes the baker made. We know that the baker sold 145 cakes and has 72 cakes left. 

Let's break down the information given:
- Number of cakes sold: 145
- Number of cakes left: 72

To find the total number of cakes made, we add the number of cakes sold and the number of cakes left:

Total number of cakes = Number of cakes sold + Number of cakes left
Total number of cakes = 145 + 72

Now, let's perform the addition:

Total number of cakes = 217

Therefore, the baker made 217 cakes in total.

#### 217",text
117,Baker made some cakes. He sold 145 of them. If he still has 72 cakes left How many cakes did baker make?,David did 40 more push-ups but 17 less crunches than Zachary in gym class today. If Zachary did 34 push-ups and 62 crunches How many crunches did David do?,217,45,"To solve this problem, we need to determine how many crunches David did based on the information given.

1. We know that Zachary did 34 push-ups and 62 crunches.
2. David did 40 more push-ups than Zachary, so David did 34 + 40 = 74 push-ups.
3. David also did 17 less crunches than Zachary, so David did 62 - 17 = 45 crunches.

Therefore, David did 45 crunches.

#### 45",text
118,David did 40 more push-ups but 17 less crunches than Zachary in gym class today. If Zachary did 34 push-ups and 62 crunches How many crunches did David do?,Olivia spent 78 dollars at a supermarket. If she has 33 dollars left with her How much money did she have initially?,45,111,"To solve this problem, we need to determine the initial amount of money Olivia had before she spent 78 dollars at the supermarket. We know that she has 33 dollars left after her purchase. 

Let's break down the information given:
- Olivia spent 78 dollars at the supermarket.
- Olivia has 33 dollars left.

We can set up the equation as follows:
Initial amount of money - Amount spent at the supermarket = Amount left

Let's denote the initial amount of money as ""x"". So, the equation becomes:
x - 78 = 33

To find the initial amount of money, we need to isolate ""x"" by adding 78 to both sides of the equation:
x - 78 + 78 = 33 + 78

This simplifies to:
x = 111

Therefore, Olivia initially had 111 dollars.

#### 111",text
119,Olivia spent 78 dollars at a supermarket. If she has 33 dollars left with her How much money did she have initially?,Bobby ate 17 pieces of candy. Then he ate 15 more. If he initially had 36 pieces of candy How many pieces of candy does he still have left?,111,4,"Bobby initially had 36 pieces of candy. He ate 17 pieces, so he had 36 - 17 = 19 pieces left.

Then he ate 15 more pieces, so he had 19 - 15 = 4 pieces left.

Therefore, Bobby still has 4 pieces of candy left.

#### 4",text
120,Bobby ate 17 pieces of candy. Then he ate 15 more. If he initially had 36 pieces of candy How many pieces of candy does he still have left?,An industrial machine made 13 shirts yesterday and 3 shirts today. It can make 8 shirts a minute. How many minutes did the machine work in all?,4,2,"Step 1: Calculate the total number of shirts made by the machine.
Yesterday: 13 shirts
Today: 3 shirts
Total shirts = 13 + 3 = 16 shirts

Step 2: Determine the total time the machine worked.
The machine can make 8 shirts in 1 minute.
Total time = Total shirts / Shirts per minute
Total time = 16 shirts / 8 shirts per minute = 2 minutes

#### <answer>2",text
121,An industrial machine made 13 shirts yesterday and 3 shirts today. It can make 8 shirts a minute. How many minutes did the machine work in all?,They decided to hold the party in their backyard. They have 12 sets of tables and each set has 14 chairs. There are also 6 chairs extra. How many chairs do they have for the guests?,2,174,"To solve this problem, we need to calculate the total number of chairs available for the guests. We know that there are 12 sets of tables, and each set has 14 chairs. Additionally, there are 6 extra chairs.

First, let's calculate the total number of chairs from the sets of tables:
12 sets * 14 chairs/set = 168 chairs

Next, we add the extra chairs:
168 chairs + 6 chairs = 174 chairs

Therefore, they have a total of 174 chairs for the guests.

#### 174",text
122,They decided to hold the party in their backyard. They have 12 sets of tables and each set has 14 chairs. There are also 6 chairs extra. How many chairs do they have for the guests?,Adam has 10 apples. Jackie has 2 apples. How many more apples does Adam have than Jackie?,174,8,"To find out how many more apples Adam has than Jackie, we subtract the number of apples Jackie has from the number of apples Adam has. 

Adam has 10 apples.
Jackie has 2 apples.

10 - 2 = 8

Adam has 8 more apples than Jackie. 

#### 8",text
123,Adam has 10 apples. Jackie has 2 apples. How many more apples does Adam have than Jackie?,Jake has 7 fewer peaches than Steven and 9 more peaches than Jill. Steven has 16 peaches. How many peaches does Jake have?,8,9,"To solve this problem, we need to determine the number of peaches Jake has based on the information given.

1. We know that Steven has 16 peaches.
2. Jake has 7 fewer peaches than Steven.

To find out how many peaches Jake has, we subtract 7 from the number of peaches Steven has:

Jake's peaches = Steven's peaches - 7
Jake's peaches = 16 - 7

Jake's peaches = 9

Therefore, Jake has 9 peaches.

#### 9",text
124,Jake has 7 fewer peaches than Steven and 9 more peaches than Jill. Steven has 16 peaches. How many peaches does Jake have?,Dan has $ 5. He bought a candy bar for $ 2 and a chocolate for $ 3. How much money did he spend to buy chocolate than he did to buy candy bar?,9,1,"To solve this problem, we need to determine the difference in the amount of money Dan spent on the chocolate and the candy bar.

Step 1: Calculate the total amount of money Dan spent on the candy bar and the chocolate.
- Dan has $5.
- He spent $2 on a candy bar.
- He spent $3 on a chocolate.

Total amount spent = $2 (candy bar) + $3 (chocolate) = $5

Step 2: Determine the difference in the amount spent on the chocolate and the candy bar.
- The amount spent on the chocolate is $3.
- The amount spent on the candy bar is $2.

Difference = $3 (chocolate) - $2 (candy bar) = $1

So, Dan spent $1 more on the chocolate than he did on the candy bar.

#### 1",text
125,Dan has $ 5. He bought a candy bar for $ 2 and a chocolate for $ 3. How much money did he spend to buy chocolate than he did to buy candy bar?,There are 8 different movies and 21 different books in the ' crazy silly school ' series. If you read 7 of the books and watched 4 of the movies How many more movies do you still have to watch?,1,4,"To solve this problem, we need to determine how many more movies you still have to watch after watching 4 movies out of 8.

Step 1: Identify the total number of movies and the number of movies you have already watched.
- Total number of movies: 8
- Number of movies watched: 4

Step 2: Subtract the number of movies you have already watched from the total number of movies to find out how many more movies you still have to watch.
- 8 (total movies) - 4 (movies watched) = 4 (movies still to watch)

So, you still have to watch 4 more movies.

#### 4",text
126,There are 8 different movies and 21 different books in the ' crazy silly school ' series. If you read 7 of the books and watched 4 of the movies How many more movies do you still have to watch?,White t - shirts can be purchased in packages of 13. If mom buys 39 white t - shirts How many packages will she have?,4,3,"To solve this problem, we need to determine how many packages of white t-shirts mom will have after buying 39 white t-shirts. Each package contains 13 white t-shirts.

Step 1: Divide the total number of white t-shirts by the number of white t-shirts in each package.
39 white t-shirts ÷ 13 white t-shirts per package = 3 packages

Step 2: Check if there are any remaining white t-shirts after the division.
39 white t-shirts - (3 packages * 13 white t-shirts per package) = 0 remaining white t-shirts

Since there are no remaining white t-shirts, mom will have exactly 3 packages of white t-shirts.

#### 3",text
127,White t - shirts can be purchased in packages of 13. If mom buys 39 white t - shirts How many packages will she have?,Julia played tag with 19 kids on monday. She played tag with 18 kids on tuesday. She spent a total of 38 hours to play tag on both days. How many more kids did she play with on monday than on tuesday?,3,1,"To solve this problem, we need to determine the difference in the number of kids Julia played with on Monday and Tuesday.

Step 1: Identify the number of kids Julia played with on each day.
- On Monday, Julia played with 19 kids.
- On Tuesday, Julia played with 18 kids.

Step 2: Calculate the difference in the number of kids.
- Difference = Number of kids on Monday - Number of kids on Tuesday
- Difference = 19 - 18
- Difference = 1

So, Julia played with 1 more kid on Monday than on Tuesday.

#### 1",text
128,Julia played tag with 19 kids on monday. She played tag with 18 kids on tuesday. She spent a total of 38 hours to play tag on both days. How many more kids did she play with on monday than on tuesday?,3 birds and 4 storks were sitting on the fence. 6 more storks came to join them. How many birds and storks are sitting on the fence?,1,13,"There are 3 birds and 4 storks sitting on the fence. 6 more storks came to join them. 

3 birds + 4 storks + 6 storks = 13 birds and storks. 

#### 13",text
129,3 birds and 4 storks were sitting on the fence. 6 more storks came to join them. How many birds and storks are sitting on the fence?,He then went to see the oranges being harvested. He found out that they harvest 16 sacks per day and that each sack containes 57 oranges. How many days will it take to harvest 80 sacks of oranges?,13,5,"To solve this problem, we need to determine how many days it will take to harvest 80 sacks of oranges, given that they harvest 16 sacks per day and each sack contains 57 oranges.

Step 1: Calculate the total number of oranges harvested per day.
16 sacks/day * 57 oranges/sack = 912 oranges/day

Step 2: Determine the number of days required to harvest 80 sacks.
80 sacks / 16 sacks/day = 5 days

Therefore, it will take 5 days to harvest 80 sacks of oranges.

#### 5",text
130,He then went to see the oranges being harvested. He found out that they harvest 16 sacks per day and that each sack containes 57 oranges. How many days will it take to harvest 80 sacks of oranges?,Adam has 3 more apples than jackie. Adam has 9 apples. How many apples does Jackie have?,5,6,"Adam has 3 more apples than Jackie, so Jackie has 9 - 3 = 6 apples. 

#### 6",text
131,Adam has 3 more apples than jackie. Adam has 9 apples. How many apples does Jackie have?,An industrial machine can make 3 shirts per minute. It made 6 shirts in all. How many minutes was the machine working?,6,2,"To solve this problem, we need to determine how many minutes the machine was working to produce 6 shirts, given that it can make 3 shirts per minute.

Step 1: Identify the rate at which the machine works.
The machine can make 3 shirts per minute.

Step 2: Determine the total number of shirts produced.
The machine made 6 shirts in total.

Step 3: Use the formula:
Time = (Total number of shirts) / (Shirts per minute)

Step 4: Substitute the given values into the formula:
Time = 6 shirts / 3 shirts per minute

Step 5: Perform the division:
Time = 2 minutes

Therefore, the machine was working for 2 minutes.

#### 2",text
132,An industrial machine can make 3 shirts per minute. It made 6 shirts in all. How many minutes was the machine working?,Allan brought 5 balloons. If Allan and Jake brought total of 6 balloons to the park How many balloons did Jake bring to the park?,2,1,"To solve this problem, we need to determine how many balloons Jake brought to the park. We know that Allan brought 5 balloons and the total number of balloons brought by both Allan and Jake is 6.

Let's break it down step by step:

1. We know that Allan brought 5 balloons.
2. The total number of balloons brought by Allan and Jake is 6.

To find out how many balloons Jake brought, we can subtract the number of balloons Allan brought from the total number of balloons:

Jake's balloons = Total balloons - Allan's balloons
Jake's balloons = 6 - 5

Jake's balloons = 1

Therefore, Jake brought 1 balloon to the park.

#### 1",text
133,Allan brought 5 balloons. If Allan and Jake brought total of 6 balloons to the park How many balloons did Jake bring to the park?,After resting they decided to go for a swim. The depth of the water is 9 times Dean's height. If Ron is 15 feet tall and Dean is 6 feet shorter than Ron How deep was the water?,1,81,"Step 1: Determine Dean's height.
Ron's height = 15 feet
Dean's height = Ron's height - 6 feet
Dean's height = 15 feet - 6 feet
Dean's height = 9 feet

Step 2: Calculate the depth of the water.
Depth of the water = 9 times Dean's height
Depth of the water = 9 * 9 feet
Depth of the water = 81 feet

#### <answer>81 feet",text
134,After resting they decided to go for a swim. The depth of the water is 9 times Dean's height. If Ron is 15 feet tall and Dean is 6 feet shorter than Ron How deep was the water?,"The grasshopper, the frog and the mouse had a jumping contest. The grasshopper jumped 39 inches. The grasshopper jumped 19 inches farther than the frog and the mouse jumped 12 inches lesser than the frog. How far did the mouse jump?",81,8,"The grasshopper jumped 39 inches. The grasshopper jumped 19 inches farther than the frog, so the frog jumped 39 - 19 = 20 inches. The mouse jumped 12 inches lesser than the frog, so the mouse jumped 20 - 12 = 8 inches. 

#### 8",text
135,"The grasshopper, the frog and the mouse had a jumping contest. The grasshopper jumped 39 inches. The grasshopper jumped 19 inches farther than the frog and the mouse jumped 12 inches lesser than the frog. How far did the mouse jump?",Tiffany was collecting cans for recycling. On monday she had 3 bags of cans. The next day she found 7 more bags of cans and 44 bags of bottles. How many bags of cans did she have altogether?,8,10,"Tiffany had 3 bags of cans on Monday. On Tuesday, she found 7 more bags of cans. To find out how many bags of cans she had altogether, we add the number of bags she had on Monday and Tuesday together. 

3 bags (Monday) + 7 bags (Tuesday) = 10 bags

So, Tiffany had 10 bags of cans altogether. #### 10",text
136,Tiffany was collecting cans for recycling. On monday she had 3 bags of cans. The next day she found 7 more bags of cans and 44 bags of bottles. How many bags of cans did she have altogether?,Jerry had 2 action figures and 10 books on a shelf in his room. Later he added 4 more action figures to the shelf. How many more books than action figures were on his shelf?,10,4,"Step 1: Determine the total number of action figures on the shelf.
Jerry initially had 2 action figures, and he added 4 more. 
Total action figures = 2 + 4 = 6

Step 2: Determine the total number of books on the shelf.
Jerry initially had 10 books, and no additional books were added.
Total books = 10

Step 3: Calculate the difference between the number of books and action figures.
Difference = Total books - Total action figures
Difference = 10 - 6 = 4

Jerry had 4 more books than action figures on his shelf.

#### 4",text
137,Jerry had 2 action figures and 10 books on a shelf in his room. Later he added 4 more action figures to the shelf. How many more books than action figures were on his shelf?,Winter is almost here and most animals are migrating to warmer countries. 86 bird families flew away for the winter from near a mountain. If there were 45 bird families living near the mountain initially How many more bird families flew away for the winter than those that stayed behind?,4,127,"First, we need to find out how many bird families stayed behind. We do this by subtracting the number of bird families that flew away from the total number of bird families living near the mountain initially. 

45 bird families (initial) - 86 bird families (flew away) = -41 bird families

Since the number of bird families that stayed behind cannot be negative, it means that all 86 bird families flew away for the winter. 

Next, we need to find out how many more bird families flew away for the winter than those that stayed behind. Since all 86 bird families flew away, the number of bird families that stayed behind is 0. 

86 bird families (flew away) - 0 bird families (stayed behind) = 86 bird families

Therefore, 86 more bird families flew away for the winter than those that stayed behind. 

#### 86",neither
138,Winter is almost here and most animals are migrating to warmer countries. 86 bird families flew away for the winter from near a mountain. If there were 45 bird families living near the mountain initially How many more bird families flew away for the winter than those that stayed behind?,There are 11 baskets of peaches. Each basket has 10 red peaches and 18 green peaches. How many peaches are in the baskets altogether?,127,308,"To solve this problem, we need to calculate the total number of peaches in the baskets. We know that each basket contains 10 red peaches and 18 green peaches. 

Step 1: Calculate the total number of peaches in one basket.
10 red peaches + 18 green peaches = 28 peaches

Step 2: Multiply the total number of peaches in one basket by the number of baskets.
28 peaches/basket * 11 baskets = 308 peaches

So, there are 308 peaches in the baskets altogether.

#### 308",text
139,There are 11 baskets of peaches. Each basket has 10 red peaches and 18 green peaches. How many peaches are in the baskets altogether?,Adam has 9 apples. Jackie has 10 apples. How many more apples does Jackie have than Adam?,308,1,"To solve this problem, we need to find the difference in the number of apples between Jackie and Adam. 

Step 1: Identify the number of apples each person has.
- Adam has 9 apples.
- Jackie has 10 apples.

Step 2: Subtract the number of apples Adam has from the number of apples Jackie has.
- 10 apples (Jackie) - 9 apples (Adam) = 1 apple

So, Jackie has 1 more apple than Adam.

#### 1",text
140,Adam has 9 apples. Jackie has 10 apples. How many more apples does Jackie have than Adam?,The school is planning a field trip. The school has 72 classrooms. There are 3 seats on each school bus. If there are a total of 111 students in the school How many buses are needed to take the trip?,1,37,"To solve this problem, we need to determine how many buses are needed to transport 111 students, given that each bus can hold 3 students.

Step 1: Calculate the number of buses needed.
We divide the total number of students by the number of seats per bus:
\[ \text{Number of buses} = \frac{\text{Total number of students}}{\text{Number of seats per bus}} \]
\[ \text{Number of buses} = \frac{111}{3} \]
\[ \text{Number of buses} = 37 \]

Therefore, 37 buses are needed to take the trip.

#### 37",text
141,The school is planning a field trip. The school has 72 classrooms. There are 3 seats on each school bus. If there are a total of 111 students in the school How many buses are needed to take the trip?,Kelly has 80 nintendo games. She found 31 more nintendo games. How many does she need to give away so that she will have 6 games left?,37,105,"Kelly has 80 + 31 = 111 Nintendo games. She needs to give away 111 - 6 = 105 games. 

#### 105",text
142,Kelly has 80 nintendo games. She found 31 more nintendo games. How many does she need to give away so that she will have 6 games left?,Paco had 40 cookies. He ate 2 of them. Then he bought 37 more cookies How many cookies did Paco have left?,105,75,"Paco had 40 cookies. He ate 2 of them, so he had 40 - 2 = 38 cookies left. Then he bought 37 more cookies, so he had 38 + 37 = 75 cookies. 

#### 75",text
143,Paco had 40 cookies. He ate 2 of them. Then he bought 37 more cookies How many cookies did Paco have left?,Mary is baking a cake. The recipe calls for 6 cups of sugar and 9 cups of flour. She already put in 2 cups of flour. How many more cups of flour than cups of sugar does she need to add now?,75,1,"1. The problem states that Mary is baking a cake and the recipe calls for 6 cups of sugar and 9 cups of flour. She has already put in 2 cups of flour. We need to find out how many more cups of flour than cups of sugar she needs to add now.
2. By problem, Mary has already put in 2 cups of flour. To find out how many cups of flour she still needs, we subtract the amount she has already put in from the total amount required: 9 cups - 2 cups = 9 - 2 = 7 cups of flour.
3. By problem, the recipe calls for 6 cups of sugar. To find out how many more cups of flour than cups of sugar she needs to add now, we subtract the amount of sugar from the amount of flour she still needs: 7 cups - 6 cups = 7 - 6 = 1 cup.
4. [Final solution] Thus, Mary needs to add 1 more cup of flour than cups of sugar. #### 1.",text
144,Mary is baking a cake. The recipe calls for 6 cups of sugar and 9 cups of flour. She already put in 2 cups of flour. How many more cups of flour than cups of sugar does she need to add now?,Paul got a box of 457 erasers and 617 crayons for his birthday. At the end of the school year he only had 523 crayons left while not having lost a single eraser. How many more crayons than erasers did he have left?,1,66,"To solve this problem, we need to find out how many more crayons than erasers Paul had left at the end of the school year.

Step 1: Determine the number of erasers and crayons Paul had left.
- Paul had 523 crayons left.
- Paul had 457 erasers left.

Step 2: Calculate the difference between the number of crayons and erasers.
- Difference = Number of crayons - Number of erasers
- Difference = 523 - 457

Step 3: Perform the subtraction.
- Difference = 66

So, Paul had 66 more crayons than erasers left at the end of the school year.

#### 66",text
145,Paul got a box of 457 erasers and 617 crayons for his birthday. At the end of the school year he only had 523 crayons left while not having lost a single eraser. How many more crayons than erasers did he have left?,There are 4 different books and 17 different movies in the ' crazy silly school ' series. If you read 19 of the books and watched 7 of the movies How many more movies do you still have to watch?,66,10,"To solve this problem, we need to determine how many more movies Paul has to watch after reading 19 books and watching 7 movies.

Step 1: Identify the total number of movies in the series.
There are 17 different movies in the 'crazy silly school' series.

Step 2: Identify the number of movies Paul has already watched.
Paul has watched 7 movies.

Step 3: Calculate the number of movies Paul still has to watch.
To find out how many more movies Paul has to watch, we subtract the number of movies he has already watched from the total number of movies in the series.
17 (total movies) - 7 (watched movies) = 10 (movies to watch)

So, Paul still has to watch 10 more movies.

#### 10",text
146,There are 4 different books and 17 different movies in the ' crazy silly school ' series. If you read 19 of the books and watched 7 of the movies How many more movies do you still have to watch?,Debby bought some water bottles when they were on sale. She drank 109 bottles a day. If the bottles lasted for 74 days How many bottles had she bought?,10,8066,"To find out how many bottles Debby bought, we need to multiply the number of bottles she drank per day by the number of days the bottles lasted. 

109 bottles/day * 74 days = 8166 bottles

Debby bought 8166 bottles. 

#### 8166",neither
147,Debby bought some water bottles when they were on sale. She drank 109 bottles a day. If the bottles lasted for 74 days How many bottles had she bought?,Katie had 62 new games and 80 old games. Her friends had 73 new games and 41 old games. How many old games do they have 3,8066,121,"Step 1: Determine the total number of old games that Katie and her friends have.
Katie has 80 old games, and her friends have 41 old games. 
Total old games = Katie's old games + friends' old games
Total old games = 80 + 41
Total old games = 121

Step 2: Determine the total number of old games that Katie and her friends have.
Katie has 62 new games, and her friends have 73 new games.
Total new games = Katie's new games + friends' new games
Total new games = 62 + 73
Total new games = 135

Step 3: Determine the total number of games that Katie and her friends have.
Total games = Total old games + Total new games
Total games = 121 + 135
Total games = 256

Step 4: Determine the number of old games that Katie and her friends have 3 times.
Total old games 3 times = Total old games * 3
Total old games 3 times = 121 * 3
Total old games 3 times = 363

#### 363",neither
148,Katie had 62 new games and 80 old games. Her friends had 73 new games and 41 old games. How many old games do they have 3,We ordered 9 pizzas. Each pizza has 10 slices. If there are 2 of us How many slices of pizza does each of us get if distributed equally?,121,45,"To solve this problem, we need to determine how many slices of pizza each person gets if the 9 pizzas are distributed equally among 2 people.

Step 1: Calculate the total number of slices.
Each pizza has 10 slices, and there are 9 pizzas.
Total slices = 9 pizzas * 10 slices per pizza = 90 slices

Step 2: Divide the total number of slices by the number of people.
There are 2 people.
Slices per person = 90 slices / 2 people = 45 slices per person

So, each person gets 45 slices of pizza.

#### 45",text
149,We ordered 9 pizzas. Each pizza has 10 slices. If there are 2 of us How many slices of pizza does each of us get if distributed equally?,6 storks and 2 birds were sitting on the fence. 3 more birds came to join them. How many more storks than birds are sitting on the fence?,45,1,"Step 1: Determine the total number of birds on the fence.
Initially, there are 2 birds on the fence. 3 more birds join them, so the total number of birds is 2 + 3 = 5 birds.

Step 2: Determine the total number of storks on the fence.
There are 6 storks on the fence.

Step 3: Calculate the difference between the number of storks and birds.
The difference is 6 storks - 5 birds = 1 stork.

#### <answer>1",text
150,6 storks and 2 birds were sitting on the fence. 3 more birds came to join them. How many more storks than birds are sitting on the fence?,During summer break 819058 kids from Lawrence county go to camp and the other 668278 kids stay home. How many more kids spent their summer break at the camp compared to those who stayed home?,1,150780,"To find out how many more kids spent their summer break at the camp compared to those who stayed home, we need to subtract the number of kids who stayed home from the number of kids who went to camp.

Step 1: Identify the numbers
- Kids who went to camp: 819058
- Kids who stayed home: 668278

Step 2: Subtract the number of kids who stayed home from the number of kids who went to camp
819058 - 668278 = 150780

So, 150780 more kids spent their summer break at the camp compared to those who stayed home.

#### 150780",text
151,During summer break 819058 kids from Lawrence county go to camp and the other 668278 kids stay home. How many more kids spent their summer break at the camp compared to those who stayed home?,At the arcade Dave had won 7 tickets. He used some tickets to buy toys. If he still has 2 tickets left How many tickets did Dave use to buy toys?,150780,5,"Dave had 7 tickets. He used some tickets to buy toys. If he still has 2 tickets left, he used 7 - 2 = 5 tickets to buy toys. #### 5",text
152,At the arcade Dave had won 7 tickets. He used some tickets to buy toys. If he still has 2 tickets left How many tickets did Dave use to buy toys?,Jerry had some action figures on a shelf in his room. Later he added 7 more action figures to the shelf. If there are a total of 10 action figures on his shelf now How many action figures did he have initially on the shelf?,5,3,"To solve this problem, we need to determine how many action figures Jerry had initially on the shelf before he added 7 more.

We know that after adding 7 more action figures, Jerry has a total of 10 action figures on the shelf.

Let's denote the initial number of action figures as x.

According to the problem, the equation can be set up as follows:
x + 7 = 10

To find the initial number of action figures, we need to isolate x. We can do this by subtracting 7 from both sides of the equation:

x + 7 - 7 = 10 - 7

This simplifies to:

x = 3

Therefore, Jerry initially had 3 action figures on the shelf.

#### 3",text
153,Jerry had some action figures on a shelf in his room. Later he added 7 more action figures to the shelf. If there are a total of 10 action figures on his shelf now How many action figures did he have initially on the shelf?,Paul had 71 books. After selling some in a garage sale he bought 38 new ones. If he has 116 books now How many more books did he buy than he sold?,3,45,"71 + 38 = 109
116 - 109 = 7
He bought 7 more books than he sold. #### 7",neither
154,Paul had 71 books. After selling some in a garage sale he bought 38 new ones. If he has 116 books now How many more books did he buy than he sold?,Paul got a box of some crayons for his birthday. During the school year he gave 52 crayons to his friends while he lost 535 crayons. If he only had 492 crayons left How many crayons had been lost or given away?,45,587,"To solve this problem, we need to determine the total number of crayons that Paul lost or gave away. We know that Paul had 492 crayons left after giving some to his friends and losing some. 

Let's break down the information given:
- Paul had 492 crayons left.
- He gave 52 crayons to his friends.
- He lost 535 crayons.

We can calculate the total number of crayons lost or given away by adding the number of crayons given away and the number of crayons lost:

Total crayons lost or given away = Number of crayons given away + Number of crayons lost
Total crayons lost or given away = 52 + 535

Now, let's perform the addition:

Total crayons lost or given away = 587

Therefore, Paul lost or gave away a total of 587 crayons.

#### 587",text
155,Paul got a box of some crayons for his birthday. During the school year he gave 52 crayons to his friends while he lost 535 crayons. If he only had 492 crayons left How many crayons had been lost or given away?,Adam could fit 11 action figures on each shelf in his room. His room has 4 shelves and 40 cabinets. How many total action figures could his shelves hold?,587,44,"To solve this problem, we need to calculate the total number of action figures that Adam's shelves can hold. We know that each shelf can hold 11 action figures, and there are 4 shelves in total. 

Step 1: Calculate the total number of action figures that the shelves can hold.
- Number of shelves: 4
- Number of action figures per shelf: 11

Total number of action figures = Number of shelves * Number of action figures per shelf
Total number of action figures = 4 * 11
Total number of action figures = 44

So, Adam's shelves can hold a total of 44 action figures.

#### 44",text
156,Adam could fit 11 action figures on each shelf in his room. His room has 4 shelves and 40 cabinets. How many total action figures could his shelves hold?,The ring toss game at the carnival made 144 dollars per day. They were at the carnival for 22 days. How much money did they make?,44,3168,"To find out how much money the ring toss game made at the carnival, we need to multiply the daily earnings by the number of days they were at the carnival.

Daily earnings = 144 dollars
Number of days = 22

Total earnings = Daily earnings * Number of days
Total earnings = 144 dollars * 22

Total earnings = 3168 dollars

#### 3168",text
157,The ring toss game at the carnival made 144 dollars per day. They were at the carnival for 22 days. How much money did they make?,Brenda's mother made cookies for 5. She prepared 22 cookies but had to throw away 17 cookies. If each of them had the same number of cookies How many did each of them have?,3168,1,"Step 1: Determine the total number of cookies made by Brenda's mother.
Brenda's mother made 22 cookies.

Step 2: Determine the number of cookies left after throwing away some.
Brenda's mother threw away 17 cookies, so the number of cookies left is 22 - 17 = 5 cookies.

Step 3: Determine the number of cookies each person had.
There were 5 people in total, so each person had 5 cookies / 5 people = 1 cookie.

Therefore, each person had 1 cookie.

#### 1",text
158,Brenda's mother made cookies for 5. She prepared 22 cookies but had to throw away 17 cookies. If each of them had the same number of cookies How many did each of them have?,White t - shirts can be purchased in packages of 53. If mom buys 57 packages of white t - shirts and 34 trousers How many white t - shirts will she have?,1,3021,"To solve this problem, we need to determine the total number of white t-shirts mom will have after purchasing 57 packages. Each package contains 53 white t-shirts. 

Step 1: Calculate the total number of white t-shirts in the packages.
57 packages * 53 white t-shirts per package = 3,021 white t-shirts

Therefore, mom will have 3,021 white t-shirts.

#### 3021",text
159,White t - shirts can be purchased in packages of 53. If mom buys 57 packages of white t - shirts and 34 trousers How many white t - shirts will she have?,He then went to see the oranges being harvested. He found out that they harvest 5 sacks of ripe oranges and 74 sacks of unripe oranges per day. How many more sacks of unripe oranges than ripe oranges are harvested per day?,3021,69,"To solve this problem, we need to find out how many more sacks of unripe oranges than ripe oranges are harvested per day. 

Step 1: Identify the number of sacks of ripe oranges harvested per day.
- The problem states that they harvest 5 sacks of ripe oranges per day.

Step 2: Identify the number of sacks of unripe oranges harvested per day.
- The problem states that they harvest 74 sacks of unripe oranges per day.

Step 3: Calculate the difference between the number of sacks of unripe oranges and ripe oranges harvested per day.
- Subtract the number of sacks of ripe oranges from the number of sacks of unripe oranges: 74 - 5 = 69.

Therefore, there are 69 more sacks of unripe oranges than ripe oranges harvested per day.

#### 69",text
160,He then went to see the oranges being harvested. He found out that they harvest 5 sacks of ripe oranges and 74 sacks of unripe oranges per day. How many more sacks of unripe oranges than ripe oranges are harvested per day?,"Julia played tag with 14 kids on monday, 2 kids on tuesday and 8 kids on wednesday. How many more kids did she play with on monday than on wednesday?",69,6,"Step 1: Identify the number of kids Julia played with on Monday and Wednesday.
- On Monday, Julia played with 14 kids.
- On Wednesday, Julia played with 8 kids.

Step 2: Calculate the difference in the number of kids played with on Monday and Wednesday.
- Difference = Number of kids on Monday - Number of kids on Wednesday
- Difference = 14 - 8

Step 3: Perform the subtraction to find the difference.
- Difference = 6

Julia played with 6 more kids on Monday than on Wednesday.

#### 6",text
161,"Julia played tag with 14 kids on monday, 2 kids on tuesday and 8 kids on wednesday. How many more kids did she play with on monday than on wednesday?",Paco had 13 cookies. He ate 2 of them. Then he bought 36 more cookies How many more cookies did he buy than those he ate?,6,34,"Paco bought 36 cookies and ate 2 cookies. 
To find out how many more cookies he bought than those he ate, we subtract the number of cookies he ate from the number of cookies he bought. 
36 - 2 = 34 
Therefore, Paco bought 34 more cookies than those he ate. 
#### 34",text
162,Paco had 13 cookies. He ate 2 of them. Then he bought 36 more cookies How many more cookies did he buy than those he ate?,White t - shirts can be purchased in packages. If mom buys 28 packages which contain 56 white t - shirts in total How many white t - shirts does each package have?,34,2,"To find out how many white t-shirts each package contains, we need to divide the total number of white t-shirts by the number of packages.

Total number of white t-shirts = 56
Number of packages = 28

Each package contains white t-shirts = Total number of white t-shirts / Number of packages
Each package contains white t-shirts = 56 / 28

Each package contains white t-shirts = 2

So, each package contains 2 white t-shirts.

#### 2",text
163,White t - shirts can be purchased in packages. If mom buys 28 packages which contain 56 white t - shirts in total How many white t - shirts does each package have?,The school has 304 grades and each grade has 75 students How many students were there in total?,2,22800,"To find the total number of students, we need to multiply the number of grades by the number of students per grade.

Total number of students = Number of grades × Number of students per grade

Total number of students = 304 grades × 75 students per grade

Total number of students = 22800 students

Therefore, there were 22,800 students in total. 

#### 22800",text
164,The school has 304 grades and each grade has 75 students How many students were there in total?,He then went to see the oranges being harvested. He found out that they harvest 25 sacks of unripe oranges and 5 sacks of ripe oranges per day. How many sacks of ripe oranges will they have after 73 days of harvest?,22800,365,"To solve this problem, we need to determine the total number of sacks of ripe oranges harvested after 73 days. We know that 5 sacks of ripe oranges are harvested per day. 

Step 1: Calculate the total number of sacks of ripe oranges harvested in 73 days.
5 sacks/day * 73 days = 365 sacks

Therefore, after 73 days of harvest, they will have 365 sacks of ripe oranges.

#### 365",text
165,He then went to see the oranges being harvested. He found out that they harvest 25 sacks of unripe oranges and 5 sacks of ripe oranges per day. How many sacks of ripe oranges will they have after 73 days of harvest?,The Razorback shop makes $ 192 dollars off each t-shirt and $ 34 off each jersey. During the Arkansas and Texas tech game they sold 157 t-shirts and 19 jerseys. How much more does a t-shirt cost than a jersey?,365,158,"To solve this problem, we need to find the difference in cost between a t-shirt and a jersey.

1. Calculate the total revenue from t-shirts:
   - Revenue per t-shirt = $192
   - Number of t-shirts sold = 157
   - Total revenue from t-shirts = $192 * 157 = $30,144

2. Calculate the total revenue from jerseys:
   - Revenue per jersey = $34
   - Number of jerseys sold = 19
   - Total revenue from jerseys = $34 * 19 = $646

3. Calculate the total revenue from both t-shirts and jerseys:
   - Total revenue = Revenue from t-shirts + Revenue from jerseys
   - Total revenue = $30,144 + $646 = $30,790

4. Calculate the difference in cost between a t-shirt and a jersey:
   - Difference in cost = Revenue per t-shirt - Revenue per jersey
   - Difference in cost = $192 - $34 = $158

Therefore, a t-shirt costs $158 more than a jersey.

#### 158",text
166,The Razorback shop makes $ 192 dollars off each t-shirt and $ 34 off each jersey. During the Arkansas and Texas tech game they sold 157 t-shirts and 19 jerseys. How much more does a t-shirt cost than a jersey?,Steven has 14 peaches. Jake has 6 fewer peaches than Steven and 3 more peaches than Jill. How many peaches does Jill have?,158,5,Jake has 14 - 6 = 8 peaches. Jill has 8 - 3 = 5 peaches. Jill has 5 peaches.,text
167,Steven has 14 peaches. Jake has 6 fewer peaches than Steven and 3 more peaches than Jill. How many peaches does Jill have?,A waiter had 12 customers. While 15 customers left he got 14 new customers. How many customers does he still have?,5,11,"Step 1: Determine the initial number of customers the waiter had.
Initial number of customers = 12

Step 2: Determine the number of customers who left.
Number of customers who left = 15

Step 3: Determine the number of new customers the waiter got.
Number of new customers = 14

Step 4: Calculate the total number of customers the waiter had after the new customers arrived.
Total number of customers = Initial number of customers - Number of customers who left + Number of new customers
Total number of customers = 12 - 15 + 14

Step 5: Perform the arithmetic operations to find the total number of customers.
Total number of customers = 12 - 15 + 14 = 11

The waiter still has 11 customers. 

#### 11",text
168,A waiter had 12 customers. While 15 customers left he got 14 new customers. How many customers does he still have?,Allan brought 2 balloons and Jake brought 4 balloons to the park. Allan then bought 3 more balloons at the park. How many more balloons did Allan have than Jake in the park?,11,1,"Step 1: Determine the total number of balloons Allan brought to the park.
Allan brought 2 balloons + 3 more balloons = 5 balloons.

Step 2: Determine the total number of balloons Jake brought to the park.
Jake brought 4 balloons.

Step 3: Calculate the difference in the number of balloons between Allan and Jake.
Allan had 5 balloons - 4 balloons = 1 more balloon than Jake.

#### <answer>1",text
169,Allan brought 2 balloons and Jake brought 4 balloons to the park. Allan then bought 3 more balloons at the park. How many more balloons did Allan have than Jake in the park?,"Being his favorite, he saved checking on the grapevines for his last stop. He was told by 235 of the pickers that they fill 100 drums of raspberries per day and 221 drums of grapes per day. How many drums of grapes would be filled in 77 days?",1,17017,"To solve this problem, we need to find out how many drums of grapes would be filled in 77 days. We know that 221 drums of grapes are filled per day. 

Let's break down the information given:
- Number of drums of grapes filled per day: 221
- Number of days: 77

We can use the formula:
Number of drums of grapes filled in 77 days = Number of drums of grapes filled per day * Number of days

Number of drums of grapes filled in 77 days = 221 * 77

Now, let's calculate the result:

Number of drums of grapes filled in 77 days = 221 * 77 = 16,917

Therefore, the number of drums of grapes that would be filled in 77 days is 16,917.

#### 16917",neither
170,"Being his favorite, he saved checking on the grapevines for his last stop. He was told by 235 of the pickers that they fill 100 drums of raspberries per day and 221 drums of grapes per day. How many drums of grapes would be filled in 77 days?",Ed had 6 more marbles than Doug. Doug lost 7 of his marbles at the playground. If Ed had 22 marbles How many marbles does Doug have now?,17017,9,Doug had 22 - 6 = 16 marbles. Doug had 16 - 7 = 9 marbles. Doug has 9 marbles now. #### 9,text
171,Ed had 6 more marbles than Doug. Doug lost 7 of his marbles at the playground. If Ed had 22 marbles How many marbles does Doug have now?,At the arcade Dave had won 18 tickets. If he used 5 to buy some toys and 11 more to buy some clothes How many tickets did Dave have left?,9,2,"Dave had 18 tickets. He used 5 tickets to buy toys and 11 tickets to buy clothes. To find out how many tickets Dave had left, we subtract the number of tickets he used from the total number of tickets he had. 

18 - 5 = 13
13 - 11 = 2

Dave had 2 tickets left. 

#### 2",text
172,At the arcade Dave had won 18 tickets. If he used 5 to buy some toys and 11 more to buy some clothes How many tickets did Dave have left?,Danny has 21 bottle caps in his collection. He found some more bottle caps at the park. If he has 53 bottle caps now How many bottle caps did he find at the park?,2,32,"To solve this problem, we need to determine how many bottle caps Danny found at the park. We know that Danny initially had 21 bottle caps and now has 53 bottle caps. 

Step 1: Subtract the initial number of bottle caps from the current number of bottle caps to find out how many bottle caps Danny found.
53 (current number of bottle caps) - 21 (initial number of bottle caps) = 32

Danny found 32 bottle caps at the park.

#### 32",text
173,Danny has 21 bottle caps in his collection. He found some more bottle caps at the park. If he has 53 bottle caps now How many bottle caps did he find at the park?,Paul got a box of 65 crayons for his birthday. During the school year he gave 213 crayons to his friends while he lost 16 crayons. How many crayons had been lost or given away?,32,229,"To solve this problem, we need to find out how many crayons Paul had left after giving some to his friends and losing some.

1. Paul started with 65 crayons.
2. He gave away 213 crayons to his friends.
3. He also lost 16 crayons.

To find out how many crayons were lost or given away, we add the number of crayons given away and the number of crayons lost:

213 (given away) + 16 (lost) = 229

So, Paul had 229 crayons lost or given away.

#### 229",text
174,Paul got a box of 65 crayons for his birthday. During the school year he gave 213 crayons to his friends while he lost 16 crayons. How many crayons had been lost or given away?,At the arcade Dave had won 14 tickets and lost 2 tickets. If he used 10 to buy some toys How many tickets did Dave have left?,229,2,"Dave had 14 tickets and lost 2 tickets, so he had 14 - 2 = 12 tickets. He used 10 tickets to buy toys, so he had 12 - 10 = 2 tickets left. 

#### 2",text
175,At the arcade Dave had won 14 tickets and lost 2 tickets. If he used 10 to buy some toys How many tickets did Dave have left?,"A grocery store had 72 bottles of regular soda, 32 bottles of diet soda and 78 apples. How many more bottles than apple did they have?",2,26,"To solve this problem, we need to find out how many more bottles of soda there are compared to the number of apples.

Step 1: Add the number of regular soda bottles and diet soda bottles together.
72 (regular soda) + 32 (diet soda) = 104 bottles of soda.

Step 2: Subtract the number of apples from the total number of soda bottles.
104 (total soda bottles) - 78 (apples) = 26

So, there are 26 more bottles of soda than apples.

#### <answer>26",text
176,"A grocery store had 72 bottles of regular soda, 32 bottles of diet soda and 78 apples. How many more bottles than apple did they have?",Because of the decision Sofia asked the students to suggest specific types of food. If 269 students suggested adding bacon 330 suggested adding mashed potatoes to the menu and 76 suggested adding tomatoes How many more students suggested mashed potatoes than those that suggested bacon?,26,61,"To find out how many more students suggested mashed potatoes than bacon, we need to subtract the number of students who suggested bacon from the number of students who suggested mashed potatoes. 

Step 1: Identify the number of students who suggested mashed potatoes and bacon.
- Mashed potatoes: 330 students
- Bacon: 269 students

Step 2: Subtract the number of students who suggested bacon from the number of students who suggested mashed potatoes.
- 330 (mashed potatoes) - 269 (bacon) = 61

So, 61 more students suggested mashed potatoes than bacon.

#### <answer>61",text
177,Because of the decision Sofia asked the students to suggest specific types of food. If 269 students suggested adding bacon 330 suggested adding mashed potatoes to the menu and 76 suggested adding tomatoes How many more students suggested mashed potatoes than those that suggested bacon?,Because of the decision Sofia asked 310 students to suggest specific types of food. 185 students suggested adding mashed potatoes while others suggested adding bacon to the menu. How many students suggested bacon?,61,125,"To find out how many students suggested bacon, we need to subtract the number of students who suggested mashed potatoes from the total number of students asked to suggest specific types of food.

Total students asked: 310
Students who suggested mashed potatoes: 185

Students who suggested bacon = Total students asked - Students who suggested mashed potatoes
Students who suggested bacon = 310 - 185

Students who suggested bacon = 125

So, 125 students suggested bacon.

#### 125",text
178,Because of the decision Sofia asked 310 students to suggest specific types of food. 185 students suggested adding mashed potatoes while others suggested adding bacon to the menu. How many students suggested bacon?,Lewis earns $ 403 every week during the 233 weeks of harvest. If he has to pay $ 49 rent every week How much money does he earn during harvest season?,125,93899,"To solve this problem, we need to calculate Lewis's total earnings during the harvest season and then subtract the total amount he has to pay for rent.

1. Calculate Lewis's total earnings:
   - Lewis earns $403 every week.
   - The harvest season lasts for 233 weeks.
   - Total earnings = Weekly earnings * Number of weeks
   - Total earnings = $403 * 233

2. Calculate the total amount Lewis has to pay for rent:
   - Lewis has to pay $49 every week.
   - Total rent = Weekly rent * Number of weeks
   - Total rent = $49 * 233

3. Subtract the total rent from the total earnings to find out how much money Lewis earns during the harvest season:
   - Money earned = Total earnings - Total rent
   - Money earned = ($403 * 233) - ($49 * 233)

Let's perform the calculations:

1. Total earnings = $403 * 233 = $94,099
2. Total rent = $49 * 233 = $11,417
3. Money earned = $94,099 - $11,417 = $82,682

Therefore, Lewis earns $82,682 during the harvest season.

####",neither
179,Lewis earns $ 403 every week during the 233 weeks of harvest. If he has to pay $ 49 rent every week How much money does he earn during harvest season?,"They decided to hold the party in their backyard. They have some sets of tables, each having the 3 chairs. If there are a total of 9 chairs in the backyard How many sets of tables do they have?",93899,3,"To solve this problem, we need to determine the number of sets of tables they have. We know that each set of tables has 3 chairs. Let's break down the information given:

- Each set of tables has 3 chairs.
- There are a total of 9 chairs in the backyard.

We can set up the equation as follows:

Number of sets of tables * Number of chairs per set of tables = Total number of chairs

Let's denote the number of sets of tables as ""x"". Therefore, the equation becomes:

x * 3 = 9

To solve for x, we divide both sides of the equation by 3:

x = 9 / 3

x = 3

Therefore, they have 3 sets of tables.

#### 3",text
180,"They decided to hold the party in their backyard. They have some sets of tables, each having the 3 chairs. If there are a total of 9 chairs in the backyard How many sets of tables do they have?","After eating a hearty meal they went to see the Buckingham palace. There, Rachel learned that 705 visitors came to the Buckingham palace that day. If there were 191 visitors the previous day and 457 visitors the day before that How many more visitors visited the Buckingham palace on that day than on the previous 245 days?",3,57,"Step 1: Calculate the total number of visitors in the previous 245 days.
Total visitors in 245 days = 191 (previous day) + 457 (day before) = 648 visitors.

Step 2: Calculate the difference in the number of visitors between the day in question and the previous 245 days.
Difference = 705 (day in question) - 648 (previous 245 days) = 57 visitors.

Answer: 57 more visitors visited the Buckingham palace on that day than on the previous 245 days. #### 57",text
181,"After eating a hearty meal they went to see the Buckingham palace. There, Rachel learned that 705 visitors came to the Buckingham palace that day. If there were 191 visitors the previous day and 457 visitors the day before that How many more visitors visited the Buckingham palace on that day than on the previous 245 days?",There are 11 different books and 17 different movies in the ' crazy silly school ' series. If you read 7 of the books and watched 21 of the movies How many more movies than books have you read?,57,14,"To solve this problem, we need to find out how many more movies than books you have read. 

Step 1: Identify the number of books and movies you have read.
- You have read 7 books.
- You have watched 21 movies.

Step 2: Calculate the difference between the number of movies and books you have read.
- Difference = Number of movies - Number of books
- Difference = 21 - 7

Step 3: Perform the subtraction.
- Difference = 14

So, you have read 14 more movies than books.

#### 14",text
182,There are 11 different books and 17 different movies in the ' crazy silly school ' series. If you read 7 of the books and watched 21 of the movies How many more movies than books have you read?,For the walls of the house he would use 12 large planks of wood and 10 small planks. If large planks together need 15 pieces of nails to be secured and small planks together need 5 nails. How many nails does John need for the house wall?,14,20,"To solve this problem, we need to calculate the total number of nails required for both the large and small planks.

1. Calculate the number of nails needed for the large planks:
   - There are 12 large planks.
   - Each large plank needs 15 nails.
   - Total nails for large planks = 12 * 15 = 180 nails.

2. Calculate the number of nails needed for the small planks:
   - There are 10 small planks.
   - Each small plank needs 5 nails.
   - Total nails for small planks = 10 * 5 = 50 nails.

3. Add the total nails needed for both large and small planks:
   - Total nails = 180 nails (for large planks) + 50 nails (for small planks) = 230 nails.

Therefore, John needs 230 nails for the house wall.

#### 230",neither
183,For the walls of the house he would use 12 large planks of wood and 10 small planks. If large planks together need 15 pieces of nails to be secured and small planks together need 5 nails. How many nails does John need for the house wall?,Matthew gave equal numbers of crackers and cakes to his 28 friends. If he had 13 crackers and 15 cakes initially How many crackers and cakes did each person eat?,20,1,"First, we need to find out how many crackers and cakes Matthew gave to his friends. Since he gave equal numbers of crackers and cakes, we can divide the total number of crackers and cakes by 2 to find out how many of each he gave.

13 crackers / 2 = 6.5 crackers
15 cakes / 2 = 7.5 cakes

Since we can't have half a cracker or half a cake, we'll round down to the nearest whole number. So, Matthew gave 6 crackers and 7 cakes to each friend.

Now, we need to find out how many crackers and cakes each person ate. Since Matthew gave 6 crackers and 7 cakes to each friend, we can subtract the number of crackers and cakes each person ate from the total number of crackers and cakes to find out how many were left.

13 crackers - 6 crackers = 7 crackers left
15 cakes - 7 cakes = 8 cakes left

Since Matthew gave 6 crackers and 7 cakes to each friend, we can divide the number of crackers and cakes left by the number of friends to find out how many crackers and cakes each person ate.

7 crackers",neither
184,Matthew gave equal numbers of crackers and cakes to his 28 friends. If he had 13 crackers and 15 cakes initially How many crackers and cakes did each person eat?,Winter is almost here and most animals are migrating to warmer countries. 27 bird families flew away for the winter from near a mountain. If there were 41 bird families living near the mountain initially How many bird families were left near the mountain?,1,14,"To find out how many bird families were left near the mountain, we need to subtract the number of bird families that flew away from the initial number of bird families.

Initial number of bird families = 41
Number of bird families that flew away = 27

Number of bird families left = Initial number of bird families - Number of bird families that flew away
Number of bird families left = 41 - 27

Number of bird families left = 14

So, 14 bird families were left near the mountain. 

#### 14",text
185,Winter is almost here and most animals are migrating to warmer countries. 27 bird families flew away for the winter from near a mountain. If there were 41 bird families living near the mountain initially How many bird families were left near the mountain?,Rebecca wants to split a collection of eggs into groups of 20. Rebecca has 5 marbles and 12 eggs. How many more eggs does Rebecca have than marbles?,14,7,"To solve this problem, we need to determine how many more eggs Rebecca has than marbles. Let's break it down step by step.

1. **Identify the number of marbles and eggs:**
   - Rebecca has 5 marbles.
   - Rebecca has 12 eggs.

2. **Calculate the difference between the number of eggs and marbles:**
   - Subtract the number of marbles from the number of eggs: 12 eggs - 5 marbles = 7.

Therefore, Rebecca has 7 more eggs than marbles.

#### 7",text
186,Rebecca wants to split a collection of eggs into groups of 20. Rebecca has 5 marbles and 12 eggs. How many more eggs does Rebecca have than marbles?,A mailman has to give 32 pieces of junk mail to each of the 55 blocks. If he gives 8 mails to each house in a block How many houses are there in a block?,7,4,"To solve this problem, we need to determine the number of houses in a block. We know that the mailman gives 32 pieces of junk mail to each of the 55 blocks. 

First, let's find out how many pieces of junk mail the mailman gives to each block:
32 pieces of junk mail per block

Next, we need to find out how many pieces of junk mail the mailman gives to each house in a block. We know that the mailman gives 8 mails to each house in a block.

Now, let's calculate the total number of pieces of junk mail given to each block:
32 pieces of junk mail per block * 8 mails per house = 256 pieces of junk mail per block

Since the mailman gives 256 pieces of junk mail to each block, and there are 55 blocks, we can find the total number of pieces of junk mail given:
256 pieces of junk mail per block * 55 blocks = 14,080 pieces of junk mail

Finally, we need to find out how many houses are there in a block. We know that the mailman gives 8 mails to each house in a block. Therefore, the number of houses in a block is:
14,080 pieces",neither
187,A mailman has to give 32 pieces of junk mail to each of the 55 blocks. If he gives 8 mails to each house in a block How many houses are there in a block?,"After eating a hearty meal they went to see the Buckingham palace. There, Rachel learned that 92 visitors came to the Buckingham palace that day. If there were 419 visitors the previous day and 103 visitors the day before that How many visited the Buckingham palace before that day?",4,522,"To find the total number of visitors to the Buckingham Palace before the day Rachel visited, we need to add the number of visitors from the previous day and the day before that to the number of visitors on the day Rachel visited.

Number of visitors on the day Rachel visited: 92
Number of visitors the previous day: 419
Number of visitors the day before that: 103

Total number of visitors before Rachel's visit = 92 + 419 + 103

Total number of visitors before Rachel's visit = 614

Therefore, the total number of visitors to the Buckingham Palace before Rachel's visit is 614.

#### 614",neither
188,"After eating a hearty meal they went to see the Buckingham palace. There, Rachel learned that 92 visitors came to the Buckingham palace that day. If there were 419 visitors the previous day and 103 visitors the day before that How many visited the Buckingham palace before that day?",Danny collects bottle caps and wrappers. He found 65 wrappers and 5 bottle caps at the park. Now he has 31 bottle caps and 9 wrappers in his collection. How many more wrappers than bottle caps did danny find at the park?,522,60,"Danny found 65 wrappers and 5 bottle caps at the park. To find out how many more wrappers than bottle caps Danny found, we subtract the number of bottle caps from the number of wrappers. 

65 wrappers - 5 bottle caps = 60 more wrappers than bottle caps. 

Therefore, Danny found 60 more wrappers than bottle caps at the park. 

#### 60",text
189,Danny collects bottle caps and wrappers. He found 65 wrappers and 5 bottle caps at the park. Now he has 31 bottle caps and 9 wrappers in his collection. How many more wrappers than bottle caps did danny find at the park?,The Razorback t-shirt shop makes $ 87 dollars off each t-shirt sold. During the Arkansas game and the Texas tech game they sold a total of 95 t-shirts. If they sold 47 t-shirts during the Arkansas game How much money did they make from selling the t-shirts?,60,8265,"To solve this problem, we need to determine the total amount of money made from selling the t-shirts. We know that each t-shirt sold makes $87. 

Step 1: Calculate the total number of t-shirts sold during the Arkansas game and the Texas Tech game.
Total t-shirts sold = 95

Step 2: Calculate the number of t-shirts sold during the Texas Tech game.
T-shirts sold during Texas Tech game = Total t-shirts sold - T-shirts sold during Arkansas game
T-shirts sold during Texas Tech game = 95 - 47
T-shirts sold during Texas Tech game = 48

Step 3: Calculate the total amount of money made from selling the t-shirts.
Total money made = T-shirts sold during Arkansas game * Price per t-shirt + T-shirts sold during Texas Tech game * Price per t-shirt
Total money made = 47 * $87 + 48 * $87
Total money made = $4089 + $4176
Total money made = $8265

Therefore, the total amount of money made from selling the t-shirts is $8265.

#### 8265",text
190,The Razorback t-shirt shop makes $ 87 dollars off each t-shirt sold. During the Arkansas game and the Texas tech game they sold a total of 95 t-shirts. If they sold 47 t-shirts during the Arkansas game How much money did they make from selling the t-shirts?,Paco had 41 cookies. He gave 9 cookies to his friend and ate 18 cookies. How many more cookies did he eat than those he gave to his friend?,8265,9,"Paco gave 9 cookies to his friend and ate 18 cookies. To find out how many more cookies he ate than those he gave to his friend, we subtract the number of cookies he gave to his friend from the number of cookies he ate. 

18 cookies (eaten) - 9 cookies (given) = 9 more cookies eaten than given.

#### 9",text
191,Paco had 41 cookies. He gave 9 cookies to his friend and ate 18 cookies. How many more cookies did he eat than those he gave to his friend?,In a school there are 402 more girls than boys. If there are 739 girls How many boys are there in that school?,9,337,"To solve this problem, we need to determine the number of boys in the school. We know that there are 402 more girls than boys. Let's break down the information given:

Number of girls: 739
Number of boys: Number of girls - 402

We can set up the equation as follows:

Number of boys = 739 - 402

Now, let's perform the subtraction:

Number of boys = 337

Therefore, the number of boys in the school is 337.

#### 337",text
192,In a school there are 402 more girls than boys. If there are 739 girls How many boys are there in that school?,Because of the decision Sofia asked the students to suggest specific types of food. 182 students suggested adding mashed potatoes while others suggested adding bacon to the menu. If 166 more students suggested adding bacon than those that suggested mashed potatoes How many students suggested bacon?,337,348,"To solve this problem, we need to determine the number of students who suggested adding bacon to the menu. Let's break down the information given:

1. 182 students suggested adding mashed potatoes.
2. 166 more students suggested adding bacon than those who suggested mashed potatoes.

We can set up the equation as follows:

Number of students who suggested bacon = Number of students who suggested mashed potatoes + 166

Let's substitute the given values into the equation:

Number of students who suggested bacon = 182 + 166

Now, we perform the addition:

Number of students who suggested bacon = 348

Therefore, the number of students who suggested adding bacon to the menu is 348.

#### 348",text
193,Because of the decision Sofia asked the students to suggest specific types of food. 182 students suggested adding mashed potatoes while others suggested adding bacon to the menu. If 166 more students suggested adding bacon than those that suggested mashed potatoes How many students suggested bacon?,"The grasshopper, the frog and the mouse had a jumping contest. The grasshopper jumped 9 inches. The mouse jumped 3 inches lesser than the frog who jumped 33 inches farther than the grasshopper. How far did the mouse jump?",348,39,"The frog jumped 33 inches farther than the grasshopper, so the frog jumped 9 + 33 = 42 inches.
The mouse jumped 3 inches less than the frog, so the mouse jumped 42 - 3 = 39 inches.
Therefore, the mouse jumped 39 inches.

#### 39",text
194,"The grasshopper, the frog and the mouse had a jumping contest. The grasshopper jumped 9 inches. The mouse jumped 3 inches lesser than the frog who jumped 33 inches farther than the grasshopper. How far did the mouse jump?",Ed had 30 more marbles than Doug. Ed lost 21 of his marbles at the playground. If Ed had 91 marbles How many more marbles did Ed have than Doug then?,39,9,"Ed had 30 more marbles than Doug. Ed lost 21 of his marbles at the playground. If Ed had 91 marbles How many more marbles did Ed have than Doug then?

Step 1: Determine the number of marbles Ed had before losing any at the playground.
Ed had 91 marbles after losing 21 marbles at the playground. Therefore, Ed had 91 + 21 = 112 marbles before losing any at the playground.

Step 2: Determine the number of marbles Doug had.
Ed had 30 more marbles than Doug. Therefore, Doug had 112 - 30 = 82 marbles.

Step 3: Determine how many more marbles Ed had than Doug.
Ed had 112 marbles and Doug had 82 marbles. Therefore, Ed had 112 - 82 = 30 more marbles than Doug.

#### 30",neither
195,Ed had 30 more marbles than Doug. Ed lost 21 of his marbles at the playground. If Ed had 91 marbles How many more marbles did Ed have than Doug then?,Danny collects bottle caps. He found 30 bottle caps at the park while he threw away 63 old ones. Now he has 42 bottle caps in his collection. How many more bottle caps did danny throw away than those he found at the park?,9,33,"First, we need to find out how many bottle caps Danny found at the park. We can do this by subtracting the number of bottle caps he has now from the number he found at the park. 

30 bottle caps (found at the park) - 42 bottle caps (now) = -12 bottle caps

Since we can't have negative bottle caps, we know that Danny must have found 12 more bottle caps than he currently has. 

Next, we need to find out how many more bottle caps Danny threw away than those he found at the park. We can do this by subtracting the number of bottle caps he found at the park from the number he threw away. 

63 bottle caps (threw away) - 12 bottle caps (found at the park) = 51 bottle caps

Therefore, Danny threw away 51 more bottle caps than those he found at the park. 

#### 51",neither
196,Danny collects bottle caps. He found 30 bottle caps at the park while he threw away 63 old ones. Now he has 42 bottle caps in his collection. How many more bottle caps did danny throw away than those he found at the park?,There are 384 oranges and 192 bananas in Philip's collection. If the bananas are organized into 345 groups and oranges are organized into 16 groups How big is each group of oranges?,33,24,"To solve this problem, we need to determine the number of oranges in each group. We know that there are 384 oranges and they are organized into 16 groups. 

Let's break it down step by step:

1. We start with the total number of oranges: 384.
2. We divide the total number of oranges by the number of groups: 384 ÷ 16.

Now, let's perform the division:

384 ÷ 16 = 24

So, each group of oranges contains 24 oranges.

Therefore, the answer is 24.",text
197,There are 384 oranges and 192 bananas in Philip's collection. If the bananas are organized into 345 groups and oranges are organized into 16 groups How big is each group of oranges?,Paul got a box of 253 crayons for his birthday. By the end of the school year he had either lost or given away 70 of them. How many crayons did he have left by the end of the school year?,24,183,"To solve this problem, we need to subtract the number of crayons Paul lost or gave away from the total number of crayons he initially had.

Total number of crayons Paul had: 253
Number of crayons lost or given away: 70

We subtract the number of crayons lost or given away from the total number of crayons:

253 - 70 = 183

So, Paul had 183 crayons left by the end of the school year.

#### 183",text
198,Paul got a box of 253 crayons for his birthday. By the end of the school year he had either lost or given away 70 of them. How many crayons did he have left by the end of the school year?,Josh had 15 marbles in his collection. He found 9 marbles while he lost 23 marbles. How many more marbles did he lose than those he found?,183,14,"Step 1: Determine the total number of marbles Josh had after finding more marbles.
Initial marbles = 15
Found marbles = 9
Total marbles = Initial marbles + Found marbles
Total marbles = 15 + 9 = 24

Step 2: Determine the total number of marbles Josh lost.
Lost marbles = 23

Step 3: Calculate the difference between the number of marbles lost and the number of marbles found.
Difference = Lost marbles - Found marbles
Difference = 23 - 9 = 14

Answer: Josh lost 14 more marbles than those he found.
#### 14",text
199,Josh had 15 marbles in his collection. He found 9 marbles while he lost 23 marbles. How many more marbles did he lose than those he found?,An industrial machine can make 6 shirts a minute. It worked for 12 minutes yesterday and for 14 shirts today. How many shirts did machine make altogether?,14,156,"The machine worked for 12 minutes yesterday, so it made 12 * 6 = 72 shirts yesterday.
Today, the machine made 14 shirts.
Altogether, the machine made 72 + 14 = 86 shirts.
#### 86",neither
200,An industrial machine can make 6 shirts a minute. It worked for 12 minutes yesterday and for 14 shirts today. How many shirts did machine make altogether?,A grocery store had 67 bottles of regular soda and 9 bottles of diet soda. How many more bottles of regular soda than diet soda did they have?,156,58,"To solve this problem, we need to find the difference between the number of regular soda bottles and diet soda bottles.

Step 1: Identify the number of regular soda bottles.
- The grocery store had 67 bottles of regular soda.

Step 2: Identify the number of diet soda bottles.
- The grocery store had 9 bottles of diet soda.

Step 3: Subtract the number of diet soda bottles from the number of regular soda bottles.
- 67 (regular soda) - 9 (diet soda) = 58

The grocery store had 58 more bottles of regular soda than diet soda.

#### 58",text
201,A grocery store had 67 bottles of regular soda and 9 bottles of diet soda. How many more bottles of regular soda than diet soda did they have?,Lewis earns $ 21 every week during the 216 weeks of harvest. If he has to pay $ 702 tax How much money will have at the end of the harvest season?,58,3834,"To solve this problem, we need to calculate the total amount of money Lewis earns during the harvest season and then subtract the amount of tax he has to pay.

1. Calculate the total amount of money Lewis earns during the harvest season:
   - Lewis earns $21 every week.
   - The harvest season lasts for 216 weeks.
   - Total earnings = $21 * 216

2. Calculate the total amount of money Lewis earns during the harvest season:
   - Total earnings = $21 * 216 = $4536

3. Subtract the amount of tax Lewis has to pay from his total earnings:
   - Tax = $702
   - Total money after tax = Total earnings - Tax
   - Total money after tax = $4536 - $702

4. Calculate the total money Lewis will have at the end of the harvest season:
   - Total money after tax = $4536 - $702 = $3734

Therefore, Lewis will have $3734 at the end of the harvest season.

#### 3734",neither
202,Lewis earns $ 21 every week during the 216 weeks of harvest. If he has to pay $ 702 tax How much money will have at the end of the harvest season?,Jessie weighed 92 kilograms. After she started to go jogging everyday she lost 56 kilograms in the first week and 99 kilograms in the second week. How much did she weigh after the first week of jogging?,3834,36,"To find out how much Jessie weighed after the first week of jogging, we need to subtract the weight she lost in the first week from her initial weight. 

Initial weight: 92 kilograms
Weight lost in the first week: 56 kilograms

Weight after the first week = Initial weight - Weight lost in the first week
Weight after the first week = 92 kilograms - 56 kilograms

Weight after the first week = 36 kilograms

#### 36",text
203,Jessie weighed 92 kilograms. After she started to go jogging everyday she lost 56 kilograms in the first week and 99 kilograms in the second week. How much did she weigh after the first week of jogging?,There were 21 roses in the vase. Jessica threw away 34 roses from the vase and cut some more new roses from her flower garden to put in the vase. There are now 15 roses in the vase. How many more roses did she throw away than those she cut from her garden?,36,6,"Step 1: Determine the total number of roses in the vase after Jessica threw away some and cut new ones.
Initially, there were 21 roses in the vase. Jessica threw away 34 roses, so the number of roses left in the vase is 21 - 34 = -13 roses. However, this is not possible, so we need to re-evaluate the problem.

Step 2: Re-evaluate the problem and find the correct number of roses thrown away.
The problem states that there are now 15 roses in the vase. This means that Jessica must have cut new roses to replace the ones she threw away. Let's denote the number of roses she cut from her garden as x. Therefore, the equation becomes:
21 (initial roses) - 34 (thrown away) + x (cut from garden) = 15 (current roses)
Simplifying the equation:
21 - 34 + x = 15
-13 + x = 15
x = 15 + 13
x = 28

Step 3: Calculate the difference between the number of roses thrown away and the number of roses cut from the garden.
Jessica threw away 34 roses and cut 28 roses from",neither
204,There were 21 roses in the vase. Jessica threw away 34 roses from the vase and cut some more new roses from her flower garden to put in the vase. There are now 15 roses in the vase. How many more roses did she throw away than those she cut from her garden?,Paco had 25 cookies. He ate 5 of them. Then he bought 3 more cookies How many more cookies did he eat than those he bought?,6,2,"Paco had 25 cookies. He ate 5 of them. Then he bought 3 more cookies. 

How many more cookies did he eat than those he bought?

He ate 5 cookies and bought 3 cookies. 

5 - 3 = 2

He ate 2 more cookies than he bought. 

#### 2",text
205,Paco had 25 cookies. He ate 5 of them. Then he bought 3 more cookies How many more cookies did he eat than those he bought?,Melissa scored a total of 21 points playing some games. Is she scored 7 points in each game. How many games did she play?,2,3,"To solve this problem, we need to determine the number of games Melissa played based on the total points she scored and the points she scored in each game.

1. We know that Melissa scored a total of 21 points.
2. We also know that she scored 7 points in each game.

To find the number of games she played, we divide the total points by the points scored in each game:

21 points / 7 points per game = 3 games

Therefore, Melissa played 3 games.

#### 3",text
206,Melissa scored a total of 21 points playing some games. Is she scored 7 points in each game. How many games did she play?,Paige was helping her mom plant flowers and together they planted 45 seeds in 9 flowerbeds. If they put same number of seeds in each flower bed How many seeds did they plant in each flowerbed?,3,5,"To find out how many seeds they planted in each flowerbed, we need to divide the total number of seeds by the number of flowerbeds. 

Step 1: Identify the total number of seeds and the number of flowerbeds.
- Total number of seeds: 45
- Number of flowerbeds: 9

Step 2: Divide the total number of seeds by the number of flowerbeds.
- 45 seeds ÷ 9 flowerbeds = 5 seeds per flowerbed

So, they planted 5 seeds in each flowerbed.

#### 5",text
207,Paige was helping her mom plant flowers and together they planted 45 seeds in 9 flowerbeds. If they put same number of seeds in each flower bed How many seeds did they plant in each flowerbed?,Jake has 11 fewer peaches than Steven. If Jake has 17 peaches. How many peaches does Steven have?,5,28,"To solve this problem, we need to determine the number of peaches Steven has, given that Jake has 11 fewer peaches than Steven and Jake has 17 peaches.

Step 1: Identify the given information.
- Jake has 17 peaches.
- Jake has 11 fewer peaches than Steven.

Step 2: Set up the equation.
Let's denote the number of peaches Steven has as ""S"". According to the given information, we can write the equation as:
Jake's peaches = Steven's peaches - 11
17 = S - 11

Step 3: Solve the equation for S.
To find the number of peaches Steven has, we need to isolate S. We can do this by adding 11 to both sides of the equation:
17 + 11 = S - 11 + 11
28 = S

Step 4: Conclusion.
Steven has 28 peaches.

#### 28",text
208,Jake has 11 fewer peaches than Steven. If Jake has 17 peaches. How many peaches does Steven have?,Frank was reading through his favorite book. The book had 193 pages equally distributed over 15 chapters. It took Frank 660 days to finish the book. How many chapters did he read per day?,28,44,"Step 1: Calculate the number of pages per chapter.
193 pages / 15 chapters = 12.8667 pages per chapter (rounded to four decimal places)

Step 2: Calculate the number of pages Frank read per day.
660 days / 193 pages = 3.4227 days per page (rounded to four decimal places)

Step 3: Calculate the number of chapters Frank read per day.
12.8667 pages per chapter / 3.4227 days per page = 3.75 chapters per day (rounded to two decimal places)

#### 3.75",neither
209,Frank was reading through his favorite book. The book had 193 pages equally distributed over 15 chapters. It took Frank 660 days to finish the book. How many chapters did he read per day?,Rachel had to complete 5 pages of math homework and 2 pages of reading homework. How many more pages of math homework than reading homework did she have?,44,3,"To solve this problem, we need to find out how many more pages of math homework Rachel had compared to reading homework. 

Step 1: Identify the number of pages for each type of homework.
- Math homework: 5 pages
- Reading homework: 2 pages

Step 2: Subtract the number of pages of reading homework from the number of pages of math homework.
- 5 pages (math homework) - 2 pages (reading homework) = 3 pages

Rachel had 3 more pages of math homework than reading homework.

#### 3",text
210,Rachel had to complete 5 pages of math homework and 2 pages of reading homework. How many more pages of math homework than reading homework did she have?,Frank put some pieces of candy equally into 2 bags. If he had 16 pieces of candy How many pieces of candy are in each bag?,3,8,"To solve this problem, we need to divide the total number of pieces of candy by the number of bags.

Step 1: Identify the total number of pieces of candy and the number of bags.
- Total pieces of candy: 16
- Number of bags: 2

Step 2: Divide the total number of pieces of candy by the number of bags.
- 16 pieces of candy ÷ 2 bags = 8 pieces of candy per bag

So, there are 8 pieces of candy in each bag.

#### 8",text
211,Frank put some pieces of candy equally into 2 bags. If he had 16 pieces of candy How many pieces of candy are in each bag?,Jerry had 8 action figures on a shelf in his room. Later he added 4 more action figures to the shelf and removed 5 old ones. How many action figures were on his shelf in all?,8,7,"Step 1: Start with the initial number of action figures on the shelf, which is 8.
Step 2: Add the 4 new action figures to the initial count: 8 + 4 = 12.
Step 3: Subtract the 5 old action figures from the total: 12 - 5 = 7.
Step 4: The final number of action figures on the shelf is 7.

#### 7",text
212,Jerry had 8 action figures on a shelf in his room. Later he added 4 more action figures to the shelf and removed 5 old ones. How many action figures were on his shelf in all?,Baker made 110 cakes. He sold 75 of them. Then he made 76 more cakes. How many cakes would baker still have?,7,111,"Step 1: Calculate the number of cakes remaining after the first sale.
Baker made 110 cakes and sold 75 of them.
110 - 75 = 35 cakes remaining.

Step 2: Add the number of cakes made after the first sale to the remaining cakes.
Baker made 76 more cakes.
35 + 76 = 111 cakes.

#### 111",text
213,Baker made 110 cakes. He sold 75 of them. Then he made 76 more cakes. How many cakes would baker still have?,Paco ate 19 cookies and had 35 cookies left. How many cookies did he have in the beginning?,111,54,"To solve this problem, we need to determine how many cookies Paco had in the beginning. We know that Paco ate 19 cookies and had 35 cookies left. 

Let's break it down step by step:

1. Paco ate 19 cookies.
2. Paco had 35 cookies left.

To find out how many cookies Paco had in the beginning, we need to add the number of cookies he ate to the number of cookies he had left.

Calculation:
Number of cookies Paco had in the beginning = Number of cookies Paco ate + Number of cookies Paco had left
Number of cookies Paco had in the beginning = 19 + 35

Now, let's perform the addition:
19 + 35 = 54

Therefore, Paco had 54 cookies in the beginning.

#### 54",text
214,Paco ate 19 cookies and had 35 cookies left. How many cookies did he have in the beginning?,Dan has $ 4. He had $ 3 left with him after he bought a candy bar. How much did the candy bar cost?,54,1,"To solve this problem, we need to determine the cost of the candy bar that Dan bought. We know that Dan had $4 initially and $3 left after buying the candy bar.

Step 1: Identify the initial amount of money Dan had.
Initial amount = $4

Step 2: Identify the amount of money Dan had left after buying the candy bar.
Amount left = $3

Step 3: Calculate the cost of the candy bar by subtracting the amount left from the initial amount.
Cost of candy bar = Initial amount - Amount left
Cost of candy bar = $4 - $3

Step 4: Perform the subtraction.
Cost of candy bar = $1

Thus, the candy bar cost $1.

#### <answer>1",text
215,Dan has $ 4. He had $ 3 left with him after he bought a candy bar. How much did the candy bar cost?,For the walls of the house he would use 11 nails in all to secure large planks of wood. If each plank needs 3 pieces of nails to be secured and an additional 8 nails were used. How many planks does John need for the house wall?,1,1,"To solve this problem, we need to determine the number of planks John needs for the house wall. Let's break down the information given:

1. John has 11 nails in total.
2. Each plank needs 3 pieces of nails to be secured.
3. An additional 8 nails were used.

First, let's calculate the total number of nails used for the planks:

Total nails used for planks = 11 nails - 8 nails = 3 nails

Now, let's determine how many planks John can secure with these 3 nails:

Number of planks = Total nails used for planks / Nails per plank
Number of planks = 3 nails / 3 nails per plank = 1 plank

Therefore, John needs 1 plank for the house wall.

#### 1",ambiguous
216,For the walls of the house he would use 11 nails in all to secure large planks of wood. If each plank needs 3 pieces of nails to be secured and an additional 8 nails were used. How many planks does John need for the house wall?,Paige raised 16 goldfish and 71 catfish in the pond but stray cats loved eating them. Now she has 2 left. How many goldfish disappeared?,1,14,"Step 1: Determine the total number of fish Paige initially had.
Paige initially had 16 goldfish + 71 catfish = 87 fish.

Step 2: Determine the number of fish that disappeared.
Paige now has 2 fish left, so 87 fish - 2 fish = 85 fish disappeared.

Step 3: Determine the number of goldfish that disappeared.
Since Paige initially had 16 goldfish, and 85 fish disappeared, 16 goldfish - 85 fish = -69 goldfish.

However, since it's not possible to have a negative number of goldfish, it means all the goldfish disappeared.

Answer: All 16 goldfish disappeared.",neither
217,Paige raised 16 goldfish and 71 catfish in the pond but stray cats loved eating them. Now she has 2 left. How many goldfish disappeared?,Baker sold 44 cakes. If he had made 48 cakes initially How many cakes would baker still have?,14,4,"To solve this problem, we need to determine how many cakes the baker would still have after selling some of them. We'll use the given information to find the answer.

Step 1: Identify the initial number of cakes.
The baker initially made 48 cakes.

Step 2: Identify the number of cakes sold.
The baker sold 44 cakes.

Step 3: Subtract the number of cakes sold from the initial number of cakes.
48 cakes - 44 cakes = 4 cakes

The baker would still have 4 cakes.

#### 4",text
218,Baker sold 44 cakes. If he had made 48 cakes initially How many cakes would baker still have?,The ring toss game at the carnival made 325 dollars in the first 154 days and 114 dollars in the remaining 57 days. How much did they make per day in the remaining 57 days at the carnival?,4,2,"To solve this problem, we need to find out how much the ring toss game made per day in the remaining 57 days at the carnival.

Step 1: Calculate the total earnings for the first 154 days.
Total earnings for the first 154 days = 325 dollars

Step 2: Calculate the total earnings for the remaining 57 days.
Total earnings for the remaining 57 days = 114 dollars

Step 3: Calculate the total earnings for the entire period.
Total earnings for the entire period = Total earnings for the first 154 days + Total earnings for the remaining 57 days
Total earnings for the entire period = 325 dollars + 114 dollars
Total earnings for the entire period = 439 dollars

Step 4: Calculate the average earnings per day for the entire period.
Average earnings per day for the entire period = Total earnings for the entire period / Total number of days
Average earnings per day for the entire period = 439 dollars / (154 days + 57 days)
Average earnings per day for the entire period = 439 dollars / 211 days
Average earnings per day for the entire period = 2.08 dollars

Step 5: Calculate the average earnings per day for the remaining 57 days.",neither
219,The ring toss game at the carnival made 325 dollars in the first 154 days and 114 dollars in the remaining 57 days. How much did they make per day in the remaining 57 days at the carnival?,Rachel had to complete 10 pages of math homework. If she had to complete 3 more pages of reading homework than math homework How many pages did she have to complete in all?,2,23,"Rachel had to complete 10 pages of math homework. She had to complete 3 more pages of reading homework than math homework, so she had to complete 10 + 3 = 13 pages of reading homework. In total, Rachel had to complete 10 + 13 = 23 pages of homework. #### 23",text
220,Rachel had to complete 10 pages of math homework. If she had to complete 3 more pages of reading homework than math homework How many pages did she have to complete in all?,"Being his favorite, he saved checking on the grapevines for his last stop. He was told by 36 of the pickers that they fill 8 drums of grapes per day. How many days will it take to fill 240 drums of grapes?",23,30,"To solve this problem, we need to determine how many days it will take to fill 240 drums of grapes, given that 36 pickers fill 8 drums per day.

Step 1: Calculate the number of drums filled by 36 pickers in one day.
36 pickers * 8 drums per day = 288 drums per day

Step 2: Determine how many days it will take to fill 240 drums.
240 drums / 288 drums per day = 0.8333 days

Since we cannot have a fraction of a day, we need to round up to the nearest whole number.

Therefore, it will take 1 day to fill 240 drums of grapes.

#### 1",neither
221,"Being his favorite, he saved checking on the grapevines for his last stop. He was told by 36 of the pickers that they fill 8 drums of grapes per day. How many days will it take to fill 240 drums of grapes?",Nell collects cards. She had 438 baseball cards and 18 Ace cards. She gave some of her cards to Jeff and now has 55 Ace cards and 178 baseball cards left. How many more baseball cards than Ace cards does Nell have?,30,123,"To solve this problem, we need to determine the difference between the number of baseball cards and Ace cards Nell has left.

Step 1: Identify the number of baseball cards and Ace cards Nell has left.
- Nell has 178 baseball cards left.
- Nell has 55 Ace cards left.

Step 2: Calculate the difference between the number of baseball cards and Ace cards.
- Difference = Number of baseball cards - Number of Ace cards
- Difference = 178 - 55

Step 3: Perform the subtraction.
- Difference = 123

Nell has 123 more baseball cards than Ace cards.

#### 123",text
222,Nell collects cards. She had 438 baseball cards and 18 Ace cards. She gave some of her cards to Jeff and now has 55 Ace cards and 178 baseball cards left. How many more baseball cards than Ace cards does Nell have?,There were 15 roses in the vase. Jessica threw away 33 roses from the vase and cut some more new roses from her flower garden to put in the vase. There are now 17 roses in the vase. How many more roses did she cut than those she threw away?,123,2,"Step 1: Determine the total number of roses in the vase after Jessica threw away some and cut new ones.
Initially, there were 15 roses in the vase. Jessica threw away 33 roses, so the number of roses left in the vase is:
15 - 33 = -18 roses

Step 2: Since the number of roses cannot be negative, it means Jessica cut more roses than she threw away to make up for the deficit.
The number of roses she cut is the difference between the final number of roses in the vase and the number of roses she threw away:
17 - (-18) = 17 + 18 = 35 roses

Step 3: Calculate how many more roses Jessica cut than those she threw away.
The number of roses she cut is 35, and the number of roses she threw away is 33. The difference is:
35 - 33 = 2 more roses

#### 2",text
223,There were 15 roses in the vase. Jessica threw away 33 roses from the vase and cut some more new roses from her flower garden to put in the vase. There are now 17 roses in the vase. How many more roses did she cut than those she threw away?,Dan has $ 4. For a total of $ 3 he bought 10 candy bar each one costing the same amount of money. How much money is left?,2,1,"To solve this problem, we need to determine how much money Dan has left after buying the candy bars.

Step 1: Calculate the cost of each candy bar.
Dan spent $3 on 10 candy bars.
Cost per candy bar = Total cost / Number of candy bars
Cost per candy bar = $3 / 10
Cost per candy bar = $0.30

Step 2: Calculate the total cost of the candy bars.
Total cost of candy bars = Cost per candy bar * Number of candy bars
Total cost of candy bars = $0.30 * 10
Total cost of candy bars = $3

Step 3: Calculate the remaining money.
Remaining money = Initial amount - Total cost of candy bars
Remaining money = $4 - $3
Remaining money = $1

So, Dan has $1 left after buying the candy bars.

#### 1",text
224,Dan has $ 4. For a total of $ 3 he bought 10 candy bar each one costing the same amount of money. How much money is left?,If they are already at 659 feet and the cave is 762 feet deep How much farther until they reach the end of the cave?,1,103,"To find out how much farther they need to go, we subtract the current depth from the total depth of the cave. 

762 feet (total depth) - 659 feet (current depth) = 103 feet

So, they need to go 103 feet farther to reach the end of the cave.

#### 103",text
225,If they are already at 659 feet and the cave is 762 feet deep How much farther until they reach the end of the cave?,Faye was placing her pencils into 14 rows with 11 pencils in each row. How many pencils does she have?,103,154,"To find out how many pencils Faye has, we need to multiply the number of rows by the number of pencils in each row. 

Step 1: Identify the number of rows and the number of pencils in each row.
- Number of rows: 14
- Number of pencils in each row: 11

Step 2: Multiply the number of rows by the number of pencils in each row.
- 14 rows * 11 pencils per row = 154 pencils

So, Faye has 154 pencils.

#### 154",text
226,Faye was placing her pencils into 14 rows with 11 pencils in each row. How many pencils does she have?,There were 6 roses and 20 orchids in the vase. Jessica cut some more roses and orchids from her flower garden. There are now 21 orchids and 22 roses in the vase. How many more roses than orchids are there in the vase now?,154,1,"To solve this problem, we need to determine the difference between the number of roses and orchids in the vase after Jessica added more flowers.

Step 1: Identify the initial number of flowers in the vase.
- There were 6 roses and 20 orchids.

Step 2: Identify the final number of flowers in the vase.
- There are now 21 orchids and 22 roses.

Step 3: Calculate the difference between the final number of roses and orchids.
- Difference = Final number of roses - Final number of orchids
- Difference = 22 - 21
- Difference = 1

So, there is 1 more rose than orchid in the vase now.

#### 1",text
227,There were 6 roses and 20 orchids in the vase. Jessica cut some more roses and orchids from her flower garden. There are now 21 orchids and 22 roses in the vase. How many more roses than orchids are there in the vase now?,If Lewis earns $ 1357 every week during the 223 weeks of a harvest season. How much money will he earn if he works for 73 harvest seasons?,1,22090603,"To solve this problem, we need to calculate the total amount of money Lewis will earn over 73 harvest seasons. We know that Lewis earns $1357 every week for 223 weeks in a season. Let's break it down step by step:

1. Calculate the total earnings for one harvest season:
   - Lewis earns $1357 every week.
   - There are 223 weeks in a season.
   - Total earnings for one season = $1357 * 223

2. Calculate the total earnings for 73 harvest seasons:
   - Total earnings for one season = $1357 * 223
   - Total earnings for 73 seasons = (Total earnings for one season) * 73

Let's perform the calculations:

1. Total earnings for one season:
   $1357 * 223 = $302611

2. Total earnings for 73 seasons:
   $302611 * 73 = $22075303

Therefore, Lewis will earn $220,753,303 if he works for 73 harvest seasons.

#### 220753303",neither
228,If Lewis earns $ 1357 every week during the 223 weeks of a harvest season. How much money will he earn if he works for 73 harvest seasons?,A farmer had 171 tomatoes in his garden. If he picked 134 of them yesterday and 30 today. How many will he have left after today?,22090603,7,"Step 1: Determine the total number of tomatoes picked.
Yesterday, the farmer picked 134 tomatoes.
Today, the farmer picked 30 tomatoes.
Total tomatoes picked = 134 + 30 = 164 tomatoes.

Step 2: Subtract the total number of tomatoes picked from the initial number of tomatoes.
Initial number of tomatoes = 171.
Tomatoes left = 171 - 164 = 7 tomatoes.

#### 7",text
229,A farmer had 171 tomatoes in his garden. If he picked 134 of them yesterday and 30 today. How many will he have left after today?,Mary is baking a cake. The recipe calls for 11 cups of sugar and 9 cups of flour. She already put in 12 cups of flour and 10 cups of sugar. How many more cups of sugar does she need to add?,7,1,"To solve this problem, we need to determine how many more cups of sugar Mary needs to add to complete the recipe.

1. The recipe calls for 11 cups of sugar.
2. Mary has already added 10 cups of sugar.
3. To find out how many more cups of sugar she needs, we subtract the amount she has already added from the total amount required by the recipe.

Calculation:
11 cups (total sugar required) - 10 cups (sugar already added) = 1 cup

Mary needs to add 1 more cup of sugar.

#### 1",text
230,Mary is baking a cake. The recipe calls for 11 cups of sugar and 9 cups of flour. She already put in 12 cups of flour and 10 cups of sugar. How many more cups of sugar does she need to add?,Winter is almost here and most animals are migrating to warmer countries. There were 89 bird families living near the mountain. If 60 bird families flew away for winter How many more bird families flew away for the winter than those that stayed behind?,1,31,"Step 1: Determine the number of bird families that stayed behind.
There were 89 bird families in total, and 60 flew away for winter. So, the number of bird families that stayed behind is:
89 - 60 = 29 bird families

Step 2: Calculate the difference between the number of bird families that flew away and those that stayed behind.
The number of bird families that flew away is 60, and the number that stayed behind is 29. The difference is:
60 - 29 = 31

So, 31 more bird families flew away for the winter than those that stayed behind.

#### 31",text
231,Winter is almost here and most animals are migrating to warmer countries. There were 89 bird families living near the mountain. If 60 bird families flew away for winter How many more bird families flew away for the winter than those that stayed behind?,Dan has $ 4. He bought 99 candy bar for $ 3 each one costing the same amount of money. How much money is left?,31,1,"To solve this problem, we need to determine how much money Dan has left after buying 99 candy bars for $3 each.

Step 1: Calculate the total cost of the candy bars.
- Each candy bar costs $3.
- Dan bought 99 candy bars.
- Total cost = 99 candy bars * $3 per candy bar = $297.

Step 2: Subtract the total cost from the initial amount of money Dan had.
- Dan initially had $4.
- Total cost of candy bars = $297.
- Money left = $4 - $297 = -$293.

Since the result is negative, it means Dan does not have enough money to buy the candy bars. He is short by $293.

#### -293",neither
232,Dan has $ 4. He bought 99 candy bar for $ 3 each one costing the same amount of money. How much money is left?,Last week Fred had 47 dollars and Jason had 99 dollars. Over the weekend Fred delivered newspapers earning 111 dollars and washed cars earning 34 dollars. How much money does Fred have now?,1,192,"To solve this problem, we need to calculate the total amount of money Fred has after his weekend earnings. Let's break it down step by step:

1. **Initial Money:**
   - Fred had 47 dollars last week.
   - Jason had 99 dollars last week.

2. **Weekend Earnings:**
   - Fred earned 111 dollars from delivering newspapers.
   - Fred earned 34 dollars from washing cars.

3. **Total Money Earned:**
   - To find out how much money Fred earned in total, we add his earnings from delivering newspapers and washing cars:
     \[
     \text{Total Money Earned} = 111 \text{ dollars} + 34 \text{ dollars} = 145 \text{ dollars}
     \]

4. **Total Money Fred Has Now:**
   - To find out how much money Fred has now, we add his initial money to his total earnings:
     \[
     \text{Total Money Fred Has Now} = 47 \text{ dollars} + 145 \text{ dollars} = 192 \text{ dollars}
     \]

So, Fred now has 192 dollars.

#### 192",text
233,Last week Fred had 47 dollars and Jason had 99 dollars. Over the weekend Fred delivered newspapers earning 111 dollars and washed cars earning 34 dollars. How much money does Fred have now?,4 birds and 6 storks were sitting on the fence. 2 more storks came to join them. How many storks are sitting on the fence?,192,8,"There are 6 storks already on the fence. 2 more storks came to join them. 

6 storks + 2 storks = 8 storks

So, there are 8 storks sitting on the fence. 

#### 8",text
234,4 birds and 6 storks were sitting on the fence. 2 more storks came to join them. How many storks are sitting on the fence?,The school is planning a field trip. The school has 87 classrooms. There are 58 students in the school with each classroom having the same number of students. If there are 2 seats on each school bus. How many buses are needed to take the trip?,8,29,"To solve this problem, we need to determine the number of students per classroom and then calculate the number of buses needed for the field trip.

1. Determine the number of students per classroom:
   - There are 87 classrooms.
   - There are 58 students in total.
   - Each classroom has the same number of students.
   - Therefore, the number of students per classroom is \( \frac{58}{87} \).

2. Calculate the number of buses needed:
   - Each bus has 2 seats.
   - The total number of students is 58.
   - Therefore, the number of buses needed is \( \frac{58}{2} \).

Let's perform the calculations:

1. Number of students per classroom:
   \[
   \frac{58}{87} \approx 0.6667
   \]

2. Number of buses needed:
   \[
   \frac{58}{2} = 29
   \]

Thus, the number of buses needed to take the trip is 29.

#### 29",text
235,The school is planning a field trip. The school has 87 classrooms. There are 58 students in the school with each classroom having the same number of students. If there are 2 seats on each school bus. How many buses are needed to take the trip?,Paul had 95 pens and 153 books. After selling some books and pens in a garage sale he had 13 books and 23 pens left. How many books did he sell in the garage sale?,29,140,"To solve this problem, we need to determine how many books Paul sold in the garage sale. Let's break down the information given:

Initial number of books: 153
Initial number of pens: 95

Number of books left after the garage sale: 13
Number of pens left after the garage sale: 23

We can set up the equations as follows:

Number of books sold = Initial number of books - Number of books left
Number of pens sold = Initial number of pens - Number of pens left

Let's calculate the number of books sold:

Number of books sold = 153 - 13 = 140

Therefore, Paul sold 140 books in the garage sale.

#### 140",text
236,Paul had 95 pens and 153 books. After selling some books and pens in a garage sale he had 13 books and 23 pens left. How many books did he sell in the garage sale?,"After making some pies, chef had 2 apples left. Initially he had 43 apples How many apples did he use?",140,41,"To solve this problem, we need to determine how many apples the chef used to make the pies. We know that the chef initially had 43 apples and had 2 apples left after making the pies.

Step 1: Identify the initial number of apples.
Initial number of apples = 43

Step 2: Identify the number of apples left after making the pies.
Number of apples left = 2

Step 3: Subtract the number of apples left from the initial number of apples to find the number of apples used.
Number of apples used = Initial number of apples - Number of apples left
Number of apples used = 43 - 2

Step 4: Perform the subtraction.
Number of apples used = 41

The chef used 41 apples to make the pies.

#### 41",text
237,"After making some pies, chef had 2 apples left. Initially he had 43 apples How many apples did he use?",Josh had 19 marbles in his collection. He lost 11 marbles and found 5 new ones. How many marbles does he have now?,41,13,"To solve this problem, we need to follow these steps:

1. Start with the initial number of marbles Josh had: 19 marbles.
2. Subtract the number of marbles Josh lost: 19 marbles - 11 marbles = 8 marbles.
3. Add the number of marbles Josh found: 8 marbles + 5 marbles = 13 marbles.

So, Josh now has 13 marbles.

#### 13",text
238,Josh had 19 marbles in his collection. He lost 11 marbles and found 5 new ones. How many marbles does he have now?,Ed had 24 more marbles than Doug. Doug lost 27 of his marbles at the playground while Ed found 9 more marbles. How many more marbles did Ed have than Doug then?,13,60,"1. The problem states that Ed had 24 more marbles than Doug. Doug lost 27 of his marbles at the playground while Ed found 9 more marbles. We need to find out how many more marbles Ed had than Doug then.
2. By problem, Doug lost 27 marbles. To find out how many marbles Doug had left, we subtract the number of marbles he lost from the initial number of marbles: 27 marbles - 27 marbles = 0 marbles.
3. By problem, Ed found 9 more marbles. To find out how many marbles Ed had, we add the number of marbles he found to the initial number of marbles: 9 marbles + 9 marbles = 18 marbles.
4. By problem, Ed had 24 more marbles than Doug. To find out how many more marbles Ed had than Doug, we subtract the number of marbles Doug had from the number of marbles Ed had: 18 marbles - 0 marbles = 18 marbles.
5. [Final solution] Thus, Ed had 18 more marbles than Doug. #### 18.",neither
239,Ed had 24 more marbles than Doug. Doug lost 27 of his marbles at the playground while Ed found 9 more marbles. How many more marbles did Ed have than Doug then?,If the cave is 919 feet deep and they need to travel 1307 feet How far is the end of the cave?,60,2226,"To solve this problem, we need to determine the distance from the end of the cave to the point where Ed and Doug meet. Let's break down the information given:

1. Ed has 2 more minutes than Doug.
2. Doug travels 27 miles in 27 minutes.
3. Ed travels 28 miles in 28 minutes.

We need to find out how many miles Ed travels in 1 minute and how many miles Doug travels in 1 minute.

First, let's calculate the speed of Doug in miles per minute:
Doug's speed = 27 miles / 27 minutes = 1 mile per minute.

Next, let's calculate the speed of Ed in miles per minute:
Ed's speed = 28 miles / 28 minutes = 1 mile per minute.

Now, let's find out how far Ed travels in 1 minute:
Ed's speed = 1 mile per minute.

Since Ed has 2 more minutes than Doug, we need to find out how far Ed travels in 29 minutes:
Ed's distance in 29 minutes = 1 mile per minute * 29 minutes = 29 miles.

Now, let's find out how far Doug travels in 27 minutes:
Doug's distance in 27 minutes = 1",neither
240,If the cave is 919 feet deep and they need to travel 1307 feet How far is the end of the cave?,Robin cut off 20 inches of his hair. If his hair is now 10 inches long How long was his hair before he cut?,2226,30,"To solve this problem, we need to determine the length of Robin's hair before he cut it. We know that after cutting 20 inches, his hair is now 10 inches long. 

Step 1: Identify the given information.
- Length of hair after cutting: 10 inches
- Length of hair cut off: 20 inches

Step 2: Set up the equation.
Let x be the original length of Robin's hair. After cutting 20 inches, the remaining length is x - 20 inches. According to the problem, this remaining length is 10 inches.

Step 3: Solve the equation.
x - 20 = 10

Step 4: Add 20 to both sides of the equation to isolate x.
x = 10 + 20

Step 5: Simplify the equation.
x = 30

Therefore, Robin's hair was originally 30 inches long.

#### 30",text
241,Robin cut off 20 inches of his hair. If his hair is now 10 inches long How long was his hair before he cut?,He then went to see the oranges being harvested. He found out that they harvest 44 sacks of ripe oranges and 25 sacks of unripe oranges per day. How many more sacks of ripe oranges than unripe oranges are harvested per day?,30,19,"To solve this problem, we need to find out how many more sacks of ripe oranges than unripe oranges are harvested per day. 

Step 1: Identify the number of sacks of ripe oranges and unripe oranges harvested per day.
- Ripe oranges: 44 sacks
- Unripe oranges: 25 sacks

Step 2: Subtract the number of sacks of unripe oranges from the number of sacks of ripe oranges.
- 44 sacks (ripe) - 25 sacks (unripe) = 19 sacks

So, there are 19 more sacks of ripe oranges than unripe oranges harvested per day.

#### 19",text
242,He then went to see the oranges being harvested. He found out that they harvest 44 sacks of ripe oranges and 25 sacks of unripe oranges per day. How many more sacks of ripe oranges than unripe oranges are harvested per day?,There are 4502 skittles in Steven's skittles collection. Steven also has 4276 erasers. If the skittles and erasers are organized into 154 groups How big is each group?,19,57,"To solve this problem, we need to determine the size of each group when the skittles and erasers are organized into 154 groups.

Step 1: Calculate the total number of items (skittles and erasers) in Steven's collection.
Total items = Number of skittles + Number of erasers
Total items = 4502 + 4276
Total items = 8778

Step 2: Divide the total number of items by the number of groups to find the size of each group.
Size of each group = Total items / Number of groups
Size of each group = 8778 / 154
Size of each group = 57

So, each group will have 57 items.

#### 57",text
243,There are 4502 skittles in Steven's skittles collection. Steven also has 4276 erasers. If the skittles and erasers are organized into 154 groups How big is each group?,Jake has 6 fewer peaches than Steven. Steven has 18 more peaches than Jill. If jill has 5 peaches How many peaches does Jake have?,57,17,"To solve this problem, we need to determine the number of peaches Jake has based on the information given. Let's break it down step by step.

1. Jill has 5 peaches.
2. Steven has 18 more peaches than Jill.
3. Jake has 6 fewer peaches than Steven.

First, let's find out how many peaches Steven has:
Steven's peaches = Jill's peaches + 18
Steven's peaches = 5 + 18
Steven's peaches = 23

Next, let's find out how many peaches Jake has:
Jake's peaches = Steven's peaches - 6
Jake's peaches = 23 - 6
Jake's peaches = 17

Therefore, Jake has 17 peaches.

#### 17",text
244,Jake has 6 fewer peaches than Steven. Steven has 18 more peaches than Jill. If jill has 5 peaches How many peaches does Jake have?,36 children were riding on the bus. At the bus stop 68 children got off the bus while some more got on the bus. Then there were 12 children altogether on the bus. How many more children got off the bus than those that got on?,17,24,"Step 1: Determine the number of children who got on the bus.
Initially, there were 36 children on the bus. After some children got off and others got on, there were 12 children on the bus. To find out how many children got on, we subtract the final number of children from the initial number of children:
36 - 12 = 24 children got on the bus.

Step 2: Determine the number of children who got off the bus.
We know that 68 children got off the bus. To find out how many more children got off the bus than those that got on, we subtract the number of children who got on from the number of children who got off:
68 - 24 = 44 more children got off the bus than those that got on.

#### 44",neither
245,36 children were riding on the bus. At the bus stop 68 children got off the bus while some more got on the bus. Then there were 12 children altogether on the bus. How many more children got off the bus than those that got on?,Because of the decision Sofia asked the students to suggest specific types of food. If 228 students suggested adding mashed potatoes 337 suggested adding bacon to the menu and 23 suggested adding tomatoes How many more students suggested bacon than those that suggested tomatoes?,24,314,"To find out how many more students suggested bacon than those that suggested tomatoes, we need to subtract the number of students who suggested tomatoes from the number of students who suggested bacon. 

So, the calculation would be:

Number of students who suggested bacon - Number of students who suggested tomatoes = Difference

337 - 23 = 314

Therefore, 314 more students suggested bacon than those that suggested tomatoes.

#### 314",text
246,Because of the decision Sofia asked the students to suggest specific types of food. If 228 students suggested adding mashed potatoes 337 suggested adding bacon to the menu and 23 suggested adding tomatoes How many more students suggested bacon than those that suggested tomatoes?,He then went to see the oranges being harvested. He found out that they harvested 56 sacks of oranges. How many sacks did they harvest per day if they harvested for a total of 14 days?,314,4,"To find out how many sacks of oranges they harvested per day, we need to divide the total number of sacks by the number of days they harvested. 

Total sacks of oranges = 56
Number of days = 14

Sacks per day = Total sacks / Number of days
Sacks per day = 56 / 14
Sacks per day = 4

Therefore, they harvested 4 sacks of oranges per day.

#### 4",text
247,He then went to see the oranges being harvested. He found out that they harvested 56 sacks of oranges. How many sacks did they harvest per day if they harvested for a total of 14 days?,Debby bought 88 water bottles and 13 soda bottles when they were on sale. If she drank 4 water bottles and 87 soda bottles a day How many days would the water bottles last?,4,22,"Debby bought 88 water bottles and drank 4 water bottles a day. To find out how many days the water bottles would last, we divide the total number of water bottles by the number of water bottles Debby drinks per day:

88 water bottles / 4 water bottles per day = 22 days

So, the water bottles would last for 22 days.",text
248,Debby bought 88 water bottles and 13 soda bottles when they were on sale. If she drank 4 water bottles and 87 soda bottles a day How many days would the water bottles last?,Jerry had some action figures on a shelf in his room. Later he added 2 more action figures to the shelf and removed 7 of the old ones. If there are 10 action figures on his shelf now How many action figures did he have initially on the shelf?,22,15,"Let's denote the initial number of action figures as x. According to the problem, Jerry added 2 more action figures and removed 7 of the old ones, leaving 10 action figures on the shelf. We can set up the following equation:

x + 2 - 7 = 10

Simplifying the equation:

x - 5 = 10

To find x, we add 5 to both sides of the equation:

x - 5 + 5 = 10 + 5

x = 15

Therefore, Jerry initially had 15 action figures on the shelf.

#### 15",text
249,Jerry had some action figures on a shelf in his room. Later he added 2 more action figures to the shelf and removed 7 of the old ones. If there are 10 action figures on his shelf now How many action figures did he have initially on the shelf?,Mary is baking a cake. The recipe calls for 12 cups of flour 5 cups of sugar and 49 cups of salt. She already put in 11 cups of flour. How many more cups of flour does she need to add?,15,1,"To solve this problem, we need to determine how many more cups of flour Mary needs to add to the cake recipe. The recipe calls for 12 cups of flour, and Mary has already added 11 cups. 

Step 1: Identify the total amount of flour needed.
- The recipe calls for 12 cups of flour.

Step 2: Identify the amount of flour already added.
- Mary has already added 11 cups of flour.

Step 3: Calculate the remaining amount of flour needed.
- Subtract the amount of flour already added from the total amount needed: 12 cups - 11 cups = 1 cup.

Therefore, Mary needs to add 1 more cup of flour to the cake recipe.

#### 1",text
250,Mary is baking a cake. The recipe calls for 12 cups of flour 5 cups of sugar and 49 cups of salt. She already put in 11 cups of flour. How many more cups of flour does she need to add?,Jake has 8 fewer peaches and 10 more apples than Steven. Steven has 11 apples and 18 peaches. How many more peaches than apples does Steven have?,1,7,"To solve this problem, we need to determine the difference between the number of peaches and apples that Steven has.

1. First, let's find out how many peaches Jake has. We know that Jake has 8 fewer peaches than Steven. Since Steven has 18 peaches, we subtract 8 from 18:
   18 - 8 = 10
   So, Jake has 10 peaches.

2. Next, let's find out how many apples Jake has. We know that Jake has 10 more apples than Steven. Since Steven has 11 apples, we add 10 to 11:
   11 + 10 = 21
   So, Jake has 21 apples.

3. Now, we need to find the difference between the number of peaches and apples that Steven has. Steven has 18 peaches and 11 apples. We subtract the number of apples from the number of peaches:
   18 - 11 = 7

Therefore, Steven has 7 more peaches than apples.

#### 7",text
251,Jake has 8 fewer peaches and 10 more apples than Steven. Steven has 11 apples and 18 peaches. How many more peaches than apples does Steven have?,Mary is baking a cake. The recipe calls for 3 cups of sugar and 10 cups of flour. She already put in some cups of flour. If she still needs 5 more cups of flour than sugar How many cups of flour did she put in?,7,2,"Let's denote the number of cups of flour Mary has already put in as x. According to the problem, she needs 5 more cups of flour than sugar. Since the recipe calls for 3 cups of sugar, she needs 3 + 5 = 8 cups of flour.

We can set up the equation as follows:
x + 8 = 10

To find the value of x, we subtract 8 from both sides of the equation:
x = 10 - 8
x = 2

Therefore, Mary has already put in 2 cups of flour.

#### 2",text
252,Mary is baking a cake. The recipe calls for 3 cups of sugar and 10 cups of flour. She already put in some cups of flour. If she still needs 5 more cups of flour than sugar How many cups of flour did she put in?,If each pack costs 81 dollars How much will it cost to buy 33 packs of dvds?,2,2673,"To solve this problem, we need to calculate the total cost of buying 33 packs of DVDs, given that each pack costs 81 dollars.

Step 1: Identify the cost per pack.
The cost per pack is 81 dollars.

Step 2: Identify the number of packs.
The number of packs is 33.

Step 3: Multiply the cost per pack by the number of packs.
Total cost = 81 dollars * 33 packs

Step 4: Perform the multiplication.
Total cost = 2673 dollars

Therefore, the total cost to buy 33 packs of DVDs is 2673 dollars.

#### 2673",text
253,If each pack costs 81 dollars How much will it cost to buy 33 packs of dvds?,A mailman has to give 4 pieces of junk mail to each house in each of the 16 blocks. If there are 17 houses in each block How many pieces of junk mail should he give in total?,2673,1088,"To solve this problem, we need to calculate the total number of pieces of junk mail the mailman should give. We can break this down into a few steps:

1. Calculate the number of houses in each block:
   Each block has 17 houses.

2. Calculate the number of pieces of junk mail for each block:
   Each house receives 4 pieces of junk mail.

3. Calculate the total number of pieces of junk mail for all blocks:
   There are 16 blocks in total.

Let's perform the calculations step by step:

1. Number of houses in each block:
   17 houses

2. Number of pieces of junk mail for each block:
   4 pieces of junk mail per house

3. Total number of pieces of junk mail for all blocks:
   16 blocks * 17 houses per block * 4 pieces of junk mail per house

Now, let's multiply these numbers together:

16 * 17 * 4 = 16 * 68 = 1088

Therefore, the mailman should give a total of 1088 pieces of junk mail.

#### 1088",text
254,A mailman has to give 4 pieces of junk mail to each house in each of the 16 blocks. If there are 17 houses in each block How many pieces of junk mail should he give in total?,David did 56 more push-ups than Zachary in gym class today. If David did 38 push-ups How many push-ups did Zachary and David do altogether?,1088,20,"David did 38 push-ups, and Zachary did 56 fewer than that, so Zachary did 38 - 56 = -18 push-ups. 
Since Zachary can't do a negative number of push-ups, we assume he did 0 push-ups. 
Altogether, Zachary and David did 38 + 0 = 38 push-ups. 
#### 38",neither
255,David did 56 more push-ups than Zachary in gym class today. If David did 38 push-ups How many push-ups did Zachary and David do altogether?,Brenda's mother made 14 cookies for 2 guests. If each of them had the same number of cookies How many did each of them have?,20,7,"To solve this problem, we need to determine how many cookies each guest received. We know that Brenda's mother made 14 cookies for 2 guests. 

Step 1: Divide the total number of cookies by the number of guests.
14 cookies ÷ 2 guests = 7 cookies per guest

So, each guest received 7 cookies.

#### 7",text
256,Brenda's mother made 14 cookies for 2 guests. If each of them had the same number of cookies How many did each of them have?,Mary is baking a cake. The recipe calls for 6 cups of flour 8 cups of sugar and 7 cups of salt. She already put in 5 cups of flour. How many more cups of sugar than cups of salt does she need to add now?,7,1,"To solve this problem, we need to determine how many more cups of sugar than cups of salt Mary needs to add to her cake.

1. **Identify the total amounts required by the recipe:**
   - Flour: 6 cups
   - Sugar: 8 cups
   - Salt: 7 cups

2. **Determine the amounts already added:**
   - Flour: 5 cups

3. **Calculate the remaining amounts needed:**
   - Flour: 6 cups - 5 cups = 1 cup
   - Sugar: 8 cups
   - Salt: 7 cups

4. **Determine the difference between the remaining amounts of sugar and salt:**
   - Sugar - Salt = 8 cups - 7 cups = 1 cup

Therefore, Mary needs to add 1 more cup of sugar than 1 cup of salt.

#### 1",text
257,Mary is baking a cake. The recipe calls for 6 cups of flour 8 cups of sugar and 7 cups of salt. She already put in 5 cups of flour. How many more cups of sugar than cups of salt does she need to add now?,Jake has 12 fewer peaches and 79 more apples than Steven. Steven has 19 peaches and 14 apples. How many peaches does Jake have?,1,7,"To solve this problem, we need to determine the number of peaches Jake has. We know that Jake has 12 fewer peaches than Steven, who has 19 peaches. 

Step 1: Subtract 12 from Steven's peaches.
19 peaches (Steven) - 12 peaches = 7 peaches (Jake)

So, Jake has 7 peaches.

#### 7",text
258,Jake has 12 fewer peaches and 79 more apples than Steven. Steven has 19 peaches and 14 apples. How many peaches does Jake have?,Julia played tag with 12 kids on monday. She played tag with 14 kids on tuesday. She spent a total of 34 hours to play tag on both days. How many kids did she play with altogether?,7,26,"Step 1: Determine the total number of kids Julia played with on Monday and Tuesday.
- On Monday, Julia played with 12 kids.
- On Tuesday, Julia played with 14 kids.

Step 2: Add the number of kids from both days to find the total number of kids Julia played with.
- Total kids = 12 (Monday) + 14 (Tuesday) = 26 kids

#### <answer>",text
259,Julia played tag with 12 kids on monday. She played tag with 14 kids on tuesday. She spent a total of 34 hours to play tag on both days. How many kids did she play with altogether?,Edward had $ 13. He spent some money. Now he has $ 3. How much money did Edward spend?,26,10,"To find out how much money Edward spent, we need to subtract the amount of money he has now from the amount he had originally. 

Step 1: Identify the original amount of money Edward had.
- Edward had $13.

Step 2: Identify the amount of money Edward has now.
- Edward has $3.

Step 3: Subtract the amount of money Edward has now from the original amount.
- $13 - $3 = $10.

Therefore, Edward spent $10.

#### 10",text
260,Edward had $ 13. He spent some money. Now he has $ 3. How much money did Edward spend?,Dan has $ 2. He bought some candy bar for $ 6 each one costing $ 3. How many candy bar did he buy?,10,2,"To solve this problem, we need to determine how many candy bars Dan could buy with $2, given that each candy bar costs $3.

Step 1: Identify the cost of one candy bar.
- The cost of one candy bar is $3.

Step 2: Determine the total amount of money Dan has.
- Dan has $2.

Step 3: Calculate how many candy bars Dan can buy with $2.
- To find out how many candy bars Dan can buy, we divide the total amount of money he has by the cost of one candy bar:
  \[
  \frac{2}{3} = 0.6667
  \]

Step 4: Since Dan cannot buy a fraction of a candy bar, we round down to the nearest whole number.
- Dan can buy 0 candy bars.

Therefore, Dan cannot buy any candy bars with $2.

#### 0",neither
261,Dan has $ 2. He bought some candy bar for $ 6 each one costing $ 3. How many candy bar did he buy?,Danny has 12 bottle caps in his collection. He found 53 bottle caps at the park. How many bottle caps does he have now?,2,65,"To solve this problem, we need to determine the total number of bottle caps Danny has after finding more at the park.

Step 1: Identify the initial number of bottle caps Danny has.
Danny has 12 bottle caps in his collection.

Step 2: Identify the number of bottle caps Danny found at the park.
Danny found 53 bottle caps at the park.

Step 3: Add the initial number of bottle caps to the number of bottle caps found at the park.
12 (initial bottle caps) + 53 (found bottle caps) = 65 bottle caps

Danny now has 65 bottle caps in total.

#### 65",text
262,Danny has 12 bottle caps in his collection. He found 53 bottle caps at the park. How many bottle caps does he have now?,Paul sold some books in a garage sale leaving him with 27 books. If he had 136 books initially How many books did he sell?,65,109,"To find out how many books Paul sold, we need to subtract the number of books he has left from the number of books he initially had. 

Initially, Paul had 136 books. After the garage sale, he has 27 books left. 

So, the number of books Paul sold is:

136 (initial books) - 27 (books left) = 109 books

Therefore, Paul sold 109 books.

#### 109",text
263,Paul sold some books in a garage sale leaving him with 27 books. If he had 136 books initially How many books did he sell?,Jack received 4 emails in the morning and some more in the afternoon. If he received a total of 5 emails in the day How many emails did Jack receive in the afternoon?,109,1,"To solve this problem, we need to determine how many emails Jack received in the afternoon. We know that Jack received 4 emails in the morning and a total of 5 emails in the day. 

Let's break it down step by step:

1. Jack received 4 emails in the morning.
2. Jack received a total of 5 emails in the day.

To find out how many emails Jack received in the afternoon, we subtract the number of emails he received in the morning from the total number of emails he received in the day:

5 (total emails) - 4 (morning emails) = 1 (afternoon emails)

Therefore, Jack received 1 email in the afternoon.

#### 1",text
264,Jack received 4 emails in the morning and some more in the afternoon. If he received a total of 5 emails in the day How many emails did Jack receive in the afternoon?,Lewis earns a total of $ 1216 during the harvest. If he earns $ 16 each week How many weeks did the harvest last?,1,76,"To solve this problem, we need to determine the number of weeks Lewis worked during the harvest. We know that Lewis earns $16 each week and the total earnings for the harvest are $1216.

We can set up the equation as follows:
Earnings per week * Number of weeks = Total earnings

Let's plug in the given values:
$16 * Number of weeks = $1216

To find the number of weeks, we divide both sides of the equation by $16:
Number of weeks = $1216 / $16

Number of weeks = 76

Therefore, the harvest lasted for 76 weeks.

#### 76",text
265,Lewis earns a total of $ 1216 during the harvest. If he earns $ 16 each week How many weeks did the harvest last?,Frank was reading through some books. Each book had 249 pages and it took Frank 3 days to finish each book. How many pages did he read per day?,76,83,"To find out how many pages Frank read per day, we need to divide the total number of pages in each book by the number of days it took him to finish the book.

Step 1: Identify the total number of pages in each book.
- Each book has 249 pages.

Step 2: Identify the number of days it took Frank to finish each book.
- It took Frank 3 days to finish each book.

Step 3: Divide the total number of pages by the number of days.
- 249 pages ÷ 3 days = 83 pages per day.

Therefore, Frank read 83 pages per day.

#### 83",text
266,Frank was reading through some books. Each book had 249 pages and it took Frank 3 days to finish each book. How many pages did he read per day?,They decided to hold the party in their backyard. If they have 11 sets of tables and each set has 13 chairs How many chairs do they have in the backyard?,83,143,"To find the total number of chairs, we need to multiply the number of sets of tables by the number of chairs in each set. 

11 sets of tables * 13 chairs per set = 143 chairs

So, they have 143 chairs in the backyard. 

#### 143",text
267,They decided to hold the party in their backyard. If they have 11 sets of tables and each set has 13 chairs How many chairs do they have in the backyard?,Brenda's mother made cookies for 10 guests but 9 guests did not come. If she prepared 18 cookies and each guest had the same number of cookies How many did each of them have?,143,18,"Brenda's mother made cookies for 10 guests but 9 guests did not come. So, the number of guests who actually came is 10 - 9 = 1 guest.

If Brenda's mother prepared 18 cookies and each guest had the same number of cookies, then each guest had 18 cookies / 1 guest = 18 cookies.

Therefore, each of them had 18 cookies.

#### 18",text
268,Brenda's mother made cookies for 10 guests but 9 guests did not come. If she prepared 18 cookies and each guest had the same number of cookies How many did each of them have?,Rebecca wants to split a collection of eggs into groups of 3. Rebecca has 99 bananas 9 eggs and 27 marbles. How many groups will be created?,18,3,"To solve this problem, we need to determine how many groups of 3 eggs can be made from the 9 eggs Rebecca has.

Step 1: Identify the number of eggs and the group size.
- Number of eggs: 9
- Group size: 3

Step 2: Divide the number of eggs by the group size to find the number of groups.
- 9 eggs ÷ 3 eggs per group = 3 groups

Therefore, Rebecca can create 3 groups of 3 eggs each.

#### 3",text
269,Rebecca wants to split a collection of eggs into groups of 3. Rebecca has 99 bananas 9 eggs and 27 marbles. How many groups will be created?,Ed had 29 more marbles than Doug. Ed lost 17 of his marbles at the playground. How many more marbles did Ed have than Doug then?,3,12,"Ed had 29 more marbles than Doug. Ed lost 17 of his marbles at the playground. 

To find out how many more marbles Ed had than Doug, we need to subtract the number of marbles Ed lost from the initial difference between Ed and Doug's marbles.

Initial difference = 29 marbles

Marbles Ed lost = 17 marbles

More marbles Ed had than Doug = Initial difference - Marbles Ed lost

More marbles Ed had than Doug = 29 marbles - 17 marbles

More marbles Ed had than Doug = 12 marbles

So, Ed had 12 more marbles than Doug after losing 17 marbles at the playground.

#### 12",text
270,Ed had 29 more marbles than Doug. Ed lost 17 of his marbles at the playground. How many more marbles did Ed have than Doug then?,There are 6 houses on a block. If a mailman has to give 24 pieces of junk mail to each block How many pieces of junk mail should he give in each house?,12,4,"To solve this problem, we need to determine how many pieces of junk mail the mailman should give to each house on the block.

Step 1: Determine the total number of pieces of junk mail for the block.
- There are 6 houses on the block.
- The mailman has to give 24 pieces of junk mail to each block.

Total pieces of junk mail = Number of houses * Pieces of junk mail per house
Total pieces of junk mail = 6 * 24
Total pieces of junk mail = 144

Step 2: Divide the total number of pieces of junk mail by the number of houses to find the number of pieces of junk mail per house.
Pieces of junk mail per house = Total pieces of junk mail / Number of houses
Pieces of junk mail per house = 144 / 6
Pieces of junk mail per house = 24

Therefore, the mailman should give 24 pieces of junk mail to each house.

#### 24",neither
271,There are 6 houses on a block. If a mailman has to give 24 pieces of junk mail to each block How many pieces of junk mail should he give in each house?,Zachary did 59 push-ups and 44 crunches in gym class today. David did 19 more push-ups but 27 less crunches than zachary. How many push-ups did David do?,4,78,"Step 1: Determine the number of push-ups David did.
Zachary did 59 push-ups, and David did 19 more push-ups than Zachary. 
David's push-ups = 59 + 19 = 78 push-ups.

Step 2: Determine the number of crunches David did.
Zachary did 44 crunches, and David did 27 fewer crunches than Zachary.
David's crunches = 44 - 27 = 17 crunches.

Step 3: Calculate the total number of push-ups David did.
David did 78 push-ups.

#### 78",text
272,Zachary did 59 push-ups and 44 crunches in gym class today. David did 19 more push-ups but 27 less crunches than zachary. How many push-ups did David do?,Emily is making bead necklaces for her friends. Each necklace takes 8 beads and she has 16 beads. How many necklaces can Emily make?,78,2,"To solve this problem, we need to determine how many necklaces Emily can make with the beads she has. We know that each necklace requires 8 beads, and Emily has 16 beads. 

Step 1: Divide the total number of beads by the number of beads required for each necklace.
16 beads ÷ 8 beads = 2 necklaces

So, Emily can make 2 necklaces with the beads she has.

#### 2",text
273,Emily is making bead necklaces for her friends. Each necklace takes 8 beads and she has 16 beads. How many necklaces can Emily make?,Jesse's rooms are 19 feet long and 18 feet wide. If she has 20 rooms in all How much carpet does she need to cover the floors of all rooms?,2,6840,"Step 1: Calculate the area of one room.
Area of one room = length * width
Area of one room = 19 feet * 18 feet
Area of one room = 342 square feet

Step 2: Calculate the total area for all rooms.
Total area = area of one room * number of rooms
Total area = 342 square feet * 20 rooms
Total area = 6840 square feet

Jesse needs 6840 square feet of carpet to cover the floors of all 20 rooms. #### 6840",text
274,Jesse's rooms are 19 feet long and 18 feet wide. If she has 20 rooms in all How much carpet does she need to cover the floors of all rooms?,Next on his checklist is wax to stick the feathers together. If the feathers require 166 g of wax and right now he has 20 g How many more grams of wax does he need?,6840,146,"To solve this problem, we need to determine how many more grams of wax are needed to reach the required amount of 166 grams, given that the person currently has 20 grams of wax.

Step 1: Identify the required amount of wax and the current amount of wax.
- Required amount of wax: 166 grams
- Current amount of wax: 20 grams

Step 2: Subtract the current amount of wax from the required amount of wax to find the additional amount needed.
- Additional amount of wax needed = Required amount of wax - Current amount of wax
- Additional amount of wax needed = 166 grams - 20 grams

Step 3: Perform the subtraction.
- Additional amount of wax needed = 146 grams

Therefore, the person needs 146 more grams of wax.

#### 146",text
275,Next on his checklist is wax to stick the feathers together. If the feathers require 166 g of wax and right now he has 20 g How many more grams of wax does he need?,15 campers went rowing in the morning. Some more campers went rowing in the afternoon. If a total of 32 campers went rowing that day How many campers went rowing in the afternoon?,146,17,32 - 15 = 17 campers went rowing in the afternoon. #### 17,text
276,15 campers went rowing in the morning. Some more campers went rowing in the afternoon. If a total of 32 campers went rowing that day How many campers went rowing in the afternoon?,We ordered some pizzas. Each pizza has 2 slices. If there were a total of 28 slices How many pizzas did we order?,17,14,"To solve this problem, we need to determine the number of pizzas ordered based on the total number of slices and the number of slices per pizza.

Step 1: Identify the given information.
- Total number of slices: 28
- Number of slices per pizza: 2

Step 2: Set up the equation.
Let \( p \) be the number of pizzas ordered. The equation can be set up as follows:
\[ 2p = 28 \]

Step 3: Solve for \( p \).
To find the number of pizzas, divide both sides of the equation by 2:
\[ p = \frac{28}{2} \]
\[ p = 14 \]

So, we ordered 14 pizzas.

#### 14",text
277,We ordered some pizzas. Each pizza has 2 slices. If there were a total of 28 slices How many pizzas did we order?,Paul got a box of 521 crayons and 66 erasers for his birthday. At the end of the school year he only had 154 left while not having lost a single erasers. How many crayons had been lost or given away?,14,367,"To solve this problem, we need to determine how many crayons Paul had left after the school year and then subtract that number from the initial number of crayons he had.

Step 1: Identify the initial number of crayons and erasers.
- Paul had 521 crayons and 66 erasers.

Step 2: Determine the number of crayons left at the end of the school year.
- Paul had 154 crayons left.

Step 3: Calculate the number of crayons that were lost or given away.
- Subtract the number of crayons left from the initial number of crayons: 521 - 154 = 367.

Therefore, Paul had 367 crayons lost or given away.

#### 367",text
278,Paul got a box of 521 crayons and 66 erasers for his birthday. At the end of the school year he only had 154 left while not having lost a single erasers. How many crayons had been lost or given away?,41 children were riding on the bus. At the bus stop some children got off the bus. Then there were 18 children left on the bus. How many more children were on the bus before the bus stop than there are now?,367,23,"To find out how many more children were on the bus before the bus stop than there are now, we need to subtract the number of children left on the bus from the number of children who were on the bus before the bus stop.

Number of children on the bus before the bus stop: 41
Number of children left on the bus after the bus stop: 18

41 - 18 = 23

So, there were 23 more children on the bus before the bus stop than there are now.

#### 23",text
279,41 children were riding on the bus. At the bus stop some children got off the bus. Then there were 18 children left on the bus. How many more children were on the bus before the bus stop than there are now?,Tiffany was collecting cans for recycling. On monday she had 7 bags of cans. The next day she found 12 more bags worth of cans. How many more bags did she find on the next day than she had on monday?,23,5,"To solve this problem, we need to determine the difference in the number of bags of cans Tiffany found on the next day compared to Monday.
On Monday, Tiffany had 7 bags of cans.
On the next day, she found 12 more bags worth of cans.
To find the difference, we subtract the number of bags on Monday from the number of bags on the next day:
12 - 7 = 5
Therefore, Tiffany found 5 more bags of cans on the next day than she had on Monday.
#### 5",text
280,Tiffany was collecting cans for recycling. On monday she had 7 bags of cans. The next day she found 12 more bags worth of cans. How many more bags did she find on the next day than she had on monday?,Edward had $ 18. He spent $ 16. How much money does Edward have now?,5,2,"To solve this problem, we need to determine how much money Edward has left after spending $16 from his initial amount of $18.

Step 1: Identify the initial amount of money Edward had.
Initial amount = $18

Step 2: Identify the amount of money Edward spent.
Amount spent = $16

Step 3: Subtract the amount spent from the initial amount to find the remaining amount.
Remaining amount = Initial amount - Amount spent
Remaining amount = $18 - $16

Step 4: Perform the subtraction.
Remaining amount = $2

Edward has $2 left after spending $16.

#### 2",text
281,Edward had $ 18. He spent $ 16. How much money does Edward have now?,Lawrence county has 898051 kids. During summer break 629424 kids go to camp and the rest stay home. How many kids stay home?,2,268627,"To find out how many kids stay home, we need to subtract the number of kids who go to camp from the total number of kids in Lawrence county. 

Total number of kids = 898051
Number of kids who go to camp = 629424

Number of kids who stay home = Total number of kids - Number of kids who go to camp
Number of kids who stay home = 898051 - 629424

Number of kids who stay home = 268627

#### 268627",text
282,Lawrence county has 898051 kids. During summer break 629424 kids go to camp and the rest stay home. How many kids stay home?,There were 16 roses and 3 orchids in the vase. Jessica cut some more roses and orchids from her flower garden. There are now 7 orchids and 13 roses in the vase. How many orchids did she cut?,268627,4,"To solve this problem, we need to determine how many orchids Jessica cut from her flower garden. Let's break down the information given:

Initial number of roses: 16
Initial number of orchids: 3
Final number of roses: 13
Final number of orchids: 7

We can set up the following equations to represent the changes in the number of flowers:

1. Change in the number of roses: 16 (initial) - 13 (final) = 3
2. Change in the number of orchids: 3 (initial) - 7 (final) = -4

The change in the number of roses is 3, which means Jessica cut 3 roses. The change in the number of orchids is -4, which means Jessica cut 4 orchids.

Therefore, Jessica cut 4 orchids.

#### 4",text
283,There were 16 roses and 3 orchids in the vase. Jessica cut some more roses and orchids from her flower garden. There are now 7 orchids and 13 roses in the vase. How many orchids did she cut?,In a school there are 635 girls and the rest are boys. If there are 510 more boys than girls How many boys are there in that school?,4,1145,"To solve this problem, we need to determine the number of boys in the school. We know that there are 635 girls and the rest are boys. We also know that there are 510 more boys than girls. Let's break this down step by step.

1. First, we need to find the total number of students in the school. Since there are 635 girls and the rest are boys, we can represent the total number of students as:
   Total students = Girls + Boys

2. We also know that there are 510 more boys than girls. This can be represented as:
   Boys = Girls + 510

3. Now, we can substitute the second equation into the first equation to find the total number of students:
   Total students = Girls + (Girls + 510)

4. Simplifying the equation, we get:
   Total students = 2 * Girls + 510

5. We know that there are 635 girls, so we can substitute this value into the equation:
   Total students = 2 * 635 + 510

6. Calculating the total number of students:
   Total students = 1270 + 510
   Total students = 1780

7. Now, we need",neither
284,In a school there are 635 girls and the rest are boys. If there are 510 more boys than girls How many boys are there in that school?,Danny collects bottle caps and wrappers. He found 30 bottle caps and 14 wrappers at the park. Now he has 7 bottle caps and 86 wrappers in his collection. How many more bottle caps than wrappers did danny find at the park?,1145,16,"To solve this problem, we need to find out how many more bottle caps than wrappers Danny found at the park. Let's break it down step by step.

1. First, we need to find out how many bottle caps Danny found at the park. We know that he now has 7 bottle caps in his collection. So, the number of bottle caps he found at the park is:
   7 bottle caps (in his collection) - 30 bottle caps (found at the park) = -23 bottle caps

2. Next, we need to find out how many wrappers Danny found at the park. We know that he now has 86 wrappers in his collection. So, the number of wrappers he found at the park is:
   86 wrappers (in his collection) - 14 wrappers (found at the park) = 72 wrappers

3. Now, we need to find out how many more bottle caps than wrappers Danny found at the park. We subtract the number of wrappers from the number of bottle caps:
   -23 bottle caps (found at the park) - 72 wrappers (found at the park) = -95

Therefore, Danny found 95 more wrappers than bottle caps at the",neither
285,Danny collects bottle caps and wrappers. He found 30 bottle caps and 14 wrappers at the park. Now he has 7 bottle caps and 86 wrappers in his collection. How many more bottle caps than wrappers did danny find at the park?,There were 174 parents in the program and 521 pupils too. How many more pupils were present compared to parents in the program?,16,347,"To find out how many more pupils were present compared to parents in the program, we need to subtract the number of parents from the number of pupils.

Step 1: Identify the number of parents and pupils.
- Number of parents: 174
- Number of pupils: 521

Step 2: Subtract the number of parents from the number of pupils.
- 521 (pupils) - 174 (parents) = 347

So, there were 347 more pupils present compared to parents in the program.

#### 347",text
286,There were 174 parents in the program and 521 pupils too. How many more pupils were present compared to parents in the program?,Matthew gave 6 crackers to each his friends. If he had 36 crackers How many friends did he give crackers to?,347,6,"To solve this problem, we need to determine how many friends Matthew gave crackers to, given that he had 36 crackers and gave 6 crackers to each friend.

Step 1: Identify the total number of crackers Matthew had.
Matthew had 36 crackers.

Step 2: Identify the number of crackers given to each friend.
Matthew gave 6 crackers to each friend.

Step 3: Divide the total number of crackers by the number of crackers given to each friend.
36 crackers ÷ 6 crackers per friend = 6 friends

Therefore, Matthew gave crackers to 6 friends.

#### 6",text
287,Matthew gave 6 crackers to each his friends. If he had 36 crackers How many friends did he give crackers to?,There are 20 different books in the ' crazy silly school ' series. If you are yet to read 5 of the books How many books have you already read?,6,15,"To solve this problem, we need to determine how many books from the 'crazy silly school' series Matthew has already read, given that there are 20 books in total and he has 5 books left to read.

Step 1: Identify the total number of books in the series.
There are 20 books in the 'crazy silly school' series.

Step 2: Identify the number of books Matthew has left to read.
Matthew has 5 books left to read.

Step 3: Calculate the number of books Matthew has already read.
To find out how many books Matthew has already read, we subtract the number of books he has left to read from the total number of books in the series.

Number of books already read = Total number of books - Number of books left to read
Number of books already read = 20 - 5

Step 4: Perform the subtraction.
20 - 5 = 15

Matthew has already read 15 books from the 'crazy silly school' series.

#### 15",text
288,There are 20 different books in the ' crazy silly school ' series. If you are yet to read 5 of the books How many books have you already read?,"The grasshopper, the frog and the mouse had a jumping contest. The grasshopper jumped 24 inches. The frog jumped 33 inches farther than the grasshopper and the mouse jumped 5 inches lesser than the frog. How much farther did the mouse jump than the grasshopper?",15,28,"The frog jumped 24 + 33 = 57 inches.
The mouse jumped 57 - 5 = 52 inches.
The mouse jumped 52 - 24 = 28 inches farther than the grasshopper.
#### 28",text
289,"The grasshopper, the frog and the mouse had a jumping contest. The grasshopper jumped 24 inches. The frog jumped 33 inches farther than the grasshopper and the mouse jumped 5 inches lesser than the frog. How much farther did the mouse jump than the grasshopper?",Haley grew 13 trees in her backyard. After a typhoon 6 died. How many more trees survived the typhoon than those that died?,28,1,"Haley grew 13 trees in her backyard. After a typhoon, 6 died. To find out how many more trees survived the typhoon than those that died, we subtract the number of trees that died from the total number of trees. 

13 trees - 6 trees = 7 trees

So, 7 more trees survived the typhoon than those that died.

#### 7",neither
290,Haley grew 13 trees in her backyard. After a typhoon 6 died. How many more trees survived the typhoon than those that died?,There are 8 different books and 10 different movies in the ' crazy silly school ' series. If you read 19 of the books and watched 61 of the movies How many more movies than books are there in the ' crazy silly school ' series?,1,2,"To solve this problem, we need to find out how many more movies than books are there in the 'crazy silly school' series. We know that there are 8 different books and 10 different movies in the series. 

Step 1: Identify the number of books and movies.
- Number of books: 8
- Number of movies: 10

Step 2: Calculate the difference between the number of movies and books.
- Difference = Number of movies - Number of books
- Difference = 10 - 8

Step 3: Perform the subtraction.
- Difference = 2

So, there are 2 more movies than books in the 'crazy silly school' series.

#### 2",text
291,There are 8 different books and 10 different movies in the ' crazy silly school ' series. If you read 19 of the books and watched 61 of the movies How many more movies than books are there in the ' crazy silly school ' series?,Faye was placing her pencils into rows with 22 pencils in each row. She had 6 packs of pencils each one having 14 pencils. How many pencils does she have?,2,84,"First, we need to find out how many pencils are in each pack. Since each pack has 14 pencils, we multiply 14 by 6 to get the total number of pencils in the packs. 

14 pencils/pack * 6 packs = 84 pencils

Next, we need to find out how many pencils Faye has in total. Since she has 84 pencils in packs and 22 pencils in each row, we multiply 22 by the number of rows to get the total number of pencils. 

22 pencils/row * 4 rows = 88 pencils

Finally, we add the number of pencils in the packs to the number of pencils in the rows to get the total number of pencils Faye has. 

84 pencils + 88 pencils = 172 pencils

Therefore, Faye has 172 pencils in total. #### 172.",neither
292,Faye was placing her pencils into rows with 22 pencils in each row. She had 6 packs of pencils each one having 14 pencils. How many pencils does she have?,White t - shirts can be purchased in packages. If mom buys 66 white t - shirts where each package has 3 white t - shirts. How many packages will she have?,84,22,"To find out how many packages of white t-shirts mom will have, we need to divide the total number of white t-shirts by the number of white t-shirts in each package.

Total number of white t-shirts = 66
Number of white t-shirts in each package = 3

Now, we divide the total number of white t-shirts by the number of white t-shirts in each package:

66 white t-shirts ÷ 3 white t-shirts per package = 22 packages

So, mom will have 22 packages of white t-shirts.

#### 22",text
293,White t - shirts can be purchased in packages. If mom buys 66 white t - shirts where each package has 3 white t - shirts. How many packages will she have?,Mary is baking a cake. The recipe calls for 5 cups of sugar and 13 cups of flour. She already put in some cups of flour. If she still needs 12 more cups of flour How many cups of flour did she put in?,22,1,"To solve this problem, we need to determine how many cups of flour Mary has already put in. We know that the recipe calls for 13 cups of flour and she still needs 12 more cups. 

Let's break it down step by step:

1. The total amount of flour needed is 13 cups.
2. Mary still needs 12 more cups of flour.

To find out how many cups of flour Mary has already put in, we subtract the amount she still needs from the total amount needed:

13 cups (total needed) - 12 cups (still needed) = 1 cup

So, Mary has already put in 1 cup of flour.

#### 1",text
294,Mary is baking a cake. The recipe calls for 5 cups of sugar and 13 cups of flour. She already put in some cups of flour. If she still needs 12 more cups of flour How many cups of flour did she put in?,"7 red peaches, 15 yellow peaches and 8 green peaches are in the basket. How many peaches are in the basket?",1,30,"To find the total number of peaches in the basket, we need to add the number of each type of peach together. 

1. Start with the number of red peaches: 7
2. Add the number of yellow peaches: 7 + 15 = 22
3. Add the number of green peaches: 22 + 8 = 30

Therefore, there are 30 peaches in the basket.

#### 30",text
295,"7 red peaches, 15 yellow peaches and 8 green peaches are in the basket. How many peaches are in the basket?",Jack received 3 emails and 64 letters in the morning. He then received 5 emails and 54 letters in the afternoon. How many emails did jack receive in the day?,30,8,"To solve this problem, we need to find out how many emails Jack received in total throughout the day. 

Step 1: Identify the number of emails Jack received in the morning and the afternoon.
- Jack received 3 emails in the morning.
- Jack received 5 emails in the afternoon.

Step 2: Add the number of emails Jack received in the morning and the afternoon.
- Total emails = 3 (morning) + 5 (afternoon) = 8 emails

Therefore, Jack received 8 emails in the day.

#### 8",text
296,Jack received 3 emails and 64 letters in the morning. He then received 5 emails and 54 letters in the afternoon. How many emails did jack receive in the day?,Ed had 2 more marbles than Doug. Doug lost some of his marbles at the playground. Now Ed has 19 more marbles than doug. How many marbles did Doug lose?,8,17,"Let's denote the number of marbles Doug has now as D and the number of marbles Ed has now as E. We know that E = D + 19.

We also know that initially, Ed had 2 more marbles than Doug, so E = D + 2.

We can set up the following equations:
1. E = D + 19
2. E = D + 2

Since both equations equal E, we can set them equal to each other:
D + 19 = D + 2

Subtracting D from both sides, we get:
19 = 2

This is a contradiction, so there must be an error in the problem statement. The given information is inconsistent.",neither
297,Ed had 2 more marbles than Doug. Doug lost some of his marbles at the playground. Now Ed has 19 more marbles than doug. How many marbles did Doug lose?,Dan has $ 3 left with him after he bought a candy bar for $ 2. How much money did he have initially?,17,5,"To solve this problem, we need to determine how much money Dan had initially before he bought a candy bar.

Step 1: Identify the amount of money Dan has left after buying the candy bar.
Dan has $3 left.

Step 2: Identify the cost of the candy bar.
The candy bar cost $2.

Step 3: Add the cost of the candy bar to the amount of money Dan has left to find out how much money he had initially.
$3 (left) + $2 (candy bar) = $5

So, Dan initially had $5.

#### 5",text
298,Dan has $ 3 left with him after he bought a candy bar for $ 2. How much money did he have initially?,Jake has 13 fewer peaches and 3 more apples than Steven. Steven has 9 peaches and 8 apples. How many apples does Jake have?,5,11,"To solve this problem, we need to determine how many apples Jake has based on the information given.

1. We know that Steven has 8 apples.
2. Jake has 3 more apples than Steven.

So, we can calculate the number of apples Jake has by adding 3 to the number of apples Steven has:

Jake's apples = Steven's apples + 3
Jake's apples = 8 + 3

Jake's apples = 11

Therefore, Jake has 11 apples.

#### 11",text
299,Jake has 13 fewer peaches and 3 more apples than Steven. Steven has 9 peaches and 8 apples. How many apples does Jake have?,Winter is almost here and most animals are migrating to warmer countries. There are 41 bird families living near the mountain. If 35 bird families flew away to asia and 62 bird families flew away to africa How many more bird families flew away to africa than those that flew away to asia?,11,27,"To solve this problem, we need to find out how many more bird families flew away to Africa than those that flew away to Asia. 

Step 1: Determine the number of bird families that flew away to Africa.
62 bird families flew away to Africa.

Step 2: Determine the number of bird families that flew away to Asia.
35 bird families flew away to Asia.

Step 3: Subtract the number of bird families that flew away to Asia from the number of bird families that flew away to Africa.
62 - 35 = 27

So, 27 more bird families flew away to Africa than those that flew away to Asia.

#### 27",text
