problem_id,image_question,text_question,image_reference,text_reference,prediction,follows
0,Winter is almost here and most animals are migrating to warmer countries. There are 41 bird families living near the mountain. If 35 bird families flew away to asia and 62 bird families flew away to africa How many more bird families flew away to africa than those that flew away to asia?,Paige raised 7 goldfish and 12 catfish in the pond but stray cats loved eating them. Now she has 15 left. How many fishes disappeared?,27,4,"Paige initially had 7 goldfish + 12 catfish = 19 fishes in the pond. Now she has 15 fishes left. Therefore, 19 fishes - 15 fishes = 4 fishes disappeared. #### 4",text
1,Paige raised 7 goldfish and 12 catfish in the pond but stray cats loved eating them. Now she has 15 left. How many fishes disappeared?,Marco and his dad went strawberry picking. Together they collected strawberries that weighed 22 pounds. On the way back Marco ' dad found 30 more pounds of strawberries. Marco's strawberries now weighed 36 pounds. How much did his dad's strawberries weigh now?,4,16,"To solve this problem, we need to determine the weight of Marco's dad's strawberries after they found 30 more pounds of strawberries. Let's break down the information given:

1. Marco and his dad collected strawberries that weighed 22 pounds.
2. They found 30 more pounds of strawberries.
3. Marco's strawberries now weigh 36 pounds.

We can set up the equation as follows:

Marco's strawberries + Dad's strawberries + Found strawberries = Total strawberries

36 + Dad's strawberries + 30 = 22 + 30

Let's simplify and solve for Dad's strawberries:

36 + Dad's strawberries + 30 = 52

Combine like terms:

Dad's strawberries + 66 = 52

To isolate Dad's strawberries, we subtract 66 from both sides of the equation:

Dad's strawberries = 52 - 66

Dad's strawberries = -14

Since the weight of strawberries cannot be negative, there seems to be an error in the problem statement. The correct answer should be:

Dad's strawberries = 52 - 66

Dad's strawberries = -14

However, since the weight of strawberries",neither
2,Marco and his dad went strawberry picking. Together they collected strawberries that weighed 22 pounds. On the way back Marco ' dad found 30 more pounds of strawberries. Marco's strawberries now weighed 36 pounds. How much did his dad's strawberries weigh now?,Debby bought 200 water bottles and 256 soda bottles when they were on sale. If she drank 312 water bottles and 4 soda bottles a day How many days would the soda bottles last?,16,64,"To solve this problem, we need to determine how many days the soda bottles would last if Debby drank 4 soda bottles a day.

Step 1: Calculate the total number of soda bottles Debby bought.
Total soda bottles = 256

Step 2: Calculate the number of days the soda bottles would last if Debby drank 4 soda bottles a day.
Number of days = Total soda bottles / Soda bottles per day
Number of days = 256 / 4

Number of days = 64

#### 64",text
3,Debby bought 200 water bottles and 256 soda bottles when they were on sale. If she drank 312 water bottles and 4 soda bottles a day How many days would the soda bottles last?,There were 106 dollars in Olivia's wallet. After she visited a supermarket and a showroom there were 26 dollars left. If she spent 49 dollars at the showroom How much did she spend at the supermarket?,64,31,"To solve this problem, we need to determine how much Olivia spent at the supermarket. We know that she had 106 dollars initially and had 26 dollars left after visiting the supermarket and the showroom. 

First, let's find out how much she spent in total:
Total spent = Initial amount - Amount left
Total spent = 106 dollars - 26 dollars
Total spent = 80 dollars

Next, we know that she spent 49 dollars at the showroom. To find out how much she spent at the supermarket, we subtract the amount spent at the showroom from the total spent:
Amount spent at the supermarket = Total spent - Amount spent at the showroom
Amount spent at the supermarket = 80 dollars - 49 dollars
Amount spent at the supermarket = 31 dollars

Therefore, Olivia spent 31 dollars at the supermarket.

#### 31",text
4,There were 106 dollars in Olivia's wallet. After she visited a supermarket and a showroom there were 26 dollars left. If she spent 49 dollars at the showroom How much did she spend at the supermarket?,Faye was placing her pencils and crayons into 30 rows with 71 crayons and 24 pencils in each row. How many pencils does she have?,31,720,"To solve this problem, we need to determine the total number of pencils Faye has. We know that there are 30 rows, and each row contains 24 pencils. 

Let's break it down step by step:

1. Determine the number of rows: 30 rows
2. Determine the number of pencils per row: 24 pencils
3. Multiply the number of rows by the number of pencils per row to find the total number of pencils.

Calculation:
30 rows * 24 pencils per row = 720 pencils

Therefore, Faye has 720 pencils.

#### 720",text
5,Faye was placing her pencils and crayons into 30 rows with 71 crayons and 24 pencils in each row. How many pencils does she have?,Ed had 10 more marbles than Doug. Doug lost 11 of his marbles at the playground. If Ed had 45 marbles How many more marbles did Ed have than Doug then?,720,21,"Doug had 45 - 10 = 35 marbles. Doug had 35 - 11 = 24 marbles. Ed had 45 - 24 = 21 more marbles than Doug. 

#### 21",text
6,Ed had 10 more marbles than Doug. Doug lost 11 of his marbles at the playground. If Ed had 45 marbles How many more marbles did Ed have than Doug then?,26 children were riding on the bus. At the bus stop 38 more children got on the bus. How many children are on the bus now?,21,64,"Step 1: Identify the initial number of children on the bus, which is 26.
Step 2: Identify the number of children who got on the bus at the bus stop, which is 38.
Step 3: Add the initial number of children to the number of children who got on the bus to find the total number of children on the bus now.

Calculation:
26 (initial children) + 38 (children who got on) = 64 (total children on the bus now)

#### <answer>64",text
7,26 children were riding on the bus. At the bus stop 38 more children got on the bus. How many children are on the bus now?,Helen the hippo and her friends are preparing for thanksgiving at Helen's house. Helen baked 31 cookies yesterday 270 cookies this morning and 419 cookies the day before yesterday. How many cookies did Helen bake till last night?,64,450,"To find the total number of cookies Helen baked till last night, we need to add the number of cookies she baked yesterday, this morning, and the day before yesterday. 

1. Helen baked 31 cookies yesterday.
2. Helen baked 270 cookies this morning.
3. Helen baked 419 cookies the day before yesterday.

Adding these together:

31 (yesterday) + 270 (this morning) + 419 (day before yesterday) = 720 cookies

Helen baked a total of 720 cookies till last night.

#### 720",neither
8,Helen the hippo and her friends are preparing for thanksgiving at Helen's house. Helen baked 31 cookies yesterday 270 cookies this morning and 419 cookies the day before yesterday. How many cookies did Helen bake till last night?,He then went to see the oranges being harvested. He found out that they harvest 66 sacks per day and that each sack containes 25 oranges. How many oranges will they have after 87 days of harvest?,450,143550,"To solve this problem, we need to calculate the total number of oranges harvested over 87 days. We know that they harvest 66 sacks per day and each sack contains 25 oranges. 

First, let's find out how many oranges are harvested in a day:
66 sacks/day * 25 oranges/sack = 1650 oranges/day

Next, we'll calculate the total number of oranges harvested over 87 days:
1650 oranges/day * 87 days = 143550 oranges

Therefore, after 87 days of harvest, they will have 143550 oranges.

#### 143550",text
9,He then went to see the oranges being harvested. He found out that they harvest 66 sacks per day and that each sack containes 25 oranges. How many oranges will they have after 87 days of harvest?,An industrial machine made 9 shirts yesterday and 44 shirts today. It can make 3 shirts a minute. How many minutes did the machine work yesterday?,143550,3,"To solve this problem, we need to determine how many minutes the machine worked yesterday. We know the machine made 9 shirts yesterday and 44 shirts today. The machine can make 3 shirts per minute. Let's break down the information given:

- Number of shirts made yesterday: 9
- Number of shirts made today: 44
- Number of shirts made per minute: 3

First, we need to find out how many shirts the machine made in total:

Total shirts made = Shirts made yesterday + Shirts made today
Total shirts made = 9 + 44
Total shirts made = 53

Next, we need to find out how many minutes the machine worked yesterday. We can do this by dividing the total number of shirts made yesterday by the number of shirts made per minute:

Minutes worked yesterday = Shirts made yesterday / Shirts made per minute
Minutes worked yesterday = 9 / 3
Minutes worked yesterday = 3

Therefore, the machine worked for 3 minutes yesterday.

#### 3",text
10,An industrial machine made 9 shirts yesterday and 44 shirts today. It can make 3 shirts a minute. How many minutes did the machine work yesterday?,Bryan took a look at his books and magazines. If he has 9 books and 46 magazines in each of his 10 bookshelves How many magazines does he have in total?,3,460,"To find the total number of magazines, we need to multiply the number of magazines per bookshelf by the number of bookshelves. 

46 magazines/bookshelf * 10 bookshelves = 460 magazines

Bryan has 460 magazines in total. 

#### 460",text
11,Bryan took a look at his books and magazines. If he has 9 books and 46 magazines in each of his 10 bookshelves How many magazines does he have in total?,Dave had 17 apps on his phone. After adding some he had 18 left. How many apps did he add?,460,1,"Dave had 17 apps on his phone. After adding some, he had 18 left. To find out how many apps he added, we subtract the initial number of apps from the final number of apps. 

17 apps (initial) - 18 apps (final) = -1 apps

Dave added -1 apps. However, since we can't have a negative number of apps, it means he actually removed 1 app. 

#### -1 <answer>",neither
12,Dave had 17 apps on his phone. After adding some he had 18 left. How many apps did he add?,Dan has $ 4. He bought a candy bar for $ 7 and a chocolate for $ 6. How much money did he spend buying the candy bar and chocolate?,1,13,"To solve this problem, we need to determine the total amount of money Dan spent on the candy bar and the chocolate. 

Step 1: Identify the cost of each item.
- The cost of the candy bar is $7.
- The cost of the chocolate is $6.

Step 2: Add the costs of the candy bar and the chocolate.
- Total cost = $7 (candy bar) + $6 (chocolate) = $13.

So, Dan spent $13 in total on the candy bar and the chocolate.

#### 13",text
13,Dan has $ 4. He bought a candy bar for $ 7 and a chocolate for $ 6. How much money did he spend buying the candy bar and chocolate?,The bananas in Philip's collection are organized into 196 groups. If there are a total of 392 bananas in Philip's banana collection How big is each group?,13,2,"To find the size of each group, we need to divide the total number of bananas by the number of groups. 

Step 1: Identify the total number of bananas and the number of groups.
Total number of bananas = 392
Number of groups = 196

Step 2: Divide the total number of bananas by the number of groups.
392 ÷ 196 = 2

Each group contains 2 bananas.

#### 2",text
14,The bananas in Philip's collection are organized into 196 groups. If there are a total of 392 bananas in Philip's banana collection How big is each group?,The cave is 1218 feet deep and they are already at 849 feet. If they are travelling at speed of 17 How much farther until they reach the end of the cave?,2,369,"To find out how much farther they need to travel, we need to subtract the current depth from the total depth of the cave. 

Total depth of the cave = 1218 feet
Current depth = 849 feet

Distance to travel = Total depth - Current depth
Distance to travel = 1218 feet - 849 feet
Distance to travel = 369 feet

Now, we need to find out how long it will take to travel this distance at a speed of 17 feet per minute.

Time = Distance / Speed
Time = 369 feet / 17 feet per minute
Time = 21.76 minutes

Since the question asks for the distance, not the time, the answer is:

#### 369 feet",text
15,The cave is 1218 feet deep and they are already at 849 feet. If they are travelling at speed of 17 How much farther until they reach the end of the cave?,The Ferris wheel in paradise park has 4 seats. If 20 people can ride the wheel at the same time How many people can each seat hold?,369,5,"To solve this problem, we need to determine how many people can ride the Ferris wheel at the same time, given that there are 4 seats on the wheel and 20 people can ride it.

Step 1: Identify the number of seats on the Ferris wheel.
- There are 4 seats on the Ferris wheel.

Step 2: Identify the total number of people who can ride the Ferris wheel.
- 20 people can ride the Ferris wheel at the same time.

Step 3: Divide the total number of people by the number of seats to find out how many people can ride each seat.
- 20 people / 4 seats = 5 people per seat.

Therefore, each seat on the Ferris wheel can hold 5 people.

#### 5",text
16,The Ferris wheel in paradise park has 4 seats. If 20 people can ride the wheel at the same time How many people can each seat hold?,A farmer had 177 tomatoes and 12 potatoes in his garden. If he picked 53 tomatoes How many tomatoes and potatoes does he have left?,5,136,"The farmer had 177 tomatoes and 12 potatoes in his garden. If he picked 53 tomatoes, he has 177 - 53 = 124 tomatoes left. He also has 12 potatoes left. Therefore, he has 124 + 12 = 136 tomatoes and potatoes left. #### 136",text
17,A farmer had 177 tomatoes and 12 potatoes in his garden. If he picked 53 tomatoes How many tomatoes and potatoes does he have left?,Danny collects bottle caps. He lost 66 bottle caps at the park. Now he has 25 bottle caps in his collection. How many bottle caps did danny have at first?,136,91,"To solve this problem, we need to determine how many bottle caps Danny had at first. We know that Danny lost 66 bottle caps at the park and now has 25 bottle caps in his collection.

Let's break down the information given:
- Danny lost 66 bottle caps.
- Danny now has 25 bottle caps.

To find out how many bottle caps Danny had at first, we need to add the number of bottle caps he lost to the number of bottle caps he currently has.

Calculation:
66 (lost) + 25 (current) = 91

Therefore, Danny had 91 bottle caps at first.

#### 91",text
18,Danny collects bottle caps. He lost 66 bottle caps at the park. Now he has 25 bottle caps in his collection. How many bottle caps did danny have at first?,"Jack received 4 emails in the morning, 5 emails in the afternoon and 8 emails in the evening. How many emails did Jack receive in the afternoon and evening?",91,13,"To find out how many emails Jack received in the afternoon and evening, we need to add the number of emails he received in the afternoon and the number of emails he received in the evening. 

The number of emails Jack received in the afternoon is 5, and the number of emails he received in the evening is 8. 

So, the total number of emails Jack received in the afternoon and evening is 5 + 8 = 13.

Therefore, Jack received 13 emails in the afternoon and evening.

#### 13",text
19,"Jack received 4 emails in the morning, 5 emails in the afternoon and 8 emails in the evening. How many emails did Jack receive in the afternoon and evening?",Paco had 22 sweet cookies and 75 salty cookies. He ate 15 sweet cookies and 54 salty cookies. How many sweet cookies did Paco have left?,13,7,"Step 1: Identify the initial number of sweet cookies Paco had.
Initial number of sweet cookies = 22

Step 2: Identify the number of sweet cookies Paco ate.
Number of sweet cookies eaten = 15

Step 3: Subtract the number of sweet cookies eaten from the initial number of sweet cookies to find the remaining number of sweet cookies.
Remaining number of sweet cookies = Initial number of sweet cookies - Number of sweet cookies eaten
Remaining number of sweet cookies = 22 - 15

Step 4: Perform the subtraction.
Remaining number of sweet cookies = 7

Paco had 7 sweet cookies left. 

#### 7",text
20,Paco had 22 sweet cookies and 75 salty cookies. He ate 15 sweet cookies and 54 salty cookies. How many sweet cookies did Paco have left?,The ring toss game at the carnival made the same amount of money each day. In total in 5 days they earned 165 dollars. How much did they make per day?,7,33,"To find out how much the ring toss game made per day, we need to divide the total amount earned by the number of days. 

Total amount earned = 165 dollars
Number of days = 5

Per day earnings = Total amount earned / Number of days
Per day earnings = 165 dollars / 5
Per day earnings = 33 dollars

Therefore, the ring toss game made 33 dollars per day.

#### 33",text
21,The ring toss game at the carnival made the same amount of money each day. In total in 5 days they earned 165 dollars. How much did they make per day?,Dave had 24 files and 13 apps on his phone. After deleting some apps and files he had 17 apps and 21 files left. How many files did he delete?,33,3,"Dave had 24 files and 13 apps on his phone. After deleting some apps and files, he had 17 apps and 21 files left. To find out how many files he deleted, we can subtract the number of files he had left from the number of files he originally had. 

21 files (left) - 24 files (original) = -3 files

Since we can't have a negative number of files, it means Dave actually added 3 files to his phone. Therefore, he did not delete any files. 

#### -3 <answer>",neither
22,Dave had 24 files and 13 apps on his phone. After deleting some apps and files he had 17 apps and 21 files left. How many files did he delete?,In a school there are 569 girls and 236 boys. How many more girls than boys does the school have?,3,333,"To find out how many more girls than boys the school has, we need to subtract the number of boys from the number of girls. 

Step 1: Identify the number of girls and boys in the school.
- Number of girls: 569
- Number of boys: 236

Step 2: Subtract the number of boys from the number of girls.
569 - 236 = 333

The school has 333 more girls than boys.

#### 333",text
23,In a school there are 569 girls and 236 boys. How many more girls than boys does the school have?,Rebecca wants to split a collection of eggs into groups of 11. If each group has 2 eggs How many eggs does Rebecca have?,333,22,"To solve this problem, we need to determine the total number of eggs Rebecca has. We know that each group has 2 eggs, and she wants to split the collection into groups of 11.

Let's break it down step by step:

1. Determine the number of groups: Since Rebecca wants to split the collection into groups of 11, we need to find out how many groups she can form.
2. Calculate the total number of eggs: Once we know the number of groups, we can multiply it by the number of eggs in each group to find the total number of eggs.

Step 1: Determine the number of groups
Since each group has 2 eggs, we can calculate the number of groups by dividing the total number of eggs by 2.

Step 2: Calculate the total number of eggs
Let's assume the total number of eggs is x. We can set up the equation as follows:
Number of groups = x / 2

Since each group has 11 eggs, we can set up the equation:
Number of groups = 11

Now, we can solve for x:
11 = x / 2
x = 11 * 2
x = 22

Therefore, Rebecca has 22 eggs.

#### 22",text
24,Rebecca wants to split a collection of eggs into groups of 11. If each group has 2 eggs How many eggs does Rebecca have?,Mary is baking a cake. The recipe calls for 7 cups of sugar and 10 cups of flour. She already put in 4 cups of sugar. How many more cups of sugar does she need to add?,22,3,"To solve this problem, we need to determine how many more cups of sugar Mary needs to add to the cake recipe. The recipe calls for 7 cups of sugar, and Mary has already added 4 cups.

Step 1: Identify the total amount of sugar needed.
- The recipe calls for 7 cups of sugar.

Step 2: Identify the amount of sugar already added.
- Mary has already added 4 cups of sugar.

Step 3: Calculate the remaining amount of sugar needed.
- Subtract the amount of sugar already added from the total amount needed: 7 cups - 4 cups = 3 cups.

Therefore, Mary needs to add 3 more cups of sugar to the cake recipe.

#### 3",text
25,Mary is baking a cake. The recipe calls for 7 cups of sugar and 10 cups of flour. She already put in 4 cups of sugar. How many more cups of sugar does she need to add?,Dave had 21 apps on his phone. He added 89 new apps. After deleting some he had 24 left. How many more apps did he add than he deleted?,3,3,"Dave had 21 apps on his phone. He added 89 new apps. After deleting some he had 24 left. How many more apps did he add than he deleted?

Step 1: Calculate the total number of apps after adding new ones.
21 apps + 89 apps = 110 apps

Step 2: Calculate the number of apps Dave deleted.
110 apps - 24 apps = 86 apps

Step 3: Calculate the difference between the number of apps added and the number of apps deleted.
89 apps - 86 apps = 3 apps

Dave added 3 more apps than he deleted. 

#### 3",ambiguous
26,Dave had 21 apps on his phone. He added 89 new apps. After deleting some he had 24 left. How many more apps did he add than he deleted?,During summer break 202958 kids from Lawrence county go to camp and the other 777622 kids stay home. How many more kids stayed home compared to those who went to the camp?,3,574664,"To find out how many more kids stayed home compared to those who went to camp, we need to subtract the number of kids who went to camp from the number of kids who stayed home. 

So, we perform the subtraction: 

777622 - 202958 = 574664

Therefore, 574664 more kids stayed home compared to those who went to camp. 

#### 574664",text
27,During summer break 202958 kids from Lawrence county go to camp and the other 777622 kids stay home. How many more kids stayed home compared to those who went to the camp?,The grasshopper and the frog had a jumping contest. The grasshopper jumped 13 inches. The grasshopper jumped 2 inches farther than the grasshopper. How far did the frog jump?,574664,11,"The grasshopper jumped 13 inches. The grasshopper jumped 2 inches farther than the grasshopper. So, the grasshopper jumped 13 - 2 = 11 inches. The grasshopper jumped 11 inches. The grasshopper jumped 2 inches farther than the grasshopper. So, the grasshopper jumped 11 - 2 = 9 inches. The grasshopper jumped 9 inches. The grasshopper jumped 2 inches farther than the grasshopper. So, the grasshopper jumped 9 - 2 = 7 inches. The grasshopper jumped 7 inches. The grasshopper jumped 2 inches farther than the grasshopper. So, the grasshopper jumped 7 - 2 = 5 inches. The grasshopper jumped 5 inches. The grasshopper jumped 2 inches farther than the grasshopper. So, the grasshopper jumped 5 - 2 = 3 inches. The grasshopper jumped 3 inches. The grasshopper jumped 2 inches farther than the grasshopper. So, the grasshopper jumped 3 - 2 = 1 inch. The grasshopper jumped 1 inch. The",neither
28,The grasshopper and the frog had a jumping contest. The grasshopper jumped 13 inches. The grasshopper jumped 2 inches farther than the grasshopper. How far did the frog jump?,Allan brought 3 balloons and 20 balls while Jake brought 5 balloons and 59 balls to the park. How many balloons did Allan and Jake have in the park?,11,8,"To solve this problem, we need to find out how many balloons Allan and Jake had in total at the park. 

Step 1: Identify the number of balloons each person brought.
- Allan brought 3 balloons.
- Jake brought 5 balloons.

Step 2: Add the number of balloons brought by Allan and Jake.
- Total balloons = Allan's balloons + Jake's balloons
- Total balloons = 3 + 5

Step 3: Calculate the total number of balloons.
- Total balloons = 8

So, Allan and Jake had a total of 8 balloons in the park.

#### 8",text
29,Allan brought 3 balloons and 20 balls while Jake brought 5 balloons and 59 balls to the park. How many balloons did Allan and Jake have in the park?,He then went to see the oranges being harvested. He found out that they harvest 8 sacks per day. How many days will it take to harvest 24 sacks of oranges?,8,3,"To solve this problem, we need to determine how many days it will take to harvest 24 sacks of oranges, given that they harvest 8 sacks per day.

Step 1: Identify the number of sacks harvested per day.
- The number of sacks harvested per day is 8.

Step 2: Identify the total number of sacks to be harvested.
- The total number of sacks to be harvested is 24.

Step 3: Divide the total number of sacks by the number of sacks harvested per day.
- 24 sacks ÷ 8 sacks per day = 3 days

Therefore, it will take 3 days to harvest 24 sacks of oranges.

#### 3",text
30,He then went to see the oranges being harvested. He found out that they harvest 8 sacks per day. How many days will it take to harvest 24 sacks of oranges?,Every day Ryan spends 6 hours on learning english and 5 hours on learning chinese. If he learns for 2 days How many hours does he spend on learning english in all?,3,12,"To solve this problem, we need to calculate the total number of hours Ryan spends on learning English over 2 days.

Step 1: Determine the number of hours Ryan spends on learning English each day.
- Ryan spends 6 hours on learning English each day.

Step 2: Multiply the number of hours spent each day by the number of days.
- 6 hours/day * 2 days = 12 hours

So, Ryan spends a total of 12 hours on learning English over 2 days.

#### 12",text
31,Every day Ryan spends 6 hours on learning english and 5 hours on learning chinese. If he learns for 2 days How many hours does he spend on learning english in all?,Baker made 144 cakes. He sold 71 of them. Then he made 111 more cakes. How many more cakes did baker make than those he sold?,12,184,"Baker made 144 cakes and sold 71 cakes. So, he made 144 - 71 = 73 more cakes than those he sold. 

Then, he made 111 more cakes. So, the total number of cakes he made is 73 + 111 = 184 cakes. 

Therefore, the answer is 184. #### 184",text
32,Baker made 144 cakes. He sold 71 of them. Then he made 111 more cakes. How many more cakes did baker make than those he sold?,There were 12 people on the bus. At the next stop 4 more people got on the bus. Each bus can not have more than 36 people. How many people are there on the bus now?,184,16,"There were 12 people on the bus. At the next stop, 4 more people got on the bus. 

12 + 4 = 16

There are 16 people on the bus now.",text
33,There were 12 people on the bus. At the next stop 4 more people got on the bus. Each bus can not have more than 36 people. How many people are there on the bus now?,Allan brought 5 balloons and Jake brought 6 balloons to the park. Jake then bought 3 more balloons at the park. How many balloons did Jake bring to the park?,16,9,"Jake brought 6 balloons to the park. He then bought 3 more balloons, so he brought a total of 6 + 3 = 9 balloons to the park. 

#### 9",text
34,Allan brought 5 balloons and Jake brought 6 balloons to the park. Jake then bought 3 more balloons at the park. How many balloons did Jake bring to the park?,An industrial machine worked for 5 minutes. It can make 4 shirts a minute. How many shirts did machine make?,9,20,"To solve this problem, we need to find out how many shirts the machine made in 5 minutes. We know that the machine can make 4 shirts per minute. 

Step 1: Determine the number of shirts made per minute.
The machine makes 4 shirts per minute.

Step 2: Multiply the number of shirts made per minute by the number of minutes the machine worked.
4 shirts/minute * 5 minutes = 20 shirts

So, the machine made 20 shirts in 5 minutes.

#### 20",text
35,An industrial machine worked for 5 minutes. It can make 4 shirts a minute. How many shirts did machine make?,Paco had 9 sweet cookies and 6 salty cookies. He ate 36 sweet cookies and 3 salty cookies. How many salty cookies did Paco have left?,20,3,"Paco had 9 sweet cookies and 6 salty cookies. He ate 36 sweet cookies and 3 salty cookies. 

To find out how many salty cookies Paco had left, we need to subtract the number of salty cookies he ate from the total number of salty cookies he had. 

Total salty cookies = 6
Salty cookies eaten = 3

Salty cookies left = Total salty cookies - Salty cookies eaten
Salty cookies left = 6 - 3
Salty cookies left = 3

Paco had 3 salty cookies left. #### 3",text
36,Paco had 9 sweet cookies and 6 salty cookies. He ate 36 sweet cookies and 3 salty cookies. How many salty cookies did Paco have left?,A book has 3 chapters. The first chapter is 66 pages long the second chapter is 35 pages long and the third chapter is 24 pages long. How many pages does the book have altogether?,3,125,"To find the total number of pages in the book, we need to add the number of pages in each chapter together. 

1. The first chapter is 66 pages long.
2. The second chapter is 35 pages long.
3. The third chapter is 24 pages long.

Adding these together:

66 + 35 + 24 = 125

Therefore, the book has 125 pages altogether.

#### 125",text
37,A book has 3 chapters. The first chapter is 66 pages long the second chapter is 35 pages long and the third chapter is 24 pages long. How many pages does the book have altogether?,Some children were riding on the bus. At the bus stop 2 more children got on the bus. Then there were 41 children altogether on the bus. How many children were riding on the bus before the bus stop?,125,39,"To solve this problem, we need to determine the number of children who were riding on the bus before the bus stop. We know that 2 more children got on the bus at the bus stop, and there were 41 children altogether on the bus.

Let's break down the information given:
- Number of children who got on the bus at the bus stop: 2
- Total number of children on the bus after the bus stop: 41

We can set up the equation as follows:
Number of children on the bus before the bus stop + Number of children who got on the bus at the bus stop = Total number of children on the bus after the bus stop

Let's denote the number of children on the bus before the bus stop as x.

x + 2 = 41

To find x, we subtract 2 from both sides of the equation:

x + 2 - 2 = 41 - 2
x = 39

Therefore, the number of children who were riding on the bus before the bus stop is 39.

#### 39",text
38,Some children were riding on the bus. At the bus stop 2 more children got on the bus. Then there were 41 children altogether on the bus. How many children were riding on the bus before the bus stop?,Rebecca wants to split a collection of eggs into 3 groups. Rebecca has 4 marbles and 15 eggs. How many eggs will each group have?,39,5,"To solve this problem, we need to determine how many eggs each group will have when Rebecca splits the 15 eggs into 3 groups. 

Step 1: Divide the total number of eggs by the number of groups.
15 eggs ÷ 3 groups = 5 eggs per group

So, each group will have 5 eggs.

#### 5",text
39,Rebecca wants to split a collection of eggs into 3 groups. Rebecca has 4 marbles and 15 eggs. How many eggs will each group have?,After finding some bottle caps at the park danny has 32 bottle caps in his collection. If he had 25 bottle caps in his collection earlier How many bottle caps did he find at the park?,5,7,"To find out how many bottle caps Danny found at the park, we need to subtract the number of bottle caps he had earlier from the total number of bottle caps he has now. 

Danny has 32 bottle caps now and 25 bottle caps earlier. 

32 - 25 = 7

Danny found 7 bottle caps at the park. 

#### 7",text
40,After finding some bottle caps at the park danny has 32 bottle caps in his collection. If he had 25 bottle caps in his collection earlier How many bottle caps did he find at the park?,"Julia played tag with 15 kids on monday, 18 kids on tuesday and 97 kids on wednesday. How many kids did she play with on monday and tuesday?",7,33,"To find the total number of kids Julia played with on Monday and Tuesday, we need to add the number of kids she played with on each of those days. 

On Monday, Julia played with 15 kids. 
On Tuesday, Julia played with 18 kids. 

To find the total, we add the number of kids from both days:

15 (Monday) + 18 (Tuesday) = 33

So, Julia played with 33 kids on Monday and Tuesday combined.

#### 33",text
41,"Julia played tag with 15 kids on monday, 18 kids on tuesday and 97 kids on wednesday. How many kids did she play with on monday and tuesday?",In Haley's class some boys love to play marbles. If Haley has 10 marbles and she gave 5 marbles to each boy How many boys did she give the marbles to?,33,2,"To solve this problem, we need to determine how many boys Haley gave the marbles to. We know that Haley has 10 marbles and she gave 5 marbles to each boy.

Step 1: Identify the total number of marbles Haley has.
Haley has 10 marbles.

Step 2: Identify the number of marbles given to each boy.
Each boy received 5 marbles.

Step 3: Divide the total number of marbles by the number of marbles given to each boy.
10 marbles / 5 marbles per boy = 2 boys

Haley gave the marbles to 2 boys.

#### 2",text
42,In Haley's class some boys love to play marbles. If Haley has 10 marbles and she gave 5 marbles to each boy How many boys did she give the marbles to?,After resting they decided to go for a swim. If the depth of the water is 10 times Dean's height and he stands at 9 feet How much deeper is the water than Dean's height?,2,81,"The depth of the water is 10 times Dean's height, so the depth is 10 * 9 = 90 feet.
The water is 90 - 9 = 81 feet deeper than Dean's height.
#### 81",text
43,After resting they decided to go for a swim. If the depth of the water is 10 times Dean's height and he stands at 9 feet How much deeper is the water than Dean's height?,A book has 3 chapters. The first chapter is 91 pages long the second chapter is 23 pages long and the third chapter is 25 pages long. How many more pages does the first chapter have than the second chapter?,81,68,"To solve this problem, we need to find the difference in the number of pages between the first chapter and the second chapter.

Step 1: Identify the number of pages in each chapter.
- First chapter: 91 pages
- Second chapter: 23 pages

Step 2: Subtract the number of pages in the second chapter from the number of pages in the first chapter.
- Difference = 91 - 23

Step 3: Perform the subtraction.
- Difference = 68

The first chapter has 68 more pages than the second chapter.

#### 68",text
44,A book has 3 chapters. The first chapter is 91 pages long the second chapter is 23 pages long and the third chapter is 25 pages long. How many more pages does the first chapter have than the second chapter?,"After eating a hearty meal they went to see the Buckingham palace. There, Rachel learned that 317 visitors came to the Buckingham palace that day. If there were 295 visitors the previous day How many more visitors visited the Buckingham palace on that day than on the previous day?",68,22,"To find out how many more visitors visited the Buckingham palace on that day than on the previous day, we need to subtract the number of visitors on the previous day from the number of visitors on that day. 

So, we perform the subtraction: 

317 - 295 = 22

Therefore, 22 more visitors visited the Buckingham palace on that day than on the previous day. 

#### 22",text
45,"After eating a hearty meal they went to see the Buckingham palace. There, Rachel learned that 317 visitors came to the Buckingham palace that day. If there were 295 visitors the previous day How many more visitors visited the Buckingham palace on that day than on the previous day?",The Razorback t-shirt shop made $ 51 dollars from selling 3 t-shirt during the Arkansas and Texas tech game they. What is the cost of each t-shirt?,22,17,"To find the cost of each t-shirt, we need to divide the total amount made by the number of t-shirts sold. 

Total amount made = $51
Number of t-shirts sold = 3

Cost of each t-shirt = Total amount made / Number of t-shirts sold
Cost of each t-shirt = $51 / 3
Cost of each t-shirt = $17

Therefore, the cost of each t-shirt is $17. 

#### 17",text
46,The Razorback t-shirt shop made $ 51 dollars from selling 3 t-shirt during the Arkansas and Texas tech game they. What is the cost of each t-shirt?,"Jack received 3 emails in the morning, 4 emails in the afternoon and 8 emails in the evening. How many emails did Jack receive in the morning and evening?",17,11,"To find out how many emails Jack received in the morning and evening, we need to add the number of emails he received in the morning and the number of emails he received in the evening. 

The number of emails Jack received in the morning is 3, and the number of emails he received in the evening is 8. 

So, the total number of emails Jack received in the morning and evening is 3 + 8 = 11.

Therefore, Jack received 11 emails in the morning and evening.

#### 11",text
47,"Jack received 3 emails in the morning, 4 emails in the afternoon and 8 emails in the evening. How many emails did Jack receive in the morning and evening?",Lawrence county has 313473 kids. During summer break 274865 kids stay home and the rest go to camp. How many kids go to the camp during the break?,11,38608,"To find out how many kids go to camp during the summer break, we need to subtract the number of kids who stay home from the total number of kids in Lawrence County.

Total number of kids in Lawrence County: 313,473
Number of kids who stay home: 274,865

Kids who go to camp = Total number of kids - Number of kids who stay home
Kids who go to camp = 313,473 - 274,865

Kids who go to camp = 38,608

Therefore, 38,608 kids go to camp during the summer break. 

#### 38,608",text
48,Lawrence county has 313473 kids. During summer break 274865 kids stay home and the rest go to camp. How many kids go to the camp during the break?,The grasshopper and the frog had a jumping contest. The grasshopper jumped 35 inches. The grasshopper jumped 4 inches farther than the frog. How much did they jump altogether?,38608,66,"The grasshopper jumped 35 inches. The grasshopper jumped 4 inches farther than the frog, so the frog jumped 35 - 4 = 31 inches. Together, they jumped 35 + 31 = 66 inches. #### 66",text
49,The grasshopper and the frog had a jumping contest. The grasshopper jumped 35 inches. The grasshopper jumped 4 inches farther than the frog. How much did they jump altogether?,Winter is almost here and most animals are migrating to warmer countries. There are 3 bird families living near the mountain. 26 new bird families came to live near the mountain from the arctic while 2 bird families flew away further south for winter. How many bird families were left near the mountain?,66,27,"There are 3 bird families living near the mountain. 26 new bird families came to live near the mountain from the arctic. 2 bird families flew away further south for winter. 
3 + 26 - 2 = 27 bird families were left near the mountain. 
#### 27",text
50,Winter is almost here and most animals are migrating to warmer countries. There are 3 bird families living near the mountain. 26 new bird families came to live near the mountain from the arctic while 2 bird families flew away further south for winter. How many bird families were left near the mountain?,Adam could fit 8 action figures and 10 cabinets on each shelf in his room. His room has 4 shelves. How many total items could his shelves hold?,27,72,"First, we need to find the total number of action figures and cabinets that can fit on each shelf. We do this by adding the number of action figures (8) and the number of cabinets (10) together:

8 + 10 = 18

So, each shelf can hold 18 items.

Next, we need to find the total number of items that can fit on all 4 shelves. We do this by multiplying the number of items per shelf (18) by the number of shelves (4):

18 * 4 = 72

Therefore, Adam's shelves can hold a total of 72 items.

#### 72",text
51,Adam could fit 8 action figures and 10 cabinets on each shelf in his room. His room has 4 shelves. How many total items could his shelves hold?,Robin's hair was 16 inches long. He cut off 11 inches. Then it again grew by 12 inches. How long is his hair now?,72,17,"Robin's hair was 16 inches long. He cut off 11 inches, so his hair is now 16 - 11 = 5 inches long. Then it grew by 12 inches, so his hair is now 5 + 12 = 17 inches long. #### 17",text
52,Robin's hair was 16 inches long. He cut off 11 inches. Then it again grew by 12 inches. How long is his hair now?,Friends of Katie had 57 games and she had 63 ds games. How many more games does Katie have than her friends?,17,6,"To solve this problem, we need to find out how many more games Katie has than her friends. We can do this by subtracting the number of games her friends have from the number of games Katie has.

Katie has 63 games, and her friends have 57 games. 

So, we subtract 57 from 63:

63 - 57 = 6

Therefore, Katie has 6 more games than her friends.

#### 6",text
53,Friends of Katie had 57 games and she had 63 ds games. How many more games does Katie have than her friends?,Lucy went to the grocery store. She bought 10 packs of cookie and 4 packs of cake. How many more packs of cookie did she buy over cake?,6,6,"To solve this problem, we need to find out how many more packs of cookies Lucy bought compared to the packs of cake. 

Step 1: Identify the number of packs of cookies and cakes.
- Lucy bought 10 packs of cookies.
- Lucy bought 4 packs of cakes.

Step 2: Subtract the number of packs of cakes from the number of packs of cookies.
- 10 packs of cookies - 4 packs of cakes = 6 packs of cookies more than cakes.

So, Lucy bought 6 more packs of cookies than cakes.

#### 6",ambiguous
54,Lucy went to the grocery store. She bought 10 packs of cookie and 4 packs of cake. How many more packs of cookie did she buy over cake?,"6 red peaches, 90 yellow peaches and 16 green peaches are in the basket. How many red and green peaches are in the basket?",6,22,"To find the total number of red and green peaches in the basket, we need to add the number of red peaches and the number of green peaches together. 

Red peaches: 6
Green peaches: 16

Total number of red and green peaches = 6 + 16 = 22

#### 22",text
55,"6 red peaches, 90 yellow peaches and 16 green peaches are in the basket. How many red and green peaches are in the basket?",Mary is baking a cake. The recipe calls for 10 cups of flour 2 cups of sugar and 80 cups of salt. She already put in 7 cups of flour. How many more cups of flour than cups of sugar does she need to add now?,22,1,"First, we need to find out how many cups of flour Mary needs to add. She needs 10 cups of flour and she already has 7 cups, so she needs 10 - 7 = 3 more cups of flour.

Next, we need to find out how many cups of sugar Mary needs to add. She needs 2 cups of sugar and she already has 0 cups, so she needs 2 cups of sugar.

Finally, we need to find out how many more cups of flour than cups of sugar Mary needs to add. She needs 3 cups of flour and 2 cups of sugar, so she needs 3 - 2 = 1 more cup of flour than cups of sugar.

#### 1",text
56,Mary is baking a cake. The recipe calls for 10 cups of flour 2 cups of sugar and 80 cups of salt. She already put in 7 cups of flour. How many more cups of flour than cups of sugar does she need to add now?,Paco had 17 cookies. He ate 14 cookies and gave 13 of them to his friend. How many more cookies did he eat than those he gave to his friend?,1,1,"Paco ate 14 cookies and gave 13 cookies to his friend. To find out how many more cookies he ate than those he gave to his friend, we subtract the number of cookies he gave to his friend from the number of cookies he ate. 

14 - 13 = 1

Paco ate 1 more cookie than those he gave to his friend. 

#### 1",ambiguous
57,Paco had 17 cookies. He ate 14 cookies and gave 13 of them to his friend. How many more cookies did he eat than those he gave to his friend?,In a school there are 315 girls and 309 boys. There are also 772 teachers How many people are there in that school?,1,1396,"To find the total number of people in the school, we need to add the number of girls, boys, and teachers together. 

Step 1: Add the number of girls and boys.
315 girls + 309 boys = 624 people

Step 2: Add the number of teachers to the total from Step 1.
624 people + 772 teachers = 1396 people

So, there are 1396 people in the school.

#### 1396",text
58,In a school there are 315 girls and 309 boys. There are also 772 teachers How many people are there in that school?,There are some baskets of peaches. Each basket has 4 red peaches and 3 green peaches. If there are a total of 7 peaches in all baskets How many baskets of peaches are there?,1396,1,"To solve this problem, we need to determine the number of baskets of peaches given the total number of peaches and the number of peaches in each basket.

Step 1: Identify the number of peaches in each basket.
Each basket has 4 red peaches and 3 green peaches, so each basket has a total of 4 + 3 = 7 peaches.

Step 2: Determine the total number of peaches.
The total number of peaches is given as 7.

Step 3: Calculate the number of baskets.
Since each basket has 7 peaches, and there are 7 peaches in total, there is only 1 basket.

Therefore, the number of baskets of peaches is 1.

#### 1",text
59,There are some baskets of peaches. Each basket has 4 red peaches and 3 green peaches. If there are a total of 7 peaches in all baskets How many baskets of peaches are there?,Jessie currently weighs 27 kilograms. After she started to go jogging everyday she lost 101 kilograms. How much did she weigh before starting to jog?,1,128,"To find out how much Jessie weighed before starting to jog, we need to add the weight she lost to her current weight. 

Weight lost = 101 kilograms
Current weight = 27 kilograms

Total weight before starting to jog = Weight lost + Current weight
Total weight before starting to jog = 101 kilograms + 27 kilograms
Total weight before starting to jog = 128 kilograms

So, Jessie weighed 128 kilograms before starting to jog.

#### 128",text
60,Jessie currently weighs 27 kilograms. After she started to go jogging everyday she lost 101 kilograms. How much did she weigh before starting to jog?,David did 51 push-ups in gym class today. David did 49 more push-ups than Zachary. How many push-ups did Zachary and David do altogether?,128,53,"David did 51 push-ups. David did 49 more push-ups than Zachary, so Zachary did 51 - 49 = 2 push-ups. Altogether, Zachary and David did 51 + 2 = 53 push-ups. #### 53",text
61,David did 51 push-ups in gym class today. David did 49 more push-ups than Zachary. How many push-ups did Zachary and David do altogether?,In a school there are 362 boys and 257 girls. 403 more girls joined the school. How many more girls than boys does the school have?,53,298,"Step 1: Calculate the total number of girls after 403 more joined.
Total girls = 257 + 403 = 660

Step 2: Calculate the difference between the number of girls and boys.
Difference = 660 - 362 = 298

The school has 298 more girls than boys. 

#### 298",text
62,In a school there are 362 boys and 257 girls. 403 more girls joined the school. How many more girls than boys does the school have?,Josh had 22 marbles in his collection. He found 13 marbles ones while he lost 5 marbles. How many marbles does he have now?,298,30,"Step 1: Determine the initial number of marbles Josh had, which is 22.
Step 2: Add the number of marbles Josh found, which is 13, to the initial number of marbles.
Step 3: Subtract the number of marbles Josh lost, which is 5, from the total number of marbles after finding more.
Step 4: Calculate the final number of marbles Josh has.

Calculation:
22 (initial marbles) + 13 (found marbles) = 35
35 (total marbles) - 5 (lost marbles) = 30

Josh now has 30 marbles.

#### 30",text
63,Josh had 22 marbles in his collection. He found 13 marbles ones while he lost 5 marbles. How many marbles does he have now?,"After eating a hearty meal they went to see the Buckingham palace. There were 39 paintings in the Buckingham palace. There, Rachel learned that 661 visitors came to the Buckingham palace that day. If there were 600 visitors the previous day How many more visitors visited the Buckingham palace on that day than on the previous day?",30,61,"To find out how many more visitors visited the Buckingham palace on that day than on the previous day, we need to subtract the number of visitors on the previous day from the number of visitors on that day. 

661 visitors on that day - 600 visitors on the previous day = 61 more visitors on that day than on the previous day.

So, the answer is 61.",text
64,"After eating a hearty meal they went to see the Buckingham palace. There were 39 paintings in the Buckingham palace. There, Rachel learned that 661 visitors came to the Buckingham palace that day. If there were 600 visitors the previous day How many more visitors visited the Buckingham palace on that day than on the previous day?",Nell collects baseball cards. She had 566 cards while Jeff had 234 cards. She gave some of her cards to Jeff and now has 535 cards left. How many cards does Jeff have now?,61,265,"Step 1: Determine the number of cards Nell gave to Jeff.
Nell initially had 566 cards and now has 535 cards left.
So, Nell gave 566 - 535 = 31 cards to Jeff.

Step 2: Add the number of cards Nell gave to Jeff to Jeff's initial number of cards.
Jeff initially had 234 cards.
After receiving 31 cards from Nell, Jeff now has 234 + 31 = 265 cards.

Answer: Jeff now has 265 cards. #### 265",text
65,Nell collects baseball cards. She had 566 cards while Jeff had 234 cards. She gave some of her cards to Jeff and now has 535 cards left. How many cards does Jeff have now?,Randy uses 36 blocks to build a tower. If he had 59 blocks How many blocks are left?,265,23,59 - 36 = 23 blocks left. #### 23,text
66,Randy uses 36 blocks to build a tower. If he had 59 blocks How many blocks are left?,At the stop 8 more people got on the train. Initially there were 11 people on the train. How many people are there on the train now?,23,19,"Initially, there were 11 people on the train. At the stop, 8 more people got on the train. To find the total number of people on the train now, we add the initial number of people to the number of people who got on at the stop.

11 (initial people) + 8 (people who got on) = 19

So, there are 19 people on the train now.

#### 19",text
67,At the stop 8 more people got on the train. Initially there were 11 people on the train. How many people are there on the train now?,Rachel has 3 apple trees. She picked 8 apples from each of her trees. Now the trees have a total 9 apples still on them. How many apples were there on all trees initially?,19,33,"Rachel picked 8 apples from each of her 3 trees, so she picked a total of 8 * 3 = 24 apples.
After picking the apples, there are 9 apples left on the trees.
Therefore, initially, there were 24 + 9 = 33 apples on all the trees.
#### 33",text
68,Rachel has 3 apple trees. She picked 8 apples from each of her trees. Now the trees have a total 9 apples still on them. How many apples were there on all trees initially?,43 children were riding on the bus. At the bus stop some children got off the bus. Then there were 21 children left on the bus. How many children got off the bus at the bus stop?,33,22,"To find out how many children got off the bus at the bus stop, we can subtract the number of children left on the bus from the initial number of children on the bus. 

Initial number of children on the bus = 43
Number of children left on the bus = 21

Number of children who got off the bus = Initial number of children on the bus - Number of children left on the bus
Number of children who got off the bus = 43 - 21

Number of children who got off the bus = 22

So, 22 children got off the bus at the bus stop. 

#### 22",text
69,43 children were riding on the bus. At the bus stop some children got off the bus. Then there were 21 children left on the bus. How many children got off the bus at the bus stop?,5 red peaches and 11 green peaches are in the basket. How many more green peaches than red peaches are in the basket?,22,6,"To find out how many more green peaches than red peaches are in the basket, we need to subtract the number of red peaches from the number of green peaches. 

The number of green peaches is 11, and the number of red peaches is 5. 

So, we perform the subtraction: 11 - 5 = 6

Therefore, there are 6 more green peaches than red peaches in the basket. 

#### 6",text
70,5 red peaches and 11 green peaches are in the basket. How many more green peaches than red peaches are in the basket?,Nell collects cards. She had 246 baseball cards and 214 Ace cards. She gave some of her cards to Jeff and now has 404 baseball cards and 495 Ace cards left. How many more Ace cards than baseball cards does Nell have?,6,91,"To solve this problem, we need to determine the difference between the number of Ace cards and baseball cards Nell has left.

Step 1: Calculate the number of baseball cards Nell gave to Jeff.
Nell initially had 246 baseball cards and now has 404 baseball cards left.
Number of baseball cards given to Jeff = Initial number of baseball cards - Number of baseball cards left
Number of baseball cards given to Jeff = 246 - 404
Number of baseball cards given to Jeff = -158

Step 2: Calculate the number of Ace cards Nell gave to Jeff.
Nell initially had 214 Ace cards and now has 495 Ace cards left.
Number of Ace cards given to Jeff = Initial number of Ace cards - Number of Ace cards left
Number of Ace cards given to Jeff = 214 - 495
Number of Ace cards given to Jeff = -281

Step 3: Determine the difference between the number of Ace cards and baseball cards Nell has left.
Difference = Number of Ace cards left - Number of baseball cards left
Difference = 495 - 404
Difference = 91

Nell has 91 more Ace cards than baseball cards. #### 91",text
71,Nell collects cards. She had 246 baseball cards and 214 Ace cards. She gave some of her cards to Jeff and now has 404 baseball cards and 495 Ace cards left. How many more Ace cards than baseball cards does Nell have?,Each pack of dvds costs 76 dollars. If there is a discount of 25 dollars on each pack How much do you have to pay to buy each pack?,91,51,"To solve this problem, we need to determine the price of each pack of DVDs after the discount is applied.

Step 1: Identify the original price of each pack of DVDs.
- The original price is $76.

Step 2: Identify the discount amount.
- The discount is $25.

Step 3: Subtract the discount from the original price to find the final price.
- $76 - $25 = $51.

So, you have to pay $51 to buy each pack of DVDs after the discount is applied.

#### 51",text
72,Each pack of dvds costs 76 dollars. If there is a discount of 25 dollars on each pack How much do you have to pay to buy each pack?,They decided to hold the party in their backyard. They have 14 chairs for each set of table. If they have 9 sets of tables How many more chairs than tables do they have?,51,117,"To solve this problem, we need to determine the total number of chairs and tables, and then find the difference between the two.

1. Calculate the total number of chairs:
   - Each set of table has 14 chairs.
   - There are 9 sets of tables.
   - Total chairs = 14 chairs/set * 9 sets = 126 chairs.

2. Calculate the total number of tables:
   - There are 9 sets of tables.
   - Total tables = 9 sets.

3. Find the difference between the total number of chairs and tables:
   - Difference = Total chairs - Total tables = 126 chairs - 9 tables = 117 more chairs than tables.

Therefore, they have 117 more chairs than tables.

#### 117",text
73,They decided to hold the party in their backyard. They have 14 chairs for each set of table. If they have 9 sets of tables How many more chairs than tables do they have?,Next on his checklist is wax to stick the feathers together and colors to paint them. He needs a total of 57 g of colors to paint them. He needs 22 g of wax more. If the feathers require a total of 353 g of wax How many grams of wax does he already have?,117,331,"To solve this problem, we need to determine how many grams of wax the person already has. We know the following:

1. The feathers require a total of 353 grams of wax.
2. The person needs 22 grams more wax.

We can set up the equation as follows:

Total wax required - Additional wax needed = Wax already owned

353 grams - 22 grams = Wax already owned

Let's calculate:

353 - 22 = 331

Therefore, the person already has 331 grams of wax.

#### 331",text
74,Next on his checklist is wax to stick the feathers together and colors to paint them. He needs a total of 57 g of colors to paint them. He needs 22 g of wax more. If the feathers require a total of 353 g of wax How many grams of wax does he already have?,Frank was reading through his favorite book. The book had 2 chapters each with 405 pages. It took frank 664 days to finish the book. How many chapters did he read per day?,331,332,"Step 1: Calculate the total number of pages in the book.
Since there are 2 chapters and each chapter has 405 pages, the total number of pages is 2 * 405 = 810 pages.

Step 2: Calculate the number of pages Frank read per day.
Frank took 664 days to finish the book, so he read 810 pages / 664 days = 1.22 pages per day.

Step 3: Calculate the number of chapters Frank read per day.
Since each chapter has 405 pages, Frank read 1.22 pages / 405 pages per chapter = 0.0030 chapters per day.

#### 0.0030",neither
75,Frank was reading through his favorite book. The book had 2 chapters each with 405 pages. It took frank 664 days to finish the book. How many chapters did he read per day?,Jerry had 5 action figures and 2 books on a shelf in his room. Later he added 9 more books to the shelf. How many more books than action figures were on his shelf?,332,6,"Jerry had 5 action figures and 2 books on the shelf. He added 9 more books, so he had 2 + 9 = 11 books on the shelf. 

To find out how many more books than action figures were on the shelf, we subtract the number of action figures from the number of books: 11 - 5 = 6. 

Therefore, there were 6 more books than action figures on the shelf. 

#### 6",text
76,Jerry had 5 action figures and 2 books on a shelf in his room. Later he added 9 more books to the shelf. How many more books than action figures were on his shelf?,Paul got a box of some crayons for his birthday. By the end of the school year he had either lost or given away 551 of them and only had 177 left. How many crayons did he get for his birthday?,6,728,"To solve this problem, we need to determine the total number of crayons Paul initially had for his birthday. We know that he lost or gave away 551 crayons and had 177 left. 

Let's break it down step by step:

1. Paul had 177 crayons left at the end of the school year.
2. He lost or gave away 551 crayons.

To find out how many crayons he had initially, we need to add the number of crayons he had left to the number of crayons he lost or gave away:

Initial crayons = Crayons left + Crayons lost or given away
Initial crayons = 177 + 551

Now, let's perform the addition:

177 + 551 = 728

Therefore, Paul initially had 728 crayons for his birthday.

#### 728",text
77,Paul got a box of some crayons for his birthday. By the end of the school year he had either lost or given away 551 of them and only had 177 left. How many crayons did he get for his birthday?,Because of the decision Sofia asked the students to suggest specific types of food. If 324 students suggested adding mashed potatoes 374 suggested adding bacon to the menu and 128 suggested adding tomatoes How many students participated in the suggestion of new food items?,728,826,"To find the total number of students who participated in the suggestion of new food items, we need to add the number of students who suggested each type of food.

Step 1: Add the number of students who suggested mashed potatoes and bacon.
324 (mashed potatoes) + 374 (bacon) = 698 students

Step 2: Add the number of students who suggested tomatoes to the total from Step 1.
698 (mashed potatoes and bacon) + 128 (tomatoes) = 826 students

So, 826 students participated in the suggestion of new food items.

#### 826",text
78,Because of the decision Sofia asked the students to suggest specific types of food. If 324 students suggested adding mashed potatoes 374 suggested adding bacon to the menu and 128 suggested adding tomatoes How many students participated in the suggestion of new food items?,A book has 31 chapters. Each chapter is 61 pages long. How many pages does the book have altogether?,826,1891,"To find the total number of pages in the book, we need to multiply the number of chapters by the number of pages per chapter. 

Step 1: Identify the number of chapters and the number of pages per chapter.
Number of chapters = 31
Number of pages per chapter = 61

Step 2: Multiply the number of chapters by the number of pages per chapter.
Total pages = 31 chapters * 61 pages per chapter

Step 3: Perform the multiplication.
Total pages = 1891

Therefore, the book has 1891 pages altogether.

#### 1891",text
79,A book has 31 chapters. Each chapter is 61 pages long. How many pages does the book have altogether?,The school is planning a field trip. The school has 67 classrooms. There are 66 students in each classroom in the school. If there are 6 seats on each school bus How many buses are needed to take the trip?,1891,737,"To solve this problem, we need to determine the number of buses needed for the field trip. Let's break it down step by step.

1. Calculate the total number of students in the school:
   - There are 67 classrooms.
   - Each classroom has 66 students.
   - Total students = 67 classrooms * 66 students/classroom = 4422 students.

2. Determine the number of buses needed:
   - Each bus has 6 seats.
   - Total buses needed = Total students / Seats per bus = 4422 students / 6 seats/bus.

3. Perform the division to find the number of buses:
   - 4422 students / 6 seats/bus = 737 buses.

Therefore, the school needs 737 buses to take the trip.

#### 737",text
80,The school is planning a field trip. The school has 67 classrooms. There are 66 students in each classroom in the school. If there are 6 seats on each school bus How many buses are needed to take the trip?,Bobby ate 33 pieces of candy. Then he ate 4 more. He also ate 14 pieces of chocolate. How many pieces of candy and chocolate did Bobby eat altogether?,737,51,"Bobby ate 33 pieces of candy. Then he ate 4 more. So, 33 + 4 = 37 pieces of candy. He also ate 14 pieces of chocolate. So, 37 + 14 = 51 pieces of candy and chocolate Bobby ate altogether. #### 51",text
81,Bobby ate 33 pieces of candy. Then he ate 4 more. He also ate 14 pieces of chocolate. How many pieces of candy and chocolate did Bobby eat altogether?,Paco had 36 cookies. He gave 14 cookies to his friend and ate 10 cookies. How many cookies did Paco have left?,51,12,"Paco had 36 cookies. He gave 14 cookies to his friend, so he had 36 - 14 = 22 cookies left. He also ate 10 cookies, so he had 22 - 10 = 12 cookies left. 

#### 12",text
82,Paco had 36 cookies. He gave 14 cookies to his friend and ate 10 cookies. How many cookies did Paco have left?,Paige raised 15 goldfish in the pond but stray cats loved eating them. 5 were eaten. How many goldfish remained?,12,10,"Paige initially had 15 goldfish. Out of these, 5 were eaten by stray cats. To find out how many goldfish remained, we subtract the number of goldfish eaten from the initial number of goldfish.

15 goldfish - 5 goldfish = 10 goldfish

So, 10 goldfish remained in the pond. 

#### 10",text
83,Paige raised 15 goldfish in the pond but stray cats loved eating them. 5 were eaten. How many goldfish remained?,During summer break 61619 kids from Lawrence county stayed home and the rest went to camp. The total number of kids in Lawrence county is 91676. About how many kids in Lawrence county went to camp?,10,30057,"To find out how many kids in Lawrence county went to camp, we need to subtract the number of kids who stayed home from the total number of kids in the county. 

Total number of kids in Lawrence county = 91676
Number of kids who stayed home = 61619

Number of kids who went to camp = Total number of kids - Number of kids who stayed home
Number of kids who went to camp = 91676 - 61619

Number of kids who went to camp = 30057

Therefore, about 30057 kids in Lawrence county went to camp.

#### 30057",text
84,During summer break 61619 kids from Lawrence county stayed home and the rest went to camp. The total number of kids in Lawrence county is 91676. About how many kids in Lawrence county went to camp?,2 children were riding on the bus. At the bus stop some more children got on the bus. Then there were 10 children altogether on the bus. How many more children are on the bus now than there were before the bus stop?,30057,8,"There were 2 children on the bus before the bus stop. There are 10 children on the bus now. The difference is 10 - 2 = 8. So, there are 8 more children on the bus now than there were before the bus stop. #### 8",text
85,2 children were riding on the bus. At the bus stop some more children got on the bus. Then there were 10 children altogether on the bus. How many more children are on the bus now than there were before the bus stop?,3 birds were sitting on the fence. 2 more birds and 6 more storks came to join them. How many more storks than birds are sitting on the fence?,8,1,"Initially, there were 3 birds on the fence. Then, 2 more birds joined, making it 3 + 2 = 5 birds.

Next, 6 more storks joined, making the total number of storks 6.

To find out how many more storks than birds are sitting on the fence, we subtract the number of birds from the number of storks: 6 - 5 = 1.

Therefore, there is 1 more stork than bird on the fence.

#### 1",text
86,3 birds were sitting on the fence. 2 more birds and 6 more storks came to join them. How many more storks than birds are sitting on the fence?,The Ferris wheel in paradise park has 6 seats. Each seat can hold 14 people. If there are 16 people on the wheel right now How many more people can join the wheel?,1,68,"Each seat can hold 14 people. There are 6 seats on the Ferris wheel. So, the total number of people the Ferris wheel can hold is 14 * 6 = 84 people. There are currently 16 people on the wheel. So, the number of people who can still join the wheel is 84 - 16 = 68 people. #### 68",text
87,The Ferris wheel in paradise park has 6 seats. Each seat can hold 14 people. If there are 16 people on the wheel right now How many more people can join the wheel?,He then went to see the oranges being harvested. He found out that they harvest 74 sacks per day and discard 71 of them. How many sacks of oranges will they have after 51 days of harvest?,68,153,"To solve this problem, we need to determine the number of sacks of oranges they will have after 51 days of harvest. We know that they harvest 74 sacks per day and discard 71 of them. 

First, let's calculate the number of sacks they keep after each day:
74 sacks (harvested) - 71 sacks (discarded) = 3 sacks (kept)

Now, let's calculate the total number of sacks they will have after 51 days:
3 sacks (kept per day) * 51 days = 153 sacks

Therefore, they will have 153 sacks of oranges after 51 days of harvest.

#### 153",text
88,He then went to see the oranges being harvested. He found out that they harvest 74 sacks per day and discard 71 of them. How many sacks of oranges will they have after 51 days of harvest?,The Razorback shop makes $ 115 dollars off each jersey and $ 25 off each t-shirt. During the Arkansas and Texas tech game they sold 113 t-shirts and 78 jerseys. How much more does a jersey cost than a t-shirt?,153,90,"To find out how much more a jersey costs than a t-shirt, we first need to calculate the total revenue from selling jerseys and t-shirts. 

1. Calculate the total revenue from selling jerseys:
   - Price per jersey: $115
   - Number of jerseys sold: 78
   - Total revenue from jerseys: $115 * 78 = $8970

2. Calculate the total revenue from selling t-shirts:
   - Price per t-shirt: $25
   - Number of t-shirts sold: 113
   - Total revenue from t-shirts: $25 * 113 = $2825

3. Calculate the total revenue from both jerseys and t-shirts:
   - Total revenue: $8970 + $2825 = $11795

4. Calculate the difference in price between a jersey and a t-shirt:
   - Price difference: $115 - $25 = $90

5. Calculate the total additional revenue from selling jerseys compared to t-shirts:
   - Additional revenue from jerseys: $8970 - $2825 = $6145

6. Calculate the total additional revenue per jersey compared to a t-shirt:
   - Additional revenue per jersey: $6145 / 78 = $78.75

Therefore, a",neither
89,The Razorback shop makes $ 115 dollars off each jersey and $ 25 off each t-shirt. During the Arkansas and Texas tech game they sold 113 t-shirts and 78 jerseys. How much more does a jersey cost than a t-shirt?,Next on his checklist is wax to stick the feathers together and colors to paint them. He needs a total of 49 g of colors to paint them. If the feathers require 288 g of wax and right now he just needs 260 g How many grams of wax does he already have?,90,28,"To solve this problem, we need to determine how many grams of wax the person already has. We know the following:

- The feathers require 288 g of wax.
- The person currently needs 260 g of wax.

We can set up the equation as follows:

Total wax required - Wax needed = Wax already have

288 g - 260 g = Wax already have

Let's calculate the difference:

288 g - 260 g = 28 g

Therefore, the person already has 28 grams of wax.

#### 28",text
90,Next on his checklist is wax to stick the feathers together and colors to paint them. He needs a total of 49 g of colors to paint them. If the feathers require 288 g of wax and right now he just needs 260 g How many grams of wax does he already have?,Paul had 21 books. After selling some in a garage sale he bought 42 new ones. If he has 15 books now How many more books did he sell than he bought?,28,6,"Paul had 21 books. After selling some in a garage sale he bought 42 new ones. If he has 15 books now, he sold 21 + 42 - 15 = 48 books. He sold 48 - 42 = 6 more books than he bought. #### 6",text
91,Paul had 21 books. After selling some in a garage sale he bought 42 new ones. If he has 15 books now How many more books did he sell than he bought?,"Julia played tag with 9 kids on monday, 7 kids on tuesday and 96 kids on wednesday. How many more kids did she play with on monday than on tuesday?",6,2,"Step 1: Identify the number of kids Julia played with on Monday and Tuesday.
- Monday: 9 kids
- Tuesday: 7 kids

Step 2: Calculate the difference in the number of kids played with on Monday and Tuesday.
- Difference = 9 kids - 7 kids = 2 kids

Answer: Julia played with 2 more kids on Monday than on Tuesday.",text
92,"Julia played tag with 9 kids on monday, 7 kids on tuesday and 96 kids on wednesday. How many more kids did she play with on monday than on tuesday?",There are 65 baskets of peaches. Each basket has 7 red peaches and 3 green peaches. How many peaches are in each basket?,2,10,"To find the total number of peaches in each basket, we need to add the number of red peaches and green peaches together. 

Each basket has 7 red peaches and 3 green peaches. 

7 red peaches + 3 green peaches = 10 peaches in each basket. 

Therefore, there are 10 peaches in each basket. 

#### 10",text
93,There are 65 baskets of peaches. Each basket has 7 red peaches and 3 green peaches. How many peaches are in each basket?,You had 14 bags with equal number of cookies. If you had 28 cookies and 86 candies in total How many bags of cookies do you have?,10,2,"To solve this problem, we need to determine the number of bags of cookies you have. Let's break down the information given:

1. You had 14 bags with an equal number of cookies.
2. You had 28 cookies in total.
3. You had 86 candies in total.

We can set up the equation as follows:

Number of bags * Number of cookies per bag = Total number of cookies

Let's denote the number of bags as B and the number of cookies per bag as C. We know that:

B * C = 28

Since you had 14 bags in total, we can write:

B = 14

Now, we can substitute the value of B into the equation:

14 * C = 28

To find the number of cookies per bag (C), we divide both sides of the equation by 14:

C = 28 / 14

C = 2

So, you have 2 cookies per bag.

Now, let's find the number of bags of cookies you have. Since you had 14 bags in total and each bag has 2 cookies, you have:

14 bags * 2 cookies per bag = 28 cookies

Therefore, you have 14 bags of cookies.

####",neither
94,You had 14 bags with equal number of cookies. If you had 28 cookies and 86 candies in total How many bags of cookies do you have?,Carol was sending out birthday invitations to her friends. Each package of invitations she bought had 14 invitations in it and she bought 6 packs. Then she bought 11 extra invitations. How many friends can she invite?,2,95,"Carol bought 6 packs of invitations, and each pack had 14 invitations. So, she bought 6 * 14 = 84 invitations from the packs.
She also bought 11 extra invitations.
Therefore, Carol can invite 84 + 11 = 95 friends.
#### 95",text
95,Carol was sending out birthday invitations to her friends. Each package of invitations she bought had 14 invitations in it and she bought 6 packs. Then she bought 11 extra invitations. How many friends can she invite?,Baker made 155 cakes. If his friend bought 140 cakes from him How many cakes would baker still have?,95,15,"To find out how many cakes the baker would still have, we need to subtract the number of cakes his friend bought from the total number of cakes the baker made.

Step 1: Identify the total number of cakes made by the baker.
Total cakes = 155

Step 2: Identify the number of cakes bought by the friend.
Cakes bought = 140

Step 3: Subtract the number of cakes bought from the total number of cakes.
Remaining cakes = Total cakes - Cakes bought
Remaining cakes = 155 - 140

Step 4: Perform the subtraction.
Remaining cakes = 15

The baker would still have 15 cakes. 

#### 15",text
96,Baker made 155 cakes. If his friend bought 140 cakes from him How many cakes would baker still have?,A grocery store had 22 bottles of regular soda and 61 bottles of diet soda. How many more bottles of diet soda than regular soda did they have?,15,39,"To find out how many more bottles of diet soda than regular soda the grocery store had, we need to subtract the number of regular soda bottles from the number of diet soda bottles. 

Step 1: Identify the number of regular soda bottles and diet soda bottles.
- Regular soda bottles: 22
- Diet soda bottles: 61

Step 2: Subtract the number of regular soda bottles from the number of diet soda bottles.
- 61 (diet soda bottles) - 22 (regular soda bottles) = 39

The grocery store had 39 more bottles of diet soda than regular soda.

#### 39",text
97,A grocery store had 22 bottles of regular soda and 61 bottles of diet soda. How many more bottles of diet soda than regular soda did they have?,"A grocery store had 36 apples, 80 bottles of regular soda and 54 bottles of diet soda. How many more bottles than apple did they have?",39,98,"First, we need to find the total number of bottles of soda. We add the number of regular soda bottles and diet soda bottles together:

80 bottles of regular soda + 54 bottles of diet soda = 134 bottles of soda

Next, we need to find the difference between the number of bottles of soda and the number of apples. We subtract the number of apples from the total number of bottles of soda:

134 bottles of soda - 36 apples = 98

Therefore, the grocery store had 98 more bottles than apples.

#### 98",text
98,"A grocery store had 36 apples, 80 bottles of regular soda and 54 bottles of diet soda. How many more bottles than apple did they have?",Ryan learns english and chinese for 7 days. Every day he spends 4 hours on learning english and 5 hours on learning chinese. How many hours does he spend on learning english and chinese in all?,98,63,"To solve this problem, we need to calculate the total hours Ryan spends on learning English and Chinese over 7 days.

Step 1: Calculate the total hours spent on English.
- Ryan spends 4 hours on English every day.
- Over 7 days, he spends 4 hours/day * 7 days = 28 hours on English.

Step 2: Calculate the total hours spent on Chinese.
- Ryan spends 5 hours on Chinese every day.
- Over 7 days, he spends 5 hours/day * 7 days = 35 hours on Chinese.

Step 3: Calculate the total hours spent on both languages.
- Total hours spent on English and Chinese = 28 hours (English) + 35 hours (Chinese) = 63 hours.

Therefore, Ryan spends a total of 63 hours on learning English and Chinese in all.

#### 63",text
99,Ryan learns english and chinese for 7 days. Every day he spends 4 hours on learning english and 5 hours on learning chinese. How many hours does he spend on learning english and chinese in all?,Debby drinks 6 bottles a day. If she bought a total of 12 water bottles How many days would they last her?,63,2,"To solve this problem, we need to determine how many days the 12 water bottles will last Debby if she drinks 6 bottles a day.

Step 1: Identify the number of bottles Debby drinks per day.
Debby drinks 6 bottles a day.

Step 2: Identify the total number of bottles Debby has.
Debby has 12 water bottles.

Step 3: Divide the total number of bottles by the number of bottles Debby drinks per day.
12 bottles / 6 bottles per day = 2 days

Therefore, the 12 water bottles will last Debby for 2 days.

#### 2",text
100,Debby drinks 6 bottles a day. If she bought a total of 12 water bottles How many days would they last her?,David did 44 push-ups in gym class today. David did 9 more push-ups than Zachary. How many push-ups did Zachary do?,2,35,"To solve this problem, we need to determine the number of push-ups Zachary did. We know that David did 44 push-ups and that he did 9 more push-ups than Zachary. 

Let's break it down step by step:

1. David did 44 push-ups.
2. David did 9 more push-ups than Zachary.

To find out how many push-ups Zachary did, we subtract 9 from the number of push-ups David did:

44 push-ups (David) - 9 push-ups = 35 push-ups (Zachary)

Therefore, Zachary did 35 push-ups.

#### 35",text
101,David did 44 push-ups in gym class today. David did 9 more push-ups than Zachary. How many push-ups did Zachary do?,Mom buys 51 white t - shirts. If white t - shirts can be purchased in packages of 3 How many packages will she have?,35,17,"To find out how many packages of white t-shirts Mom will have, we need to divide the total number of t-shirts by the number of t-shirts in each package.

Step 1: Identify the total number of white t-shirts and the number of t-shirts in each package.
- Total number of white t-shirts: 51
- Number of t-shirts in each package: 3

Step 2: Divide the total number of white t-shirts by the number of t-shirts in each package.
- 51 ÷ 3 = 17

Step 3: Since the division is exact, there is no remainder. Therefore, Mom will have 17 packages of white t-shirts.

Answer: 17 packages
#### 17",text
102,Mom buys 51 white t - shirts. If white t - shirts can be purchased in packages of 3 How many packages will she have?,During summer break 907611 kids from Lawrence county stay home and the other 455682 kids go to camp. About how many kids are in Lawrence county?,17,1363293,"To find the total number of kids in Lawrence county, we need to add the number of kids who stay home and the number of kids who go to camp. 

Step 1: Add the number of kids who stay home and the number of kids who go to camp.
907611 + 455682 = 1363293

Step 2: Round the result to the nearest whole number.
1363293 ≈ 1363300

So, there are approximately 1,363,300 kids in Lawrence county.

#### 1363300",neither
103,During summer break 907611 kids from Lawrence county stay home and the other 455682 kids go to camp. About how many kids are in Lawrence county?,Danny collects bottle caps and wrappers. He found 66 wrappers and 39 bottle caps at the park. Now he has 16 bottle caps and 68 wrappers in his collection. How many wrappers did danny have at first?,1363293,2,"To solve this problem, we need to determine how many wrappers Danny had at first. We know that Danny found 66 wrappers and 39 bottle caps at the park. After that, he has 16 bottle caps and 68 wrappers in his collection.

First, let's find out how many bottle caps Danny has in his collection now compared to what he found at the park:
66 wrappers + 39 bottle caps = 105 items (total items found at the park)
16 bottle caps + 68 wrappers = 84 items (total items in his collection now)

Now, let's find out how many bottle caps Danny has in his collection now compared to what he found at the park:
105 items (total items found at the park) - 84 items (total items in his collection now) = 21 bottle caps

Since Danny has 16 bottle caps in his collection now, he must have found 21 - 16 = 5 bottle caps at the park.

Now, let's find out how many wrappers Danny has in his collection now compared to what he found at the park:
68 wrappers - 66 wrappers = 2 wrappers

Since Danny has 2 wrappers in his collection now, he must have",text
104,Danny collects bottle caps and wrappers. He found 66 wrappers and 39 bottle caps at the park. Now he has 16 bottle caps and 68 wrappers in his collection. How many wrappers did danny have at first?,After Jessie started to go jogging everyday she lost 35 kilograms. She weighed 69 kilograms before beginning jogging. How much does she weigh now?,2,34,"To find out how much Jessie weighs now, we need to subtract the amount of weight she lost from her initial weight. 

Initial weight = 69 kilograms
Weight lost = 35 kilograms

Weight now = Initial weight - Weight lost
Weight now = 69 kilograms - 35 kilograms
Weight now = 34 kilograms

Jessie now weighs 34 kilograms. #### 34",text
105,After Jessie started to go jogging everyday she lost 35 kilograms. She weighed 69 kilograms before beginning jogging. How much does she weigh now?,Josh had 20 marbles in his collection. He gave 2 marbles to Jack. How many marbles does Josh have now?,34,18,"Step 1: Identify the initial number of marbles Josh had, which is 20.
Step 2: Determine the number of marbles Josh gave to Jack, which is 2.
Step 3: Subtract the number of marbles given to Jack from the initial number of marbles to find the remaining number of marbles.
20 - 2 = 18

Josh now has 18 marbles.

#### 18",text
106,Josh had 20 marbles in his collection. He gave 2 marbles to Jack. How many marbles does Josh have now?,Zachary did 15 push-ups in gym class today. David did 39 more push-ups than Zachary. John did 9 push-ups less than David. How many more push-ups did Zachary do than John?,18,30,"David did 39 more push-ups than Zachary, so David did 15 + 39 = 54 push-ups.
John did 9 push-ups less than David, so John did 54 - 9 = 45 push-ups.
Zachary did 15 push-ups, so he did 15 - 45 = -30 push-ups less than John.
Since the question asks for how many more push-ups Zachary did than John, the answer is -30 push-ups.
#### -30",neither
107,Zachary did 15 push-ups in gym class today. David did 39 more push-ups than Zachary. John did 9 push-ups less than David. How many more push-ups did Zachary do than John?,Lewis earns $ 368 every week during the 1359 weeks of harvest. If he has to pay $ 388 rent every week How much money does he pay as rent during the harvest season?,30,527292,"To solve this problem, we need to calculate the total amount of money Lewis pays as rent during the harvest season. We know that he earns $368 every week and has to pay $388 rent every week. 

First, let's find out how much money Lewis earns in total during the harvest season:
Total earnings = Weekly earnings * Number of weeks
Total earnings = $368 * 1359

Now, let's calculate the total amount of money Lewis pays as rent during the harvest season:
Total rent = Weekly rent * Number of weeks
Total rent = $388 * 1359

To find out how much money Lewis pays as rent during the harvest season, we subtract the total earnings from the total rent:
Total rent - Total earnings = Money paid as rent
$388 * 1359 - $368 * 1359 = Money paid as rent

Let's calculate the values:
Total earnings = $368 * 1359 = $499,112
Total rent = $388 * 1359 = $528,492

Now, subtract the total earnings from the total rent:
Money paid as rent = $528,492 - $499,112 = $29,380

Therefore, Lewis pays $29,380 as rent during the",neither
108,Lewis earns $ 368 every week during the 1359 weeks of harvest. If he has to pay $ 388 rent every week How much money does he pay as rent during the harvest season?,Winter is almost here and most animals are migrating to warmer countries. There are 18 bird families living near the mountain. If 38 bird families flew away to africa and 80 bird families flew away to asia How many bird families flew away for the winter?,527292,118,"To solve this problem, we need to find out how many bird families flew away for the winter. We know that there are 18 bird families living near the mountain. 

First, let's find out how many bird families flew away to Africa and Asia combined:
38 bird families flew away to Africa + 80 bird families flew away to Asia = 118 bird families

Now, let's add the number of bird families that flew away to Africa and Asia to the number of bird families living near the mountain:
118 bird families + 18 bird families = 136 bird families

Therefore, the total number of bird families that flew away for the winter is 136.

#### 136",neither
109,Winter is almost here and most animals are migrating to warmer countries. There are 18 bird families living near the mountain. If 38 bird families flew away to africa and 80 bird families flew away to asia How many bird families flew away for the winter?,Mary is baking a cake. The recipe calls for 11 cups of sugar 6 cups of flour and 9 cups of salt. She already put in 12 cups of flour. How many more cups of sugar than cups of salt does she need to add now?,118,2,"To solve this problem, we need to determine how many more cups of sugar than cups of salt Mary needs to add to her cake. Let's break it down step by step.

1. **Identify the quantities needed:**
   - The recipe calls for 11 cups of sugar.
   - The recipe calls for 6 cups of flour.
   - The recipe calls for 9 cups of salt.
   - Mary has already added 12 cups of flour.

2. **Calculate the remaining quantities:**
   - **Flour:** Mary has already added 12 cups of flour, so she needs 6 cups - 12 cups = -6 cups. Since she has more flour than needed, she doesn't need to add any more flour.

3. **Calculate the remaining quantities:**
   - **Sugar:** Mary needs 11 cups of sugar. Since she hasn't added any sugar yet, she needs to add 11 cups of sugar.
   - **Salt:** Mary needs 9 cups of salt. Since she hasn't added any salt yet, she needs to add 9 cups of salt.

4. **Determine the difference:**
   - Mary needs to add 11 cups of sugar and 9 cups of salt.",neither
110,Mary is baking a cake. The recipe calls for 11 cups of sugar 6 cups of flour and 9 cups of salt. She already put in 12 cups of flour. How many more cups of sugar than cups of salt does she need to add now?,Jessie weighed 114 kilograms. After she started to go jogging everyday she lost 50 kilograms in the first week and 60 kilograms in the second week. How much does she weigh now?,2,4,"Step 1: Determine the initial weight of Jessie, which is 114 kilograms.
Step 2: Calculate the weight loss in the first week, which is 50 kilograms.
Step 3: Calculate the weight loss in the second week, which is 60 kilograms.
Step 4: Add the weight loss from the first week and the second week to find the total weight loss.
Step 5: Subtract the total weight loss from the initial weight to find the current weight.

Total weight loss = 50 kilograms + 60 kilograms = 110 kilograms
Current weight = 114 kilograms - 110 kilograms = 4 kilograms

Jessie now weighs 4 kilograms. 

#### 4",text
111,Jessie weighed 114 kilograms. After she started to go jogging everyday she lost 50 kilograms in the first week and 60 kilograms in the second week. How much does she weigh now?,Jesse's room is 7 feet long. If she needs a carpet of size 14 square feet What is the width of her room?,4,2,"To find the width of Jesse's room, we need to use the formula for the area of a rectangle, which is length multiplied by width. We know the area (14 square feet) and the length (7 feet), so we can rearrange the formula to solve for the width.

Area = Length × Width

14 = 7 × Width

To isolate the width, we divide both sides of the equation by 7:

Width = 14 ÷ 7

Width = 2

So, the width of Jesse's room is 2 feet.

#### 2",text
112,Jesse's room is 7 feet long. If she needs a carpet of size 14 square feet What is the width of her room?,A farmer had 175 tomatoes and 77 potatoes in his garden. If he picked 172 potatoes How many tomatoes and potatoes does he have left?,2,80,"Step 1: Determine the number of potatoes left after picking.
77 potatoes - 172 potatoes = -95 potatoes

Step 2: Since the number of potatoes cannot be negative, it means the farmer picked more potatoes than he had. Therefore, he has 0 potatoes left.

Step 3: Determine the number of tomatoes left.
175 tomatoes - 0 potatoes = 175 tomatoes

The farmer has 175 tomatoes and 0 potatoes left.
#### 175",neither
113,A farmer had 175 tomatoes and 77 potatoes in his garden. If he picked 172 potatoes How many tomatoes and potatoes does he have left?,The Ferris wheel in paradise park has 3 small seats and 7 large seats. Each small seat can hold 16 people and large seat can hold 12 people. How many people can ride the Ferris wheel on large seats?,80,84,"To find out how many people can ride the Ferris wheel on the large seats, we need to multiply the number of large seats by the number of people each large seat can hold.

There are 7 large seats, and each large seat can hold 12 people.

So, the total number of people that can ride the Ferris wheel on the large seats is:

7 large seats * 12 people per large seat = 84 people

Therefore, the Ferris wheel can hold 84 people on the large seats.

#### 84",text
114,The Ferris wheel in paradise park has 3 small seats and 7 large seats. Each small seat can hold 16 people and large seat can hold 12 people. How many people can ride the Ferris wheel on large seats?,Bobby had 22 pieces of candy. He ate some pieces of candy. Then he ate 5 more. If he still has 8 pieces of candy left How many pieces of candy had he eaten at the start?,84,9,"Bobby had 22 pieces of candy. He ate some pieces of candy. Then he ate 5 more. If he still has 8 pieces of candy left, how many pieces of candy had he eaten at the start?

22 - 8 = 14
14 - 5 = 9

Bobby had eaten 9 pieces of candy at the start. #### 9",text
115,Bobby had 22 pieces of candy. He ate some pieces of candy. Then he ate 5 more. If he still has 8 pieces of candy left How many pieces of candy had he eaten at the start?,There are 2 baskets of peaches. Each basket has 4 red peaches and some more green peaches. If there are a total of 12 peaches in all baskets How many green peaches are in each basket?,9,2,"Each basket has 4 red peaches, so there are 2 * 4 = 8 red peaches in total.
If there are 12 peaches in total, then there are 12 - 8 = 4 green peaches in total.
Since there are 2 baskets, each basket has 4 / 2 = 2 green peaches.
#### 2",text
116,There are 2 baskets of peaches. Each basket has 4 red peaches and some more green peaches. If there are a total of 12 peaches in all baskets How many green peaches are in each basket?,Baker made some cakes. He sold 145 of them. If he still has 72 cakes left How many cakes did baker make?,2,217,"To find out how many cakes the baker made, we need to add the number of cakes he sold and the number of cakes he still has. 

Step 1: Identify the given information.
- Number of cakes sold: 145
- Number of cakes left: 72

Step 2: Add the number of cakes sold and the number of cakes left.
- Total number of cakes = Number of cakes sold + Number of cakes left
- Total number of cakes = 145 + 72

Step 3: Perform the addition.
- Total number of cakes = 217

So, the baker made 217 cakes in total.

#### <answer>217",text
117,Baker made some cakes. He sold 145 of them. If he still has 72 cakes left How many cakes did baker make?,David did 40 more push-ups but 17 less crunches than Zachary in gym class today. If Zachary did 34 push-ups and 62 crunches How many crunches did David do?,217,45,"Zachary did 62 crunches. David did 17 less than that, so 62 - 17 = 45 crunches. #### 45",text
118,David did 40 more push-ups but 17 less crunches than Zachary in gym class today. If Zachary did 34 push-ups and 62 crunches How many crunches did David do?,Olivia spent 78 dollars at a supermarket. If she has 33 dollars left with her How much money did she have initially?,45,111,"To solve this problem, we need to determine the initial amount of money Olivia had before she spent 78 dollars at the supermarket. We know that she has 33 dollars left after her shopping.

Let's break down the information given:
- Olivia spent 78 dollars at the supermarket.
- Olivia has 33 dollars left.

We can set up the equation as follows:
Initial amount of money - Amount spent = Amount left

Let's denote the initial amount of money as 'x'. So, the equation becomes:
x - 78 = 33

To find the initial amount of money, we need to isolate 'x' by adding 78 to both sides of the equation:
x - 78 + 78 = 33 + 78

This simplifies to:
x = 111

Therefore, Olivia initially had 111 dollars.

#### 111",text
119,Olivia spent 78 dollars at a supermarket. If she has 33 dollars left with her How much money did she have initially?,Bobby ate 17 pieces of candy. Then he ate 15 more. If he initially had 36 pieces of candy How many pieces of candy does he still have left?,111,4,"Bobby initially had 36 pieces of candy. He ate 17 pieces, so he had 36 - 17 = 19 pieces left. Then he ate 15 more, so he had 19 - 15 = 4 pieces left. 

#### 4",text
120,Bobby ate 17 pieces of candy. Then he ate 15 more. If he initially had 36 pieces of candy How many pieces of candy does he still have left?,An industrial machine made 13 shirts yesterday and 3 shirts today. It can make 8 shirts a minute. How many minutes did the machine work in all?,4,2,"First, we need to find out how many shirts the machine made in total. Yesterday, it made 13 shirts, and today, it made 3 shirts. So, the total number of shirts made is 13 + 3 = 16 shirts.

Next, we need to find out how many minutes the machine worked in total. Since the machine can make 8 shirts in 1 minute, we divide the total number of shirts (16) by the number of shirts made per minute (8). So, 16 shirts / 8 shirts per minute = 2 minutes.

Therefore, the machine worked for 2 minutes in total.

#### 2",text
121,An industrial machine made 13 shirts yesterday and 3 shirts today. It can make 8 shirts a minute. How many minutes did the machine work in all?,They decided to hold the party in their backyard. They have 12 sets of tables and each set has 14 chairs. There are also 6 chairs extra. How many chairs do they have for the guests?,2,174,"To solve this problem, we need to calculate the total number of chairs available for the guests. We know that there are 12 sets of tables, and each set has 14 chairs. Additionally, there are 6 extra chairs.

First, let's calculate the total number of chairs from the sets of tables:
12 sets * 14 chairs/set = 168 chairs

Next, we add the extra chairs to the total:
168 chairs + 6 chairs = 174 chairs

Therefore, they have 174 chairs for the guests.

#### 174",text
122,They decided to hold the party in their backyard. They have 12 sets of tables and each set has 14 chairs. There are also 6 chairs extra. How many chairs do they have for the guests?,Adam has 10 apples. Jackie has 2 apples. How many more apples does Adam have than Jackie?,174,8,"To find out how many more apples Adam has than Jackie, we need to subtract the number of apples Jackie has from the number of apples Adam has. 

Step 1: Identify the number of apples Adam has.
Adam has 10 apples.

Step 2: Identify the number of apples Jackie has.
Jackie has 2 apples.

Step 3: Subtract the number of apples Jackie has from the number of apples Adam has.
10 apples (Adam) - 2 apples (Jackie) = 8 apples

So, Adam has 8 more apples than Jackie.

#### 8",text
123,Adam has 10 apples. Jackie has 2 apples. How many more apples does Adam have than Jackie?,Jake has 7 fewer peaches than Steven and 9 more peaches than Jill. Steven has 16 peaches. How many peaches does Jake have?,8,9,"To solve this problem, we need to determine the number of peaches Jake has based on the information given.

1. We know that Steven has 16 peaches.
2. Jake has 7 fewer peaches than Steven.
3. Jill has 9 fewer peaches than Jake.

Let's calculate the number of peaches Jake has:

Jake's peaches = Steven's peaches - 7
Jake's peaches = 16 - 7
Jake's peaches = 9

Therefore, Jake has 9 peaches.

#### 9",text
124,Jake has 7 fewer peaches than Steven and 9 more peaches than Jill. Steven has 16 peaches. How many peaches does Jake have?,Dan has $ 5. He bought a candy bar for $ 2 and a chocolate for $ 3. How much money did he spend to buy chocolate than he did to buy candy bar?,9,1,"To solve this problem, we need to determine the difference in the amount of money Dan spent on the chocolate and the candy bar.

Step 1: Calculate the total amount of money Dan spent on the candy bar and the chocolate.
- Dan has $5.
- He bought a candy bar for $2.
- He bought a chocolate for $3.

Total amount spent = $2 (candy bar) + $3 (chocolate) = $5

Step 2: Determine the difference in the amount spent on the chocolate and the candy bar.
- The amount spent on the chocolate is $3.
- The amount spent on the candy bar is $2.

Difference = $3 (chocolate) - $2 (candy bar) = $1

So, Dan spent $1 more on the chocolate than he did on the candy bar.

#### 1",text
125,Dan has $ 5. He bought a candy bar for $ 2 and a chocolate for $ 3. How much money did he spend to buy chocolate than he did to buy candy bar?,There are 8 different movies and 21 different books in the ' crazy silly school ' series. If you read 7 of the books and watched 4 of the movies How many more movies do you still have to watch?,1,4,"To solve this problem, we need to determine how many more movies you still have to watch after watching 4 movies out of 8.

Step 1: Identify the total number of movies and the number of movies you have already watched.
- Total number of movies: 8
- Number of movies watched: 4

Step 2: Subtract the number of movies you have already watched from the total number of movies to find out how many more movies you still have to watch.
- 8 (total movies) - 4 (movies watched) = 4 (movies still to watch)

So, you still have to watch 4 more movies.

#### 4",text
126,There are 8 different movies and 21 different books in the ' crazy silly school ' series. If you read 7 of the books and watched 4 of the movies How many more movies do you still have to watch?,White t - shirts can be purchased in packages of 13. If mom buys 39 white t - shirts How many packages will she have?,4,3,"To find out how many packages of white t-shirts mom will have, we need to divide the total number of t-shirts by the number of t-shirts in each package.

Total number of t-shirts = 39
Number of t-shirts in each package = 13

We can use the division algorithm to find the quotient and remainder:

39 ÷ 13 = 3 (quotient) with a remainder of 0.

Since the remainder is 0, it means that 39 is exactly divisible by 13. Therefore, mom will have 3 packages of white t-shirts.

#### 3",text
127,White t - shirts can be purchased in packages of 13. If mom buys 39 white t - shirts How many packages will she have?,Julia played tag with 19 kids on monday. She played tag with 18 kids on tuesday. She spent a total of 38 hours to play tag on both days. How many more kids did she play with on monday than on tuesday?,3,1,"To solve this problem, we need to determine the difference in the number of kids Julia played with on Monday and Tuesday. 

Step 1: Calculate the total number of kids Julia played with on both days.
Number of kids on Monday: 19
Number of kids on Tuesday: 18
Total number of kids: 19 + 18 = 37

Step 2: Determine the difference in the number of kids played with on Monday and Tuesday.
Difference: 19 - 18 = 1

So, Julia played with 1 more kid on Monday than on Tuesday.

#### 1",text
128,Julia played tag with 19 kids on monday. She played tag with 18 kids on tuesday. She spent a total of 38 hours to play tag on both days. How many more kids did she play with on monday than on tuesday?,3 birds and 4 storks were sitting on the fence. 6 more storks came to join them. How many birds and storks are sitting on the fence?,1,13,"There are 3 birds and 4 storks sitting on the fence. 6 more storks came to join them. 

3 birds + 4 storks = 7 birds and storks

7 birds and storks + 6 storks = 13 birds and storks

So, there are 13 birds and storks sitting on the fence. #### 13",text
129,3 birds and 4 storks were sitting on the fence. 6 more storks came to join them. How many birds and storks are sitting on the fence?,He then went to see the oranges being harvested. He found out that they harvest 16 sacks per day and that each sack containes 57 oranges. How many days will it take to harvest 80 sacks of oranges?,13,5,"To solve this problem, we need to determine how many days it will take to harvest 80 sacks of oranges, given that they harvest 16 sacks per day and each sack contains 57 oranges.

Step 1: Calculate the total number of oranges harvested per day.
16 sacks/day * 57 oranges/sack = 912 oranges/day

Step 2: Determine the number of days required to harvest 80 sacks.
80 sacks / 16 sacks/day = 5 days

Therefore, it will take 5 days to harvest 80 sacks of oranges.

#### 5",text
130,He then went to see the oranges being harvested. He found out that they harvest 16 sacks per day and that each sack containes 57 oranges. How many days will it take to harvest 80 sacks of oranges?,Adam has 3 more apples than jackie. Adam has 9 apples. How many apples does Jackie have?,5,6,"Adam has 3 more apples than Jackie, so Jackie has 9 - 3 = 6 apples. #### 6",text
131,Adam has 3 more apples than jackie. Adam has 9 apples. How many apples does Jackie have?,An industrial machine can make 3 shirts per minute. It made 6 shirts in all. How many minutes was the machine working?,6,2,"To solve this problem, we need to determine how many minutes the machine was working. We know that the machine can make 3 shirts per minute and it made 6 shirts in total.

Let's break down the information given:
- Machine's production rate: 3 shirts per minute
- Total number of shirts made: 6 shirts

We can set up the equation as follows:
Number of shirts made per minute * Number of minutes = Total number of shirts made

3 shirts per minute * Number of minutes = 6 shirts

To find the number of minutes, we divide both sides of the equation by 3 shirts per minute:

Number of minutes = 6 shirts / 3 shirts per minute

Number of minutes = 2 minutes

Therefore, the machine was working for 2 minutes.

#### 2",text
132,An industrial machine can make 3 shirts per minute. It made 6 shirts in all. How many minutes was the machine working?,Allan brought 5 balloons. If Allan and Jake brought total of 6 balloons to the park How many balloons did Jake bring to the park?,2,1,"To solve this problem, we need to determine how many balloons Jake brought to the park. We know that Allan brought 5 balloons and the total number of balloons brought to the park is 6.

Step 1: Identify the total number of balloons brought to the park.
Total balloons = 6

Step 2: Identify the number of balloons brought by Allan.
Allan's balloons = 5

Step 3: Subtract the number of balloons brought by Allan from the total number of balloons to find the number of balloons brought by Jake.
Jake's balloons = Total balloons - Allan's balloons
Jake's balloons = 6 - 5

Step 4: Calculate the number of balloons brought by Jake.
Jake's balloons = 1

Therefore, Jake brought 1 balloon to the park.

#### 1",text
133,Allan brought 5 balloons. If Allan and Jake brought total of 6 balloons to the park How many balloons did Jake bring to the park?,After resting they decided to go for a swim. The depth of the water is 9 times Dean's height. If Ron is 15 feet tall and Dean is 6 feet shorter than Ron How deep was the water?,1,81,"Ron is 15 feet tall. Dean is 6 feet shorter than Ron, so Dean is 15 - 6 = 9 feet tall. The depth of the water is 9 times Dean's height, so the depth of the water is 9 * 9 = 81 feet. #### 81",text
134,After resting they decided to go for a swim. The depth of the water is 9 times Dean's height. If Ron is 15 feet tall and Dean is 6 feet shorter than Ron How deep was the water?,"The grasshopper, the frog and the mouse had a jumping contest. The grasshopper jumped 39 inches. The grasshopper jumped 19 inches farther than the frog and the mouse jumped 12 inches lesser than the frog. How far did the mouse jump?",81,8,The frog jumped 39 - 19 = 20 inches. The mouse jumped 20 - 12 = 8 inches.,text
135,"The grasshopper, the frog and the mouse had a jumping contest. The grasshopper jumped 39 inches. The grasshopper jumped 19 inches farther than the frog and the mouse jumped 12 inches lesser than the frog. How far did the mouse jump?",Tiffany was collecting cans for recycling. On monday she had 3 bags of cans. The next day she found 7 more bags of cans and 44 bags of bottles. How many bags of cans did she have altogether?,8,10,"On Monday, Tiffany had 3 bags of cans. The next day, she found 7 more bags of cans. So, she had 3 + 7 = 10 bags of cans. Therefore, Tiffany had 10 bags of cans altogether. #### 10",text
136,Tiffany was collecting cans for recycling. On monday she had 3 bags of cans. The next day she found 7 more bags of cans and 44 bags of bottles. How many bags of cans did she have altogether?,Jerry had 2 action figures and 10 books on a shelf in his room. Later he added 4 more action figures to the shelf. How many more books than action figures were on his shelf?,10,4,"Step 1: Determine the total number of action figures on the shelf.
Jerry initially had 2 action figures and added 4 more, so the total number of action figures is 2 + 4 = 6.

Step 2: Determine the total number of books on the shelf.
Jerry had 10 books on the shelf.

Step 3: Calculate the difference between the number of books and action figures.
The difference is 10 books - 6 action figures = 4.

Jerry had 4 more books than action figures on his shelf.

#### 4",text
137,Jerry had 2 action figures and 10 books on a shelf in his room. Later he added 4 more action figures to the shelf. How many more books than action figures were on his shelf?,Winter is almost here and most animals are migrating to warmer countries. 86 bird families flew away for the winter from near a mountain. If there were 45 bird families living near the mountain initially How many more bird families flew away for the winter than those that stayed behind?,4,127,"First, we need to find out how many bird families stayed behind. We can do this by subtracting the number of bird families that flew away from the initial number of bird families. 

Initial number of bird families = 45
Number of bird families that flew away = 86

Bird families that stayed behind = Initial number of bird families - Number of bird families that flew away
Bird families that stayed behind = 45 - 86
Bird families that stayed behind = -41

Since the number of bird families that stayed behind is negative, it means that all the bird families flew away for the winter. Therefore, the number of bird families that flew away for the winter is 86.

Now, we need to find out how many more bird families flew away for the winter than those that stayed behind. Since all the bird families flew away, the number of bird families that flew away is equal to the number of bird families that stayed behind.

Therefore, the number of bird families that flew away for the winter is 86, and the number of bird families that stayed behind is also 86.

The difference between the number of bird families that flew away and those that stayed behind is:

86 - 86 = 0

So, 0",neither
138,Winter is almost here and most animals are migrating to warmer countries. 86 bird families flew away for the winter from near a mountain. If there were 45 bird families living near the mountain initially How many more bird families flew away for the winter than those that stayed behind?,There are 11 baskets of peaches. Each basket has 10 red peaches and 18 green peaches. How many peaches are in the baskets altogether?,127,308,"To find the total number of peaches in the baskets, we need to calculate the sum of the red and green peaches. 

First, let's find the total number of red peaches:
11 baskets * 10 red peaches per basket = 110 red peaches

Next, let's find the total number of green peaches:
11 baskets * 18 green peaches per basket = 198 green peaches

Now, we add the total number of red and green peaches together:
110 red peaches + 198 green peaches = 308 peaches

Therefore, there are 308 peaches in the baskets altogether.

#### 308",text
139,There are 11 baskets of peaches. Each basket has 10 red peaches and 18 green peaches. How many peaches are in the baskets altogether?,Adam has 9 apples. Jackie has 10 apples. How many more apples does Jackie have than Adam?,308,1,"To find out how many more apples Jackie has than Adam, we need to subtract the number of apples Adam has from the number of apples Jackie has. 

Step 1: Identify the number of apples each person has.
- Adam has 9 apples.
- Jackie has 10 apples.

Step 2: Subtract the number of apples Adam has from the number of apples Jackie has.
- 10 (Jackie's apples) - 9 (Adam's apples) = 1

So, Jackie has 1 more apple than Adam.

#### 1",text
140,Adam has 9 apples. Jackie has 10 apples. How many more apples does Jackie have than Adam?,The school is planning a field trip. The school has 72 classrooms. There are 3 seats on each school bus. If there are a total of 111 students in the school How many buses are needed to take the trip?,1,37,"To solve this problem, we need to determine the number of buses needed to transport all 111 students, given that each bus can hold 3 students.

Step 1: Calculate the total number of students that can be accommodated by one bus.
Since each bus has 3 seats, the total number of students that can be accommodated by one bus is 3.

Step 2: Determine the number of buses needed to transport all 111 students.
To find the number of buses needed, we divide the total number of students by the number of students that can be accommodated by one bus:
111 students / 3 students per bus = 37 buses

Therefore, the school needs 37 buses to take the trip.

#### 37",text
141,The school is planning a field trip. The school has 72 classrooms. There are 3 seats on each school bus. If there are a total of 111 students in the school How many buses are needed to take the trip?,Kelly has 80 nintendo games. She found 31 more nintendo games. How many does she need to give away so that she will have 6 games left?,37,105,"Kelly has 80 + 31 = 111 Nintendo games. She needs to give away 111 - 6 = 105 games. 

#### 105",text
142,Kelly has 80 nintendo games. She found 31 more nintendo games. How many does she need to give away so that she will have 6 games left?,Paco had 40 cookies. He ate 2 of them. Then he bought 37 more cookies How many cookies did Paco have left?,105,75,"Paco had 40 cookies. He ate 2 of them, so he had 40 - 2 = 38 cookies left. Then he bought 37 more cookies, so he had 38 + 37 = 75 cookies. 

#### 75",text
143,Paco had 40 cookies. He ate 2 of them. Then he bought 37 more cookies How many cookies did Paco have left?,Mary is baking a cake. The recipe calls for 6 cups of sugar and 9 cups of flour. She already put in 2 cups of flour. How many more cups of flour than cups of sugar does she need to add now?,75,1,"First, we need to find out how many cups of flour Mary needs in total. The recipe calls for 9 cups of flour, and she already put in 2 cups. So, she needs 9 - 2 = 7 more cups of flour.

Next, we need to find out how many cups of sugar Mary needs in total. The recipe calls for 6 cups of sugar, and she doesn't need to add any more sugar.

Now, we can find out how many more cups of flour than cups of sugar Mary needs to add. She needs 7 cups of flour and 0 cups of sugar, so she needs 7 - 0 = 7 more cups of flour than cups of sugar.

Therefore, Mary needs to add 7 more cups of flour than cups of sugar.

#### 7",neither
144,Mary is baking a cake. The recipe calls for 6 cups of sugar and 9 cups of flour. She already put in 2 cups of flour. How many more cups of flour than cups of sugar does she need to add now?,Paul got a box of 457 erasers and 617 crayons for his birthday. At the end of the school year he only had 523 crayons left while not having lost a single eraser. How many more crayons than erasers did he have left?,1,66,"To solve this problem, we need to find out how many more crayons than erasers Paul had left at the end of the school year.

1. First, let's find out how many crayons Paul had left:
   - Paul started with 617 crayons.
   - He had 523 crayons left at the end of the school year.
   - To find out how many crayons he had left, we subtract the number of crayons he had left from the number he started with:
     \( 617 - 523 = 94 \)
   - So, Paul had 94 crayons left.

2. Next, let's find out how many erasers Paul had left:
   - Paul started with 457 erasers.
   - He did not lose any erasers, so he still had all 457 erasers.
   - To find out how many erasers he had left, we subtract the number of erasers he had left from the number he started with:
     \( 457 - 457 = 0 \)
   - So, Paul had 0 erasers left.

3. Finally, let's find out how many more crayons than erasers Paul had left:
   -",neither
145,Paul got a box of 457 erasers and 617 crayons for his birthday. At the end of the school year he only had 523 crayons left while not having lost a single eraser. How many more crayons than erasers did he have left?,There are 4 different books and 17 different movies in the ' crazy silly school ' series. If you read 19 of the books and watched 7 of the movies How many more movies do you still have to watch?,66,10,"To solve this problem, we need to determine how many more movies you still have to watch. We know that there are 17 different movies in the series and you have already watched 7 of them.

Step 1: Subtract the number of movies you have already watched from the total number of movies.
17 movies - 7 movies = 10 movies

So, you still have to watch 10 more movies.

#### 10",text
146,There are 4 different books and 17 different movies in the ' crazy silly school ' series. If you read 19 of the books and watched 7 of the movies How many more movies do you still have to watch?,Debby bought some water bottles when they were on sale. She drank 109 bottles a day. If the bottles lasted for 74 days How many bottles had she bought?,10,8066,109 bottles/day * 74 days = 8066 bottles.,text
147,Debby bought some water bottles when they were on sale. She drank 109 bottles a day. If the bottles lasted for 74 days How many bottles had she bought?,Katie had 62 new games and 80 old games. Her friends had 73 new games and 41 old games. How many old games do they have 3,8066,121,"Step 1: Identify the total number of old games that Katie and her friends have.
Katie has 80 old games and her friends have 41 old games. 
Total old games = Katie's old games + friends' old games
Total old games = 80 + 41

Step 2: Calculate the total number of old games.
Total old games = 121

Step 3: Since the question asks for the number of old games they have in total, the answer is 121.

#### <answer>121",text
148,Katie had 62 new games and 80 old games. Her friends had 73 new games and 41 old games. How many old games do they have 3,We ordered 9 pizzas. Each pizza has 10 slices. If there are 2 of us How many slices of pizza does each of us get if distributed equally?,121,45,"Step 1: Calculate the total number of pizza slices.
- There are 9 pizzas, and each pizza has 10 slices.
- Total slices = 9 pizzas * 10 slices per pizza = 90 slices

Step 2: Divide the total number of slices by the number of people.
- There are 2 people.
- Slices per person = 90 slices / 2 people = 45 slices per person

#### 45",text
149,We ordered 9 pizzas. Each pizza has 10 slices. If there are 2 of us How many slices of pizza does each of us get if distributed equally?,6 storks and 2 birds were sitting on the fence. 3 more birds came to join them. How many more storks than birds are sitting on the fence?,45,1,"There are 6 storks and 2 birds, so there are 6 - 2 = 4 more storks than birds. When 3 more birds come, there are 2 + 3 = 5 birds. There are still 4 more storks than birds. #### 4",neither
150,6 storks and 2 birds were sitting on the fence. 3 more birds came to join them. How many more storks than birds are sitting on the fence?,During summer break 819058 kids from Lawrence county go to camp and the other 668278 kids stay home. How many more kids spent their summer break at the camp compared to those who stayed home?,1,150780,"To find out how many more kids spent their summer break at the camp compared to those who stayed home, we need to subtract the number of kids who stayed home from the number of kids who went to camp. 

819058 - 668278 = 150780

So, 150780 more kids spent their summer break at the camp compared to those who stayed home. 

#### 150780",text
151,During summer break 819058 kids from Lawrence county go to camp and the other 668278 kids stay home. How many more kids spent their summer break at the camp compared to those who stayed home?,At the arcade Dave had won 7 tickets. He used some tickets to buy toys. If he still has 2 tickets left How many tickets did Dave use to buy toys?,150780,5,"Dave had 7 tickets. He used some tickets to buy toys. He still has 2 tickets left. To find out how many tickets Dave used to buy toys, we can subtract the number of tickets he has left from the number of tickets he had originally. 

7 tickets (original) - 2 tickets (left) = 5 tickets (used)

Dave used 5 tickets to buy toys. 

#### 5",text
152,At the arcade Dave had won 7 tickets. He used some tickets to buy toys. If he still has 2 tickets left How many tickets did Dave use to buy toys?,Jerry had some action figures on a shelf in his room. Later he added 7 more action figures to the shelf. If there are a total of 10 action figures on his shelf now How many action figures did he have initially on the shelf?,5,3,"To solve this problem, we need to determine the initial number of action figures Jerry had on his shelf before he added 7 more.

Let's break down the information given:
- Jerry added 7 more action figures to the shelf.
- There are now a total of 10 action figures on the shelf.

We can set up the equation as follows:
Initial number of action figures + 7 = Total number of action figures

Let's denote the initial number of action figures as x.

x + 7 = 10

To find the initial number of action figures, we need to isolate x. We can do this by subtracting 7 from both sides of the equation:

x + 7 - 7 = 10 - 7

x = 3

Therefore, Jerry initially had 3 action figures on the shelf.

#### 3",text
153,Jerry had some action figures on a shelf in his room. Later he added 7 more action figures to the shelf. If there are a total of 10 action figures on his shelf now How many action figures did he have initially on the shelf?,Paul had 71 books. After selling some in a garage sale he bought 38 new ones. If he has 116 books now How many more books did he buy than he sold?,3,45,"71 + 38 = 109
116 - 109 = 7
He bought 7 more books than he sold. #### 7",neither
154,Paul had 71 books. After selling some in a garage sale he bought 38 new ones. If he has 116 books now How many more books did he buy than he sold?,Paul got a box of some crayons for his birthday. During the school year he gave 52 crayons to his friends while he lost 535 crayons. If he only had 492 crayons left How many crayons had been lost or given away?,45,587,"To solve this problem, we need to determine the total number of crayons that Paul lost or gave away. We know that Paul gave away 52 crayons and lost 535 crayons. 

Let's add these numbers together:

52 (given away) + 535 (lost) = 587

Therefore, Paul lost or gave away a total of 587 crayons.

#### 587",text
155,Paul got a box of some crayons for his birthday. During the school year he gave 52 crayons to his friends while he lost 535 crayons. If he only had 492 crayons left How many crayons had been lost or given away?,Adam could fit 11 action figures on each shelf in his room. His room has 4 shelves and 40 cabinets. How many total action figures could his shelves hold?,587,44,"To solve this problem, we need to determine the total number of action figures that Adam's shelves can hold. We know that each shelf can hold 11 action figures, and there are 4 shelves in total.

Step 1: Calculate the total number of action figures that the shelves can hold.
- Number of shelves: 4
- Number of action figures per shelf: 11

Total number of action figures = Number of shelves * Number of action figures per shelf
Total number of action figures = 4 * 11
Total number of action figures = 44

Therefore, Adam's shelves can hold a total of 44 action figures.

#### 44",text
156,Adam could fit 11 action figures on each shelf in his room. His room has 4 shelves and 40 cabinets. How many total action figures could his shelves hold?,The ring toss game at the carnival made 144 dollars per day. They were at the carnival for 22 days. How much money did they make?,44,3168,"To find out how much money they made, we need to multiply the amount of money they made per day by the number of days they were at the carnival. 

The amount of money they made per day is 144 dollars, and they were at the carnival for 22 days. 

So, the total amount of money they made is 144 dollars/day * 22 days = 3168 dollars. 

Therefore, they made 3168 dollars. 

#### 3168",text
157,The ring toss game at the carnival made 144 dollars per day. They were at the carnival for 22 days. How much money did they make?,Brenda's mother made cookies for 5. She prepared 22 cookies but had to throw away 17 cookies. If each of them had the same number of cookies How many did each of them have?,3168,1,"First, we need to find out how many cookies Brenda's mother had left after throwing away some. She started with 22 cookies and threw away 17, so she had 22 - 17 = 5 cookies left.

Since Brenda's mother made cookies for 5 people, and she had 5 cookies left, each person had 5 cookies.

Therefore, each person had 5 cookies.

#### 5",neither
158,Brenda's mother made cookies for 5. She prepared 22 cookies but had to throw away 17 cookies. If each of them had the same number of cookies How many did each of them have?,White t - shirts can be purchased in packages of 53. If mom buys 57 packages of white t - shirts and 34 trousers How many white t - shirts will she have?,1,3021,"To solve this problem, we need to determine how many white t-shirts mom will have after purchasing 57 packages and 34 trousers.

Step 1: Calculate the total number of white t-shirts in the packages.
Each package contains 53 white t-shirts.
Total number of white t-shirts in packages = 57 packages * 53 t-shirts/package = 3021 t-shirts

Step 2: Add the number of trousers to the total number of white t-shirts.
Total number of white t-shirts and trousers = 3021 t-shirts + 34 trousers = 3055 items

Therefore, mom will have 3055 white t-shirts and trousers combined.

#### 3055",neither
159,White t - shirts can be purchased in packages of 53. If mom buys 57 packages of white t - shirts and 34 trousers How many white t - shirts will she have?,He then went to see the oranges being harvested. He found out that they harvest 5 sacks of ripe oranges and 74 sacks of unripe oranges per day. How many more sacks of unripe oranges than ripe oranges are harvested per day?,3021,69,"To find out how many more sacks of unripe oranges than ripe oranges are harvested per day, we need to subtract the number of sacks of ripe oranges from the number of sacks of unripe oranges. 

Number of sacks of unripe oranges - Number of sacks of ripe oranges = Difference in sacks of oranges

74 - 5 = 69

Therefore, there are 69 more sacks of unripe oranges than ripe oranges harvested per day.

#### 69",text
160,He then went to see the oranges being harvested. He found out that they harvest 5 sacks of ripe oranges and 74 sacks of unripe oranges per day. How many more sacks of unripe oranges than ripe oranges are harvested per day?,"Julia played tag with 14 kids on monday, 2 kids on tuesday and 8 kids on wednesday. How many more kids did she play with on monday than on wednesday?",69,6,"Step 1: Identify the number of kids Julia played with on Monday and Wednesday.
- On Monday, Julia played with 14 kids.
- On Wednesday, Julia played with 8 kids.

Step 2: Calculate the difference in the number of kids played with on Monday and Wednesday.
- Difference = Number of kids on Monday - Number of kids on Wednesday
- Difference = 14 - 8

Step 3: Perform the subtraction to find the difference.
- Difference = 6

Julia played with 6 more kids on Monday than on Wednesday. 

#### 6",text
161,"Julia played tag with 14 kids on monday, 2 kids on tuesday and 8 kids on wednesday. How many more kids did she play with on monday than on wednesday?",Paco had 13 cookies. He ate 2 of them. Then he bought 36 more cookies How many more cookies did he buy than those he ate?,6,34,"Paco bought 36 cookies and ate 2 cookies. To find out how many more cookies he bought than those he ate, we subtract the number of cookies he ate from the number of cookies he bought. 

36 cookies (bought) - 2 cookies (ate) = 34 cookies

Paco bought 34 more cookies than those he ate. 

#### 34",text
162,Paco had 13 cookies. He ate 2 of them. Then he bought 36 more cookies How many more cookies did he buy than those he ate?,White t - shirts can be purchased in packages. If mom buys 28 packages which contain 56 white t - shirts in total How many white t - shirts does each package have?,34,2,"To find out how many white t-shirts each package contains, we need to divide the total number of white t-shirts by the number of packages. 

Step 1: Identify the total number of white t-shirts and the number of packages.
- Total number of white t-shirts: 56
- Number of packages: 28

Step 2: Divide the total number of white t-shirts by the number of packages.
- 56 white t-shirts ÷ 28 packages = 2 white t-shirts per package

So, each package contains 2 white t-shirts.

#### 2",text
163,White t - shirts can be purchased in packages. If mom buys 28 packages which contain 56 white t - shirts in total How many white t - shirts does each package have?,The school has 304 grades and each grade has 75 students How many students were there in total?,2,22800,"To find the total number of students, we need to multiply the number of grades by the number of students per grade. 

Step 1: Identify the number of grades and students per grade.
Number of grades = 304
Number of students per grade = 75

Step 2: Multiply the number of grades by the number of students per grade.
Total number of students = 304 * 75

Step 3: Perform the multiplication.
Total number of students = 22800

Thus, the total number of students in the school is 22,800.

#### 22800",text
164,The school has 304 grades and each grade has 75 students How many students were there in total?,He then went to see the oranges being harvested. He found out that they harvest 25 sacks of unripe oranges and 5 sacks of ripe oranges per day. How many sacks of ripe oranges will they have after 73 days of harvest?,22800,365,"To solve this problem, we need to determine the total number of sacks of ripe oranges harvested after 73 days. We know that 5 sacks of ripe oranges are harvested per day. 

Let's break down the information given:
- Number of sacks of unripe oranges harvested per day: 25
- Number of sacks of ripe oranges harvested per day: 5
- Total number of days of harvest: 73

We can calculate the total number of sacks of ripe oranges harvested after 73 days by multiplying the number of sacks of ripe oranges harvested per day by the total number of days:

Total sacks of ripe oranges = Number of sacks of ripe oranges harvested per day * Total number of days
Total sacks of ripe oranges = 5 * 73

Now, let's perform the multiplication:

Total sacks of ripe oranges = 365

Therefore, after 73 days of harvest, they will have 365 sacks of ripe oranges.

#### 365",text
165,He then went to see the oranges being harvested. He found out that they harvest 25 sacks of unripe oranges and 5 sacks of ripe oranges per day. How many sacks of ripe oranges will they have after 73 days of harvest?,The Razorback shop makes $ 192 dollars off each t-shirt and $ 34 off each jersey. During the Arkansas and Texas tech game they sold 157 t-shirts and 19 jerseys. How much more does a t-shirt cost than a jersey?,365,158,"To find out how much more a t-shirt costs than a jersey, we need to calculate the difference in their prices. 

1. Calculate the total revenue from t-shirts:
   - Price per t-shirt: $192
   - Number of t-shirts sold: 157
   - Total revenue from t-shirts: $192 * 157 = $30,144

2. Calculate the total revenue from jerseys:
   - Price per jersey: $34
   - Number of jerseys sold: 19
   - Total revenue from jerseys: $34 * 19 = $646

3. Calculate the total revenue from both t-shirts and jerseys:
   - Total revenue: $30,144 (t-shirts) + $646 (jerseys) = $30,790

4. Calculate the difference in price between a t-shirt and a jersey:
   - Price difference: $192 (t-shirt) - $34 (jersey) = $158

Therefore, a t-shirt costs $158 more than a jersey.

#### 158",text
166,The Razorback shop makes $ 192 dollars off each t-shirt and $ 34 off each jersey. During the Arkansas and Texas tech game they sold 157 t-shirts and 19 jerseys. How much more does a t-shirt cost than a jersey?,Steven has 14 peaches. Jake has 6 fewer peaches than Steven and 3 more peaches than Jill. How many peaches does Jill have?,158,5,Jake has 14 - 6 = 8 peaches. Jill has 8 - 3 = 5 peaches. Jill has 5 peaches. #### 5,text
167,Steven has 14 peaches. Jake has 6 fewer peaches than Steven and 3 more peaches than Jill. How many peaches does Jill have?,A waiter had 12 customers. While 15 customers left he got 14 new customers. How many customers does he still have?,5,11,"Initially, the waiter had 12 customers. Then, 15 customers left, so the number of customers decreased by 15.

12 - 15 = -3

Next, the waiter got 14 new customers. So, the number of customers increased by 14.

-3 + 14 = 11

Therefore, the waiter still has 11 customers.

#### 11",text
168,A waiter had 12 customers. While 15 customers left he got 14 new customers. How many customers does he still have?,Allan brought 2 balloons and Jake brought 4 balloons to the park. Allan then bought 3 more balloons at the park. How many more balloons did Allan have than Jake in the park?,11,1,"Step 1: Determine the total number of balloons Allan brought to the park.
Allan brought 2 balloons + 3 more balloons = 5 balloons.

Step 2: Determine the total number of balloons Jake brought to the park.
Jake brought 4 balloons.

Step 3: Calculate the difference in the number of balloons between Allan and Jake.
Allan had 5 balloons - 4 balloons = 1 more balloon than Jake.

#### <answer>1",text
169,Allan brought 2 balloons and Jake brought 4 balloons to the park. Allan then bought 3 more balloons at the park. How many more balloons did Allan have than Jake in the park?,"Being his favorite, he saved checking on the grapevines for his last stop. He was told by 235 of the pickers that they fill 100 drums of raspberries per day and 221 drums of grapes per day. How many drums of grapes would be filled in 77 days?",1,17017,"To find out how many drums of grapes would be filled in 77 days, we need to multiply the number of drums filled per day by the number of days. 

The number of drums of grapes filled per day is 221. 

The number of days is 77. 

So, the total number of drums of grapes filled in 77 days is 221 * 77 = 17,017 drums. 

Therefore, the answer is 17,017. #### 17,017",text
170,"Being his favorite, he saved checking on the grapevines for his last stop. He was told by 235 of the pickers that they fill 100 drums of raspberries per day and 221 drums of grapes per day. How many drums of grapes would be filled in 77 days?",Ed had 6 more marbles than Doug. Doug lost 7 of his marbles at the playground. If Ed had 22 marbles How many marbles does Doug have now?,17017,9,"Doug had 6 fewer marbles than Ed, so he had 22 - 6 = 16 marbles. Doug lost 7 marbles, so he has 16 - 7 = 9 marbles. 

#### 9",text
171,Ed had 6 more marbles than Doug. Doug lost 7 of his marbles at the playground. If Ed had 22 marbles How many marbles does Doug have now?,At the arcade Dave had won 18 tickets. If he used 5 to buy some toys and 11 more to buy some clothes How many tickets did Dave have left?,9,2,"Dave had 18 tickets. He used 5 tickets to buy toys and 11 tickets to buy clothes. To find out how many tickets Dave had left, we subtract the number of tickets he used from the total number of tickets he had. 

18 - 5 = 13
13 - 11 = 2

Dave had 2 tickets left. #### 2",text
172,At the arcade Dave had won 18 tickets. If he used 5 to buy some toys and 11 more to buy some clothes How many tickets did Dave have left?,Danny has 21 bottle caps in his collection. He found some more bottle caps at the park. If he has 53 bottle caps now How many bottle caps did he find at the park?,2,32,"To find out how many bottle caps Danny found at the park, we need to subtract the number of bottle caps he had before from the total number of bottle caps he has now. 

Step 1: Identify the initial number of bottle caps Danny had.
Initial number of bottle caps = 21

Step 2: Identify the total number of bottle caps Danny has now.
Total number of bottle caps now = 53

Step 3: Subtract the initial number of bottle caps from the total number of bottle caps now to find out how many bottle caps Danny found at the park.
Number of bottle caps found at the park = Total number of bottle caps now - Initial number of bottle caps
Number of bottle caps found at the park = 53 - 21

Step 4: Perform the subtraction.
Number of bottle caps found at the park = 32

So, Danny found 32 bottle caps at the park.

#### 32",text
173,Danny has 21 bottle caps in his collection. He found some more bottle caps at the park. If he has 53 bottle caps now How many bottle caps did he find at the park?,Paul got a box of 65 crayons for his birthday. During the school year he gave 213 crayons to his friends while he lost 16 crayons. How many crayons had been lost or given away?,32,229,"To find out how many crayons Paul had left after giving some to his friends and losing some, we need to subtract the number of crayons he gave away and the number of crayons he lost from the total number of crayons he had.

Total crayons = 65
Crayons given away = 213
Crayons lost = 16

Crayons left = Total crayons - Crayons given away - Crayons lost
Crayons left = 65 - 213 - 16

Crayons left = -164

Since the number of crayons cannot be negative, it means Paul had no crayons left. All the crayons were either given away or lost.

Therefore, the number of crayons that had been lost or given away is 164.

#### 164",neither
174,Paul got a box of 65 crayons for his birthday. During the school year he gave 213 crayons to his friends while he lost 16 crayons. How many crayons had been lost or given away?,At the arcade Dave had won 14 tickets and lost 2 tickets. If he used 10 to buy some toys How many tickets did Dave have left?,229,2,"Dave had 14 tickets and lost 2 tickets, so he had 14 - 2 = 12 tickets.
He used 10 tickets to buy toys, so he had 12 - 10 = 2 tickets left.
#### 2",text
175,At the arcade Dave had won 14 tickets and lost 2 tickets. If he used 10 to buy some toys How many tickets did Dave have left?,"A grocery store had 72 bottles of regular soda, 32 bottles of diet soda and 78 apples. How many more bottles than apple did they have?",2,26,"To solve this problem, we need to find out how many more bottles of soda there are compared to the number of apples.

Step 1: Add the number of regular soda bottles and diet soda bottles together.
72 (regular soda) + 32 (diet soda) = 104 bottles of soda.

Step 2: Subtract the number of apples from the total number of soda bottles.
104 (soda bottles) - 78 (apples) = 26

So, there are 26 more bottles of soda than apples.

#### 26",text
176,"A grocery store had 72 bottles of regular soda, 32 bottles of diet soda and 78 apples. How many more bottles than apple did they have?",Because of the decision Sofia asked the students to suggest specific types of food. If 269 students suggested adding bacon 330 suggested adding mashed potatoes to the menu and 76 suggested adding tomatoes How many more students suggested mashed potatoes than those that suggested bacon?,26,61,"To find out how many more students suggested mashed potatoes than bacon, we need to subtract the number of students who suggested bacon from the number of students who suggested mashed potatoes. 

So, we perform the subtraction: 

330 (students who suggested mashed potatoes) - 269 (students who suggested bacon) = 61

Therefore, 61 more students suggested mashed potatoes than bacon.

#### 61",text
177,Because of the decision Sofia asked the students to suggest specific types of food. If 269 students suggested adding bacon 330 suggested adding mashed potatoes to the menu and 76 suggested adding tomatoes How many more students suggested mashed potatoes than those that suggested bacon?,Because of the decision Sofia asked 310 students to suggest specific types of food. 185 students suggested adding mashed potatoes while others suggested adding bacon to the menu. How many students suggested bacon?,61,125,"To find out how many students suggested bacon, we need to subtract the number of students who suggested mashed potatoes from the total number of students surveyed.

Total students surveyed: 310
Students who suggested mashed potatoes: 185

Students who suggested bacon = Total students surveyed - Students who suggested mashed potatoes
Students who suggested bacon = 310 - 185

Students who suggested bacon = 125

#### 125",text
178,Because of the decision Sofia asked 310 students to suggest specific types of food. 185 students suggested adding mashed potatoes while others suggested adding bacon to the menu. How many students suggested bacon?,Lewis earns $ 403 every week during the 233 weeks of harvest. If he has to pay $ 49 rent every week How much money does he earn during harvest season?,125,93899,"To solve this problem, we need to calculate Lewis's total earnings during the harvest season. We know that Lewis earns $403 every week for 233 weeks and has to pay $49 in rent every week. 

First, let's calculate Lewis's total earnings for the harvest season:

Total earnings = Weekly earnings * Number of weeks
Total earnings = $403 * 233

Now, let's calculate Lewis's total expenses for the harvest season:

Total expenses = Weekly rent * Number of weeks
Total expenses = $49 * 233

To find out how much money Lewis earns during the harvest season, we subtract his total expenses from his total earnings:

Money earned = Total earnings - Total expenses
Money earned = ($403 * 233) - ($49 * 233)

Let's calculate the values:

Total earnings = $403 * 233 = $93,599
Total expenses = $49 * 233 = $11,417

Money earned = $93,599 - $11,417 = $82,182

Therefore, Lewis earns $82,182 during the harvest season.

#### 82,182",neither
179,Lewis earns $ 403 every week during the 233 weeks of harvest. If he has to pay $ 49 rent every week How much money does he earn during harvest season?,"They decided to hold the party in their backyard. They have some sets of tables, each having the 3 chairs. If there are a total of 9 chairs in the backyard How many sets of tables do they have?",93899,3,"To solve this problem, we need to determine the number of sets of tables they have. We know that each set of tables has 3 chairs. 

Step 1: Determine the total number of sets of tables.
We are given that there are 9 chairs in total. Since each set of tables has 3 chairs, we can divide the total number of chairs by the number of chairs per set of tables to find the number of sets of tables.

9 chairs / 3 chairs per set of tables = 3 sets of tables

Therefore, they have 3 sets of tables.

#### 3",text
180,"They decided to hold the party in their backyard. They have some sets of tables, each having the 3 chairs. If there are a total of 9 chairs in the backyard How many sets of tables do they have?","After eating a hearty meal they went to see the Buckingham palace. There, Rachel learned that 705 visitors came to the Buckingham palace that day. If there were 191 visitors the previous day and 457 visitors the day before that How many more visitors visited the Buckingham palace on that day than on the previous 245 days?",3,57,"To solve this problem, we need to determine the difference in the number of visitors between the day in question and the previous 245 days.

Step 1: Calculate the total number of visitors in the previous 245 days.
Total visitors in 245 days = 191 (previous day) + 457 (day before) = 648 visitors.

Step 2: Subtract the total number of visitors in the previous 245 days from the number of visitors on the day in question.
Difference = 705 (day in question) - 648 (previous 245 days) = 57 visitors.

Therefore, 57 more visitors visited the Buckingham palace on that day than on the previous 245 days.

#### 57",text
181,"After eating a hearty meal they went to see the Buckingham palace. There, Rachel learned that 705 visitors came to the Buckingham palace that day. If there were 191 visitors the previous day and 457 visitors the day before that How many more visitors visited the Buckingham palace on that day than on the previous 245 days?",There are 11 different books and 17 different movies in the ' crazy silly school ' series. If you read 7 of the books and watched 21 of the movies How many more movies than books have you read?,57,14,"To solve this problem, we need to find out how many more movies than books have been read. 

Step 1: Identify the number of books and movies read.
- Number of books read: 7
- Number of movies watched: 21

Step 2: Calculate the difference between the number of movies and books read.
- Difference = Number of movies watched - Number of books read
- Difference = 21 - 7

Step 3: Perform the subtraction.
- Difference = 14

So, you have read 14 more movies than books.

#### 14",text
182,There are 11 different books and 17 different movies in the ' crazy silly school ' series. If you read 7 of the books and watched 21 of the movies How many more movies than books have you read?,For the walls of the house he would use 12 large planks of wood and 10 small planks. If large planks together need 15 pieces of nails to be secured and small planks together need 5 nails. How many nails does John need for the house wall?,14,20,"To solve this problem, we need to calculate the total number of nails required for both the large and small planks.

1. Calculate the number of nails needed for the large planks:
   - There are 12 large planks.
   - Each large plank needs 15 nails.
   - Total nails for large planks = 12 * 15 = 180 nails.

2. Calculate the number of nails needed for the small planks:
   - There are 10 small planks.
   - Each small plank needs 5 nails.
   - Total nails for small planks = 10 * 5 = 50 nails.

3. Add the total nails needed for both large and small planks:
   - Total nails = 180 nails (for large planks) + 50 nails (for small planks) = 230 nails.

Therefore, John needs 230 nails for the house wall.

#### 230",neither
183,For the walls of the house he would use 12 large planks of wood and 10 small planks. If large planks together need 15 pieces of nails to be secured and small planks together need 5 nails. How many nails does John need for the house wall?,Matthew gave equal numbers of crackers and cakes to his 28 friends. If he had 13 crackers and 15 cakes initially How many crackers and cakes did each person eat?,20,1,"To solve this problem, we need to determine how many crackers and cakes each person ate. We know that Matthew gave equal numbers of crackers and cakes to his 28 friends. Let's break down the information given:

1. Matthew had 13 crackers and 15 cakes initially.
2. He gave equal numbers of crackers and cakes to his 28 friends.

First, let's find out how many crackers and cakes Matthew gave to each friend. Since he gave equal numbers, we can divide the total number of crackers and cakes by the number of friends:

- Crackers: 13 crackers / 28 friends = 13 / 28 = 0.46 (approximately)
- Cakes: 15 cakes / 28 friends = 15 / 28 = 0.54 (approximately)

However, since we are dealing with whole crackers and cakes, we need to round these numbers to the nearest whole number. Let's round them:

- Crackers: 0.46 rounds to 1 (since 0.46 is closer to 1 than to 0)
- Cakes: 0.54 rounds to 1 (since 0.54 is closer to 1 than to 0)",neither
184,Matthew gave equal numbers of crackers and cakes to his 28 friends. If he had 13 crackers and 15 cakes initially How many crackers and cakes did each person eat?,Winter is almost here and most animals are migrating to warmer countries. 27 bird families flew away for the winter from near a mountain. If there were 41 bird families living near the mountain initially How many bird families were left near the mountain?,1,14,"To find out how many bird families were left near the mountain, we need to subtract the number of bird families that flew away from the initial number of bird families.

Initial number of bird families = 41
Number of bird families that flew away = 27

Number of bird families left = Initial number of bird families - Number of bird families that flew away
Number of bird families left = 41 - 27

Number of bird families left = 14

So, 14 bird families were left near the mountain. #### 14",text
185,Winter is almost here and most animals are migrating to warmer countries. 27 bird families flew away for the winter from near a mountain. If there were 41 bird families living near the mountain initially How many bird families were left near the mountain?,Rebecca wants to split a collection of eggs into groups of 20. Rebecca has 5 marbles and 12 eggs. How many more eggs does Rebecca have than marbles?,14,7,"Rebecca has 12 eggs and 5 marbles. To find out how many more eggs she has than marbles, we subtract the number of marbles from the number of eggs. 

12 eggs - 5 marbles = 7 more eggs than marbles. 

Therefore, Rebecca has 7 more eggs than marbles. 

#### 7",text
186,Rebecca wants to split a collection of eggs into groups of 20. Rebecca has 5 marbles and 12 eggs. How many more eggs does Rebecca have than marbles?,A mailman has to give 32 pieces of junk mail to each of the 55 blocks. If he gives 8 mails to each house in a block How many houses are there in a block?,7,4,"To solve this problem, we need to determine the number of houses in a block. We know that the mailman gives 32 pieces of junk mail to each of the 55 blocks. 

First, let's find out how many pieces of mail the mailman gives to each block:
32 pieces of junk mail per block

Next, we need to find out how many pieces of mail the mailman gives to each house in a block. We know that the mailman gives 8 mails to each house in a block.

Now, let's calculate the total number of pieces of mail the mailman gives to each block:
32 pieces of junk mail per block

Since the mailman gives 8 mails to each house in a block, we can divide the total number of pieces of mail by the number of mails per house to find the number of houses in a block:
32 pieces of junk mail / 8 mails per house = 4 houses per block

Therefore, there are 4 houses in a block.

#### 4",text
187,A mailman has to give 32 pieces of junk mail to each of the 55 blocks. If he gives 8 mails to each house in a block How many houses are there in a block?,"After eating a hearty meal they went to see the Buckingham palace. There, Rachel learned that 92 visitors came to the Buckingham palace that day. If there were 419 visitors the previous day and 103 visitors the day before that How many visited the Buckingham palace before that day?",4,522,"To find out how many visitors visited the Buckingham Palace before that day, we need to add the number of visitors from the previous day and the day before that to the number of visitors on the day in question.

Number of visitors on the day in question: 92
Number of visitors the previous day: 419
Number of visitors the day before that: 103

Total number of visitors before that day = 92 + 419 + 103

Total number of visitors before that day = 614

Therefore, the answer is 614.",neither
188,"After eating a hearty meal they went to see the Buckingham palace. There, Rachel learned that 92 visitors came to the Buckingham palace that day. If there were 419 visitors the previous day and 103 visitors the day before that How many visited the Buckingham palace before that day?",Danny collects bottle caps and wrappers. He found 65 wrappers and 5 bottle caps at the park. Now he has 31 bottle caps and 9 wrappers in his collection. How many more wrappers than bottle caps did danny find at the park?,522,60,"Danny found 65 wrappers and 5 bottle caps at the park. 
He now has 31 bottle caps and 9 wrappers in his collection. 
To find out how many more wrappers than bottle caps Danny found at the park, we subtract the number of bottle caps from the number of wrappers. 
65 wrappers - 5 bottle caps = 60 more wrappers than bottle caps. 
#### 60",text
189,Danny collects bottle caps and wrappers. He found 65 wrappers and 5 bottle caps at the park. Now he has 31 bottle caps and 9 wrappers in his collection. How many more wrappers than bottle caps did danny find at the park?,The Razorback t-shirt shop makes $ 87 dollars off each t-shirt sold. During the Arkansas game and the Texas tech game they sold a total of 95 t-shirts. If they sold 47 t-shirts during the Arkansas game How much money did they make from selling the t-shirts?,60,8265,"To solve this problem, we need to determine the total amount of money made from selling the t-shirts. We know that each t-shirt sold makes $87. 

First, let's find out how many t-shirts were sold during the Texas Tech game:
Total t-shirts sold = 95
T-shirts sold during the Arkansas game = 47
T-shirts sold during the Texas Tech game = Total t-shirts sold - T-shirts sold during the Arkansas game
T-shirts sold during the Texas Tech game = 95 - 47 = 48

Now, let's calculate the total amount of money made from selling the t-shirts:
Total amount of money made = T-shirts sold during the Arkansas game * Price per t-shirt + T-shirts sold during the Texas Tech game * Price per t-shirt
Total amount of money made = 47 * $87 + 48 * $87
Total amount of money made = $4089 + $4176
Total amount of money made = $8265

Therefore, the total amount of money made from selling the t-shirts is $8265.

#### 8265",text
190,The Razorback t-shirt shop makes $ 87 dollars off each t-shirt sold. During the Arkansas game and the Texas tech game they sold a total of 95 t-shirts. If they sold 47 t-shirts during the Arkansas game How much money did they make from selling the t-shirts?,Paco had 41 cookies. He gave 9 cookies to his friend and ate 18 cookies. How many more cookies did he eat than those he gave to his friend?,8265,9,"Paco gave 9 cookies to his friend and ate 18 cookies. To find out how many more cookies he ate than those he gave to his friend, we subtract the number of cookies he gave to his friend from the number of cookies he ate. 

18 - 9 = 9

Paco ate 9 more cookies than those he gave to his friend. #### 9",text
191,Paco had 41 cookies. He gave 9 cookies to his friend and ate 18 cookies. How many more cookies did he eat than those he gave to his friend?,In a school there are 402 more girls than boys. If there are 739 girls How many boys are there in that school?,9,337,"To solve this problem, we need to determine the number of boys in the school given the number of girls and the difference between the number of girls and boys.

Step 1: Identify the given information.
- Number of girls: 739
- Difference between the number of girls and boys: 402

Step 2: Set up the equation.
Let the number of boys be \( x \). According to the problem, the number of girls is 402 more than the number of boys. Therefore, we can write the equation as:
\[ 739 = x + 402 \]

Step 3: Solve for \( x \).
To find the number of boys, we need to isolate \( x \) in the equation. Subtract 402 from both sides of the equation:
\[ 739 - 402 = x \]
\[ 337 = x \]

Therefore, the number of boys in the school is 337.

#### 337",text
192,In a school there are 402 more girls than boys. If there are 739 girls How many boys are there in that school?,Because of the decision Sofia asked the students to suggest specific types of food. 182 students suggested adding mashed potatoes while others suggested adding bacon to the menu. If 166 more students suggested adding bacon than those that suggested mashed potatoes How many students suggested bacon?,337,348,"To solve this problem, we need to determine the number of students who suggested adding bacon to the menu. Let's break down the information given:

1. 182 students suggested adding mashed potatoes.
2. 166 more students suggested adding bacon than those who suggested mashed potatoes.

We can set up the equation as follows:

Number of students who suggested bacon = Number of students who suggested mashed potatoes + 166

Let's substitute the given values into the equation:

Number of students who suggested bacon = 182 + 166

Now, let's perform the addition:

Number of students who suggested bacon = 348

Therefore, the number of students who suggested adding bacon to the menu is 348.

#### 348",text
193,Because of the decision Sofia asked the students to suggest specific types of food. 182 students suggested adding mashed potatoes while others suggested adding bacon to the menu. If 166 more students suggested adding bacon than those that suggested mashed potatoes How many students suggested bacon?,"The grasshopper, the frog and the mouse had a jumping contest. The grasshopper jumped 9 inches. The mouse jumped 3 inches lesser than the frog who jumped 33 inches farther than the grasshopper. How far did the mouse jump?",348,39,"The frog jumped 33 inches farther than the grasshopper, so the frog jumped 9 + 33 = 42 inches.
The mouse jumped 3 inches lesser than the frog, so the mouse jumped 42 - 3 = 39 inches.
Therefore, the mouse jumped 39 inches.

#### 39",text
194,"The grasshopper, the frog and the mouse had a jumping contest. The grasshopper jumped 9 inches. The mouse jumped 3 inches lesser than the frog who jumped 33 inches farther than the grasshopper. How far did the mouse jump?",Ed had 30 more marbles than Doug. Ed lost 21 of his marbles at the playground. If Ed had 91 marbles How many more marbles did Ed have than Doug then?,39,9,"Ed had 30 more marbles than Doug. If Ed had 91 marbles, then Doug had 91 - 30 = 61 marbles. Ed lost 21 marbles, so he had 91 - 21 = 70 marbles. Ed had 70 - 61 = 9 more marbles than Doug. #### 9",text
195,Ed had 30 more marbles than Doug. Ed lost 21 of his marbles at the playground. If Ed had 91 marbles How many more marbles did Ed have than Doug then?,Danny collects bottle caps. He found 30 bottle caps at the park while he threw away 63 old ones. Now he has 42 bottle caps in his collection. How many more bottle caps did danny throw away than those he found at the park?,9,33,"First, we need to find out how many bottle caps Danny found at the park. We can do this by subtracting the number of bottle caps he threw away from the total number of bottle caps he has now. 

42 (total bottle caps) - 30 (bottle caps found at the park) = 12 (bottle caps found at the park)

Next, we need to find out how many more bottle caps Danny threw away than those he found at the park. We can do this by subtracting the number of bottle caps he found at the park from the number of bottle caps he threw away.

63 (bottle caps thrown away) - 12 (bottle caps found at the park) = 51 (more bottle caps thrown away than found)

So, Danny threw away 51 more bottle caps than those he found at the park.

#### 51",neither
196,Danny collects bottle caps. He found 30 bottle caps at the park while he threw away 63 old ones. Now he has 42 bottle caps in his collection. How many more bottle caps did danny throw away than those he found at the park?,There are 384 oranges and 192 bananas in Philip's collection. If the bananas are organized into 345 groups and oranges are organized into 16 groups How big is each group of oranges?,33,24,"To solve this problem, we need to determine the size of each group of oranges in Philip's collection. We know that there are 384 oranges and 192 bananas. The bananas are organized into 345 groups, and the oranges are organized into 16 groups. 

First, let's find the size of each group of bananas:
192 bananas / 345 groups = 0.5557 bananas per group (approximately)

Next, let's find the size of each group of oranges:
384 oranges / 16 groups = 24 oranges per group

Therefore, each group of oranges contains 24 oranges.

#### 24",text
197,There are 384 oranges and 192 bananas in Philip's collection. If the bananas are organized into 345 groups and oranges are organized into 16 groups How big is each group of oranges?,Paul got a box of 253 crayons for his birthday. By the end of the school year he had either lost or given away 70 of them. How many crayons did he have left by the end of the school year?,24,183,"To find out how many crayons Paul had left by the end of the school year, we need to subtract the number of crayons he lost or gave away from the total number of crayons he started with. 

Total number of crayons Paul started with: 253 crayons
Number of crayons Paul lost or gave away: 70 crayons

We perform the subtraction as follows:
253 - 70 = 183

Therefore, Paul had 183 crayons left by the end of the school year.

#### 183",text
198,Paul got a box of 253 crayons for his birthday. By the end of the school year he had either lost or given away 70 of them. How many crayons did he have left by the end of the school year?,Josh had 15 marbles in his collection. He found 9 marbles while he lost 23 marbles. How many more marbles did he lose than those he found?,183,14,"Step 1: Determine the total number of marbles Josh had after finding more marbles.
Initial marbles: 15
Found marbles: 9
Total marbles after finding: 15 + 9 = 24

Step 2: Determine the total number of marbles Josh had after losing some.
Lost marbles: 23
Total marbles after losing: 24 - 23 = 1

Step 3: Calculate the difference between the number of marbles lost and the number of marbles found.
Lost marbles: 23
Found marbles: 9
Difference: 23 - 9 = 14

Answer: Josh lost 14 more marbles than those he found.
#### 14",text
199,Josh had 15 marbles in his collection. He found 9 marbles while he lost 23 marbles. How many more marbles did he lose than those he found?,An industrial machine can make 6 shirts a minute. It worked for 12 minutes yesterday and for 14 shirts today. How many shirts did machine make altogether?,14,156,"The machine made 6 shirts a minute. Yesterday, it worked for 12 minutes, so it made 6 shirts/minute * 12 minutes = 72 shirts yesterday.
Today, it made 14 shirts.
Altogether, the machine made 72 shirts + 14 shirts = 86 shirts.
#### 86",neither
200,An industrial machine can make 6 shirts a minute. It worked for 12 minutes yesterday and for 14 shirts today. How many shirts did machine make altogether?,A grocery store had 67 bottles of regular soda and 9 bottles of diet soda. How many more bottles of regular soda than diet soda did they have?,156,58,"To solve this problem, we need to find the difference between the number of regular soda bottles and diet soda bottles.

Step 1: Identify the number of regular soda bottles and diet soda bottles.
- Regular soda bottles: 67
- Diet soda bottles: 9

Step 2: Subtract the number of diet soda bottles from the number of regular soda bottles.
- 67 - 9 = 58

So, the grocery store had 58 more bottles of regular soda than diet soda.

#### 58",text
201,A grocery store had 67 bottles of regular soda and 9 bottles of diet soda. How many more bottles of regular soda than diet soda did they have?,Lewis earns $ 21 every week during the 216 weeks of harvest. If he has to pay $ 702 tax How much money will have at the end of the harvest season?,58,3834,"To solve this problem, we need to calculate the total amount of money Lewis earns during the harvest season and then subtract the amount of tax he has to pay.

1. Calculate the total amount of money Lewis earns during the harvest season:
   - Lewis earns $21 every week.
   - The harvest season lasts for 216 weeks.
   - Total earnings = $21 * 216

2. Calculate the total amount of money Lewis earns during the harvest season:
   - Total earnings = $21 * 216 = $4536

3. Subtract the amount of tax Lewis has to pay from his total earnings:
   - Tax = $702
   - Total money after tax = Total earnings - Tax
   - Total money after tax = $4536 - $702

4. Calculate the total money Lewis will have at the end of the harvest season:
   - Total money after tax = $4536 - $702 = $3734

Therefore, Lewis will have $3734 at the end of the harvest season.

#### 3734",neither
202,Lewis earns $ 21 every week during the 216 weeks of harvest. If he has to pay $ 702 tax How much money will have at the end of the harvest season?,Jessie weighed 92 kilograms. After she started to go jogging everyday she lost 56 kilograms in the first week and 99 kilograms in the second week. How much did she weigh after the first week of jogging?,3834,36,"To find out how much Jessie weighed after the first week of jogging, we need to subtract the weight she lost in the first week from her initial weight. 

Initial weight: 92 kilograms
Weight lost in the first week: 56 kilograms

Weight after the first week = Initial weight - Weight lost in the first week
Weight after the first week = 92 kilograms - 56 kilograms

Weight after the first week = 36 kilograms

#### 36",text
203,Jessie weighed 92 kilograms. After she started to go jogging everyday she lost 56 kilograms in the first week and 99 kilograms in the second week. How much did she weigh after the first week of jogging?,There were 21 roses in the vase. Jessica threw away 34 roses from the vase and cut some more new roses from her flower garden to put in the vase. There are now 15 roses in the vase. How many more roses did she throw away than those she cut from her garden?,36,6,"First, we need to find out how many roses Jessica cut from her garden. We can do this by subtracting the number of roses in the vase now from the number of roses she had before she cut any. 

21 roses (before cutting) - 15 roses (now) = 6 roses (cut from garden)

Next, we need to find out how many roses Jessica threw away. We can do this by subtracting the number of roses in the vase now from the number of roses she had before she threw any away.

21 roses (before throwing) - 15 roses (now) = 6 roses (thrown away)

Finally, we need to find out how many more roses Jessica threw away than those she cut from her garden. We can do this by subtracting the number of roses she cut from her garden from the number of roses she threw away.

6 roses (thrown away) - 6 roses (cut from garden) = 0 roses

So, Jessica threw away 0 more roses than those she cut from her garden.

#### 0",neither
204,There were 21 roses in the vase. Jessica threw away 34 roses from the vase and cut some more new roses from her flower garden to put in the vase. There are now 15 roses in the vase. How many more roses did she throw away than those she cut from her garden?,Paco had 25 cookies. He ate 5 of them. Then he bought 3 more cookies How many more cookies did he eat than those he bought?,6,2,"Paco had 25 cookies. He ate 5 of them. Then he bought 3 more cookies. 

To find out how many more cookies he ate than those he bought, we need to subtract the number of cookies he bought from the number of cookies he ate. 

The number of cookies he ate is 5. 

The number of cookies he bought is 3. 

So, the difference is 5 - 3 = 2. 

Therefore, Paco ate 2 more cookies than those he bought. 

#### 2",text
205,Paco had 25 cookies. He ate 5 of them. Then he bought 3 more cookies How many more cookies did he eat than those he bought?,Melissa scored a total of 21 points playing some games. Is she scored 7 points in each game. How many games did she play?,2,3,"To solve this problem, we need to determine the number of games Melissa played based on the total points she scored and the points she scored in each game.

Step 1: Identify the given information.
- Total points scored: 21
- Points scored in each game: 7

Step 2: Set up the equation.
Let x be the number of games Melissa played.
Total points scored = Points scored in each game * Number of games
21 = 7 * x

Step 3: Solve for x.
Divide both sides of the equation by 7:
21 / 7 = x
3 = x

Melissa played 3 games.

#### 3",text
206,Melissa scored a total of 21 points playing some games. Is she scored 7 points in each game. How many games did she play?,Paige was helping her mom plant flowers and together they planted 45 seeds in 9 flowerbeds. If they put same number of seeds in each flower bed How many seeds did they plant in each flowerbed?,3,5,"To find out how many seeds they planted in each flowerbed, we need to divide the total number of seeds by the number of flowerbeds. 

Step 1: Identify the total number of seeds and the number of flowerbeds.
Total number of seeds = 45
Number of flowerbeds = 9

Step 2: Divide the total number of seeds by the number of flowerbeds.
45 seeds ÷ 9 flowerbeds = 5 seeds per flowerbed

So, they planted 5 seeds in each flowerbed.

#### 5",text
207,Paige was helping her mom plant flowers and together they planted 45 seeds in 9 flowerbeds. If they put same number of seeds in each flower bed How many seeds did they plant in each flowerbed?,Jake has 11 fewer peaches than Steven. If Jake has 17 peaches. How many peaches does Steven have?,5,28,"To solve this problem, we need to determine the number of peaches Steven has, given that Jake has 11 fewer peaches than Steven and Jake has 17 peaches.

Step 1: Identify the given information.
- Jake has 17 peaches.
- Jake has 11 fewer peaches than Steven.

Step 2: Set up the equation.
Let's denote the number of peaches Steven has as ""S"". According to the given information, we can write the equation as:
Jake's peaches = Steven's peaches - 11
17 = S - 11

Step 3: Solve the equation for S.
To find the number of peaches Steven has, we need to isolate S. We can do this by adding 11 to both sides of the equation:
17 + 11 = S - 11 + 11
28 = S

Step 4: Conclusion.
Steven has 28 peaches.

#### <answer> 28",text
208,Jake has 11 fewer peaches than Steven. If Jake has 17 peaches. How many peaches does Steven have?,Frank was reading through his favorite book. The book had 193 pages equally distributed over 15 chapters. It took Frank 660 days to finish the book. How many chapters did he read per day?,28,44,"Step 1: Calculate the number of pages per chapter.
193 pages / 15 chapters = 12.8667 pages per chapter (rounded to four decimal places)

Step 2: Calculate the number of chapters Frank read per day.
660 days / 15 chapters = 44 days per chapter

Step 3: Calculate the number of chapters Frank read per day.
44 days per chapter / 12.8667 pages per chapter = 3.4 chapters per day (rounded to one decimal place)

Therefore, Frank read approximately 3.4 chapters per day.

#### 3.4",neither
209,Frank was reading through his favorite book. The book had 193 pages equally distributed over 15 chapters. It took Frank 660 days to finish the book. How many chapters did he read per day?,Rachel had to complete 5 pages of math homework and 2 pages of reading homework. How many more pages of math homework than reading homework did she have?,44,3,"To solve this problem, we need to find out how many more pages of math homework Rachel had compared to reading homework. 

Step 1: Identify the number of pages for each type of homework.
- Math homework: 5 pages
- Reading homework: 2 pages

Step 2: Subtract the number of pages of reading homework from the number of pages of math homework.
- 5 pages (math homework) - 2 pages (reading homework) = 3 pages

Rachel had 3 more pages of math homework than reading homework.

#### 3",text
210,Rachel had to complete 5 pages of math homework and 2 pages of reading homework. How many more pages of math homework than reading homework did she have?,Frank put some pieces of candy equally into 2 bags. If he had 16 pieces of candy How many pieces of candy are in each bag?,3,8,"To solve this problem, we need to divide the total number of pieces of candy by the number of bags.

Step 1: Identify the total number of pieces of candy and the number of bags.
- Total number of pieces of candy: 16
- Number of bags: 2

Step 2: Divide the total number of pieces of candy by the number of bags.
- 16 pieces of candy ÷ 2 bags = 8 pieces of candy per bag

So, there are 8 pieces of candy in each bag.

#### 8",text
211,Frank put some pieces of candy equally into 2 bags. If he had 16 pieces of candy How many pieces of candy are in each bag?,Jerry had 8 action figures on a shelf in his room. Later he added 4 more action figures to the shelf and removed 5 old ones. How many action figures were on his shelf in all?,8,7,"Jerry had 8 action figures on the shelf. He added 4 more action figures, so the total number of action figures is 8 + 4 = 12. Then, he removed 5 old ones, so the final number of action figures is 12 - 5 = 7. 

#### 7",text
212,Jerry had 8 action figures on a shelf in his room. Later he added 4 more action figures to the shelf and removed 5 old ones. How many action figures were on his shelf in all?,Baker made 110 cakes. He sold 75 of them. Then he made 76 more cakes. How many cakes would baker still have?,7,111,"First, we need to find out how many cakes the baker made in total. He made 110 cakes and then made 76 more, so we add these two numbers together:

110 cakes + 76 cakes = 186 cakes

Next, we need to find out how many cakes the baker sold. He sold 75 cakes, so we subtract this number from the total number of cakes:

186 cakes - 75 cakes = 111 cakes

Therefore, the baker would still have 111 cakes. 

#### 111",text
213,Baker made 110 cakes. He sold 75 of them. Then he made 76 more cakes. How many cakes would baker still have?,Paco ate 19 cookies and had 35 cookies left. How many cookies did he have in the beginning?,111,54,"To solve this problem, we need to determine the total number of cookies Paco had in the beginning. We know that Paco ate 19 cookies and had 35 cookies left. 

Let's break it down step by step:

1. Paco ate 19 cookies.
2. Paco had 35 cookies left.

To find the total number of cookies Paco had in the beginning, we need to add the number of cookies he ate to the number of cookies he had left.

Total number of cookies = Number of cookies eaten + Number of cookies left

Total number of cookies = 19 + 35

Total number of cookies = 54

Therefore, Paco had 54 cookies in the beginning.

#### 54",text
214,Paco ate 19 cookies and had 35 cookies left. How many cookies did he have in the beginning?,Dan has $ 4. He had $ 3 left with him after he bought a candy bar. How much did the candy bar cost?,54,1,"To find out how much the candy bar cost, we need to subtract the amount of money Dan had left after buying the candy bar from the total amount of money he had initially. 

Step 1: Identify the initial amount of money Dan had.
Initial amount of money = $4

Step 2: Identify the amount of money Dan had left after buying the candy bar.
Amount of money left = $3

Step 3: Subtract the amount of money left from the initial amount of money to find the cost of the candy bar.
Cost of the candy bar = Initial amount of money - Amount of money left
Cost of the candy bar = $4 - $3

Step 4: Perform the subtraction.
Cost of the candy bar = $1

So, the candy bar cost $1.

#### $1",text
215,Dan has $ 4. He had $ 3 left with him after he bought a candy bar. How much did the candy bar cost?,For the walls of the house he would use 11 nails in all to secure large planks of wood. If each plank needs 3 pieces of nails to be secured and an additional 8 nails were used. How many planks does John need for the house wall?,1,1,"To solve this problem, we need to determine the number of planks John needs for the house wall. Let's break down the information given:

- Total number of nails used: 11
- Number of nails needed per plank: 3
- Additional nails used: 8

First, let's calculate the total number of nails used for the planks:

Total nails for planks = Number of nails per plank * Number of planks

Next, we need to subtract the additional nails used from the total number of nails to find the number of nails used for the planks:

Total nails for planks = Total nails - Additional nails

Now, we can set up the equation:

11 - 8 = 3 * Number of planks

Let's solve for the number of planks:

3 * Number of planks = 3

Number of planks = 3 / 3

Number of planks = 1

Therefore, John needs 1 plank for the house wall.

#### 1",ambiguous
216,For the walls of the house he would use 11 nails in all to secure large planks of wood. If each plank needs 3 pieces of nails to be secured and an additional 8 nails were used. How many planks does John need for the house wall?,Paige raised 16 goldfish and 71 catfish in the pond but stray cats loved eating them. Now she has 2 left. How many goldfish disappeared?,1,14,"Paige had 16 goldfish and 71 catfish, so she had a total of 16 + 71 = 87 fish. Now she has 2 fish left, so 87 - 2 = 85 fish disappeared. Since Paige only had goldfish, all 85 fish that disappeared were goldfish. 

Therefore, the number of goldfish that disappeared is 85. 

#### 85",neither
217,Paige raised 16 goldfish and 71 catfish in the pond but stray cats loved eating them. Now she has 2 left. How many goldfish disappeared?,Baker sold 44 cakes. If he had made 48 cakes initially How many cakes would baker still have?,14,4,"To find out how many cakes the baker would still have, we need to subtract the number of cakes sold from the initial number of cakes. 

Initial number of cakes = 48
Number of cakes sold = 44

Cakes remaining = Initial number of cakes - Number of cakes sold
Cakes remaining = 48 - 44

Cakes remaining = 4

So, the baker would still have 4 cakes. 

#### 4",text
218,Baker sold 44 cakes. If he had made 48 cakes initially How many cakes would baker still have?,The ring toss game at the carnival made 325 dollars in the first 154 days and 114 dollars in the remaining 57 days. How much did they make per day in the remaining 57 days at the carnival?,4,2,"To find out how much they made per day in the remaining 57 days, we need to divide the total earnings in those days by the number of days. 

Total earnings in the remaining 57 days = 114 dollars

Number of days = 57

Earnings per day = Total earnings / Number of days

Earnings per day = 114 dollars / 57 days

Earnings per day = 2 dollars

Therefore, they made 2 dollars per day in the remaining 57 days at the carnival.

#### 2",text
219,The ring toss game at the carnival made 325 dollars in the first 154 days and 114 dollars in the remaining 57 days. How much did they make per day in the remaining 57 days at the carnival?,Rachel had to complete 10 pages of math homework. If she had to complete 3 more pages of reading homework than math homework How many pages did she have to complete in all?,2,23,"Rachel had to complete 10 pages of math homework. She had to complete 3 more pages of reading homework than math homework, so she had to complete 10 + 3 = 13 pages of reading homework. In total, Rachel had to complete 10 + 13 = 23 pages of homework. #### 23",text
220,Rachel had to complete 10 pages of math homework. If she had to complete 3 more pages of reading homework than math homework How many pages did she have to complete in all?,"Being his favorite, he saved checking on the grapevines for his last stop. He was told by 36 of the pickers that they fill 8 drums of grapes per day. How many days will it take to fill 240 drums of grapes?",23,30,"To solve this problem, we need to determine how many days it will take to fill 240 drums of grapes, given that 36 pickers fill 8 drums per day.

Step 1: Calculate the number of drums filled by 36 pickers in one day.
36 pickers * 8 drums = 288 drums

Step 2: Determine how many days it will take to fill 240 drums.
240 drums / 288 drums per day = 0.8333 days

Since we cannot have a fraction of a day, we round up to the nearest whole number.

Therefore, it will take 1 day to fill 240 drums of grapes.

#### 1",neither
221,"Being his favorite, he saved checking on the grapevines for his last stop. He was told by 36 of the pickers that they fill 8 drums of grapes per day. How many days will it take to fill 240 drums of grapes?",Nell collects cards. She had 438 baseball cards and 18 Ace cards. She gave some of her cards to Jeff and now has 55 Ace cards and 178 baseball cards left. How many more baseball cards than Ace cards does Nell have?,30,123,"Nell had 438 baseball cards and 18 Ace cards. She gave some of her cards to Jeff and now has 55 Ace cards and 178 baseball cards left. To find out how many more baseball cards than Ace cards Nell has, we need to subtract the number of Ace cards from the number of baseball cards. 

178 baseball cards - 55 Ace cards = 123 more baseball cards than Ace cards. 

Therefore, Nell has 123 more baseball cards than Ace cards. #### 123",text
222,Nell collects cards. She had 438 baseball cards and 18 Ace cards. She gave some of her cards to Jeff and now has 55 Ace cards and 178 baseball cards left. How many more baseball cards than Ace cards does Nell have?,There were 15 roses in the vase. Jessica threw away 33 roses from the vase and cut some more new roses from her flower garden to put in the vase. There are now 17 roses in the vase. How many more roses did she cut than those she threw away?,123,2,"Step 1: Determine the number of roses Jessica cut from her flower garden.
Initially, there were 15 roses in the vase. Jessica threw away 33 roses, leaving 17 roses in the vase.
Number of roses cut = Initial number of roses + Number of roses thrown away - Number of roses in the vase
Number of roses cut = 15 + 33 - 17
Number of roses cut = 48 - 17
Number of roses cut = 31

Step 2: Calculate the difference between the number of roses cut and the number of roses thrown away.
Difference = Number of roses cut - Number of roses thrown away
Difference = 31 - 33
Difference = -2

Since the difference is negative, Jessica cut 2 fewer roses than she threw away.

#### -2",neither
223,There were 15 roses in the vase. Jessica threw away 33 roses from the vase and cut some more new roses from her flower garden to put in the vase. There are now 17 roses in the vase. How many more roses did she cut than those she threw away?,Dan has $ 4. For a total of $ 3 he bought 10 candy bar each one costing the same amount of money. How much money is left?,2,1,"To solve this problem, we need to determine how much money Dan has left after buying the candy bars.

Step 1: Calculate the cost of each candy bar.
Dan spent $3 on 10 candy bars.
Cost per candy bar = Total cost / Number of candy bars
Cost per candy bar = $3 / 10
Cost per candy bar = $0.30

Step 2: Calculate the total cost of the candy bars.
Total cost of candy bars = Cost per candy bar * Number of candy bars
Total cost of candy bars = $0.30 * 10
Total cost of candy bars = $3

Step 3: Calculate the remaining money.
Remaining money = Initial amount - Total cost of candy bars
Remaining money = $4 - $3
Remaining money = $1

So, Dan has $1 left after buying the candy bars.

#### 1",text
224,Dan has $ 4. For a total of $ 3 he bought 10 candy bar each one costing the same amount of money. How much money is left?,If they are already at 659 feet and the cave is 762 feet deep How much farther until they reach the end of the cave?,1,103,"To find out how much farther they need to go, we subtract the current depth from the total depth of the cave. 

762 feet (total depth) - 659 feet (current depth) = 103 feet

So, they need to go 103 feet farther to reach the end of the cave.

#### 103",text
225,If they are already at 659 feet and the cave is 762 feet deep How much farther until they reach the end of the cave?,Faye was placing her pencils into 14 rows with 11 pencils in each row. How many pencils does she have?,103,154,"To find out how many pencils Faye has, we need to multiply the number of rows by the number of pencils in each row. 

Step 1: Identify the number of rows and the number of pencils in each row.
- Number of rows: 14
- Number of pencils in each row: 11

Step 2: Multiply the number of rows by the number of pencils in each row.
- 14 rows * 11 pencils per row = 154 pencils

Faye has 154 pencils. 

#### 154",text
226,Faye was placing her pencils into 14 rows with 11 pencils in each row. How many pencils does she have?,There were 6 roses and 20 orchids in the vase. Jessica cut some more roses and orchids from her flower garden. There are now 21 orchids and 22 roses in the vase. How many more roses than orchids are there in the vase now?,154,1,"To solve this problem, we need to determine the difference between the number of roses and orchids in the vase now. 

Step 1: Identify the initial number of roses and orchids in the vase.
- Initial number of roses: 6
- Initial number of orchids: 20

Step 2: Identify the current number of roses and orchids in the vase.
- Current number of roses: 22
- Current number of orchids: 21

Step 3: Calculate the difference between the current number of roses and orchids.
- Difference = Current number of roses - Current number of orchids
- Difference = 22 - 21

Step 4: Perform the subtraction.
- Difference = 1

Therefore, there is 1 more rose than orchid in the vase now.

#### 1",text
227,There were 6 roses and 20 orchids in the vase. Jessica cut some more roses and orchids from her flower garden. There are now 21 orchids and 22 roses in the vase. How many more roses than orchids are there in the vase now?,If Lewis earns $ 1357 every week during the 223 weeks of a harvest season. How much money will he earn if he works for 73 harvest seasons?,1,22090603,"To solve this problem, we need to calculate the total amount of money Lewis will earn over 73 harvest seasons. We know that Lewis earns $1357 every week and there are 223 weeks in a harvest season. 

First, let's find out how much money Lewis earns in one harvest season:
$1357 per week * 223 weeks = $301711

Now, let's calculate how much money Lewis will earn in 73 harvest seasons:
$301711 per season * 73 seasons = $22008203

Therefore, Lewis will earn $22008203 if he works for 73 harvest seasons.

#### 22008203",neither
228,If Lewis earns $ 1357 every week during the 223 weeks of a harvest season. How much money will he earn if he works for 73 harvest seasons?,A farmer had 171 tomatoes in his garden. If he picked 134 of them yesterday and 30 today. How many will he have left after today?,22090603,7,"The farmer had 171 tomatoes in his garden. He picked 134 of them yesterday and 30 today. To find out how many tomatoes he will have left after today, we need to subtract the number of tomatoes he picked from the total number of tomatoes he had.

Total tomatoes = 171
Tomatoes picked yesterday = 134
Tomatoes picked today = 30

Tomatoes left = Total tomatoes - Tomatoes picked yesterday - Tomatoes picked today
Tomatoes left = 171 - 134 - 30

Now, let's perform the subtraction:

171 - 134 = 37
37 - 30 = 7

Therefore, the farmer will have 7 tomatoes left after today.

#### 7",text
229,A farmer had 171 tomatoes in his garden. If he picked 134 of them yesterday and 30 today. How many will he have left after today?,Mary is baking a cake. The recipe calls for 11 cups of sugar and 9 cups of flour. She already put in 12 cups of flour and 10 cups of sugar. How many more cups of sugar does she need to add?,7,1,"To solve this problem, we need to determine how many more cups of sugar Mary needs to add to the cake recipe.

1. The recipe calls for 11 cups of sugar.
2. Mary has already added 10 cups of sugar.
3. To find out how many more cups of sugar she needs, we subtract the amount she has already added from the total amount required by the recipe.

Calculation:
11 cups (total sugar required) - 10 cups (sugar already added) = 1 cup

Mary needs to add 1 more cup of sugar.

#### 1",text
230,Mary is baking a cake. The recipe calls for 11 cups of sugar and 9 cups of flour. She already put in 12 cups of flour and 10 cups of sugar. How many more cups of sugar does she need to add?,Winter is almost here and most animals are migrating to warmer countries. There were 89 bird families living near the mountain. If 60 bird families flew away for winter How many more bird families flew away for the winter than those that stayed behind?,1,31,"There were 89 bird families living near the mountain. If 60 bird families flew away for winter, then 89 - 60 = 29 bird families stayed behind. The difference between the number of bird families that flew away and those that stayed behind is 60 - 29 = 31. Therefore, 31 more bird families flew away for the winter than those that stayed behind.

#### 31",text
231,Winter is almost here and most animals are migrating to warmer countries. There were 89 bird families living near the mountain. If 60 bird families flew away for winter How many more bird families flew away for the winter than those that stayed behind?,Dan has $ 4. He bought 99 candy bar for $ 3 each one costing the same amount of money. How much money is left?,31,1,"To solve this problem, we need to determine how much money Dan has left after buying 99 candy bars for $3 each.

Step 1: Calculate the total cost of the candy bars.
- Each candy bar costs $3.
- Dan bought 99 candy bars.
- Total cost = 99 candy bars * $3 per candy bar = $297.

Step 2: Subtract the total cost from the initial amount of money Dan had.
- Dan initially had $4.
- Total cost of candy bars = $297.
- Money left = $4 - $297 = -$293.

Since the result is negative, it means Dan does not have enough money to buy the candy bars. He is short by $293.

#### -293",neither
232,Dan has $ 4. He bought 99 candy bar for $ 3 each one costing the same amount of money. How much money is left?,Last week Fred had 47 dollars and Jason had 99 dollars. Over the weekend Fred delivered newspapers earning 111 dollars and washed cars earning 34 dollars. How much money does Fred have now?,1,192,"Fred earned 111 dollars from delivering newspapers and 34 dollars from washing cars. To find out how much money Fred has now, we need to add these amounts to his initial amount of 47 dollars. 

Fred's total earnings are 111 dollars + 34 dollars = 145 dollars.

Adding this to his initial amount, Fred now has 47 dollars + 145 dollars = 192 dollars.

Therefore, Fred has 192 dollars now. 

#### 192",text
233,Last week Fred had 47 dollars and Jason had 99 dollars. Over the weekend Fred delivered newspapers earning 111 dollars and washed cars earning 34 dollars. How much money does Fred have now?,4 birds and 6 storks were sitting on the fence. 2 more storks came to join them. How many storks are sitting on the fence?,192,8,"There are 6 storks sitting on the fence. 2 more storks came to join them. So, there are 6 + 2 = 8 storks sitting on the fence. #### 8",text
234,4 birds and 6 storks were sitting on the fence. 2 more storks came to join them. How many storks are sitting on the fence?,The school is planning a field trip. The school has 87 classrooms. There are 58 students in the school with each classroom having the same number of students. If there are 2 seats on each school bus. How many buses are needed to take the trip?,8,29,"Step 1: Determine the number of students in each classroom.
Total number of students = 58
Number of classrooms = 87
Number of students per classroom = Total number of students / Number of classrooms
Number of students per classroom = 58 / 87

Step 2: Calculate the number of buses needed.
Number of seats per bus = 2
Number of buses needed = Number of students / Number of seats per bus
Number of buses needed = (58 / 87) / 2

Step 3: Simplify the expression to find the number of buses needed.
Number of buses needed = (58 / 87) / 2 = 58 / (87 * 2) = 58 / 174

Step 4: Round up to the nearest whole number since you can't have a fraction of a bus.
Number of buses needed = ceil(58 / 174) = ceil(0.3333) = 1

Therefore, the number of buses needed is 1.

#### 1",neither
235,The school is planning a field trip. The school has 87 classrooms. There are 58 students in the school with each classroom having the same number of students. If there are 2 seats on each school bus. How many buses are needed to take the trip?,Paul had 95 pens and 153 books. After selling some books and pens in a garage sale he had 13 books and 23 pens left. How many books did he sell in the garage sale?,29,140,"To solve this problem, we need to determine how many books Paul sold in the garage sale. We know that Paul started with 153 books and had 13 books left after the sale. 

Let's calculate the number of books sold:

153 (initial number of books) - 13 (number of books left) = 140 books sold

Therefore, Paul sold 140 books in the garage sale.

#### <answer>140",text
236,Paul had 95 pens and 153 books. After selling some books and pens in a garage sale he had 13 books and 23 pens left. How many books did he sell in the garage sale?,"After making some pies, chef had 2 apples left. Initially he had 43 apples How many apples did he use?",140,41,"To solve this problem, we need to determine how many apples the chef used to make the pies. We know that the chef had 43 apples initially and 2 apples left after making the pies.

Step 1: Identify the initial number of apples.
Initial number of apples = 43

Step 2: Identify the number of apples left after making the pies.
Number of apples left = 2

Step 3: Calculate the number of apples used by subtracting the number of apples left from the initial number of apples.
Number of apples used = Initial number of apples - Number of apples left
Number of apples used = 43 - 2

Step 4: Perform the subtraction.
Number of apples used = 41

The chef used 41 apples to make the pies.

#### 41",text
237,"After making some pies, chef had 2 apples left. Initially he had 43 apples How many apples did he use?",Josh had 19 marbles in his collection. He lost 11 marbles and found 5 new ones. How many marbles does he have now?,41,13,"Step 1: Determine the initial number of marbles Josh had, which is 19.
Step 2: Subtract the number of marbles Josh lost, which is 11, from the initial number of marbles.
Step 3: Add the number of marbles Josh found, which is 5, to the result from Step 2.

Calculation:
19 (initial marbles) - 11 (lost marbles) = 8 (remaining marbles)
8 (remaining marbles) + 5 (found marbles) = 13 (total marbles)

#### 13",text
238,Josh had 19 marbles in his collection. He lost 11 marbles and found 5 new ones. How many marbles does he have now?,Ed had 24 more marbles than Doug. Doug lost 27 of his marbles at the playground while Ed found 9 more marbles. How many more marbles did Ed have than Doug then?,13,60,"Step 1: Determine the initial number of marbles each person had.
- Ed had 24 more marbles than Doug, so if Doug had x marbles, Ed had x + 24 marbles.

Step 2: Calculate the number of marbles Doug had after losing 27 at the playground.
- Doug lost 27 marbles, so he had x - 27 marbles left.

Step 3: Calculate the number of marbles Ed had after finding 9 more marbles.
- Ed found 9 more marbles, so he had (x + 24) + 9 marbles.

Step 4: Set up the equation to find the difference in the number of marbles between Ed and Doug.
- The difference in the number of marbles between Ed and Doug is (x + 24) + 9 - (x - 27).

Step 5: Simplify the equation.
- (x + 24) + 9 - (x - 27) = x + 24 + 9 - x + 27 = 60.

Therefore, Ed had 60 more marbles than Doug. 

#### 60",text
239,Ed had 24 more marbles than Doug. Doug lost 27 of his marbles at the playground while Ed found 9 more marbles. How many more marbles did Ed have than Doug then?,If the cave is 919 feet deep and they need to travel 1307 feet How far is the end of the cave?,60,2226,"To solve this problem, we need to determine the total distance traveled by the group. We know the depth of the cave and the additional distance they need to travel. Let's break it down step by step.

1. The depth of the cave is 919 feet.
2. They need to travel an additional 1307 feet.

To find the total distance, we add the depth of the cave to the additional distance they need to travel:

Total distance = Depth of the cave + Additional distance
Total distance = 919 feet + 1307 feet

Now, let's perform the addition:

Total distance = 919 + 1307
Total distance = 2226 feet

Therefore, the end of the cave is 2226 feet away.

#### 2226",text
240,If the cave is 919 feet deep and they need to travel 1307 feet How far is the end of the cave?,Robin cut off 20 inches of his hair. If his hair is now 10 inches long How long was his hair before he cut?,2226,30,"To solve this problem, we need to determine the length of Robin's hair before he cut it. We know that after cutting 20 inches, his hair is now 10 inches long. 

Let's break it down step by step:

1. Start with the current length of Robin's hair: 10 inches.
2. Add the amount of hair that was cut off: 10 inches + 20 inches = 30 inches.

Therefore, Robin's hair was 30 inches long before he cut it.

#### 30",text
241,Robin cut off 20 inches of his hair. If his hair is now 10 inches long How long was his hair before he cut?,He then went to see the oranges being harvested. He found out that they harvest 44 sacks of ripe oranges and 25 sacks of unripe oranges per day. How many more sacks of ripe oranges than unripe oranges are harvested per day?,30,19,"To find out how many more sacks of ripe oranges than unripe oranges are harvested per day, we need to subtract the number of sacks of unripe oranges from the number of sacks of ripe oranges. 

Number of sacks of ripe oranges = 44
Number of sacks of unripe oranges = 25

More sacks of ripe oranges than unripe oranges = 44 - 25 = 19

Therefore, there are 19 more sacks of ripe oranges than unripe oranges harvested per day.

#### 19",text
242,He then went to see the oranges being harvested. He found out that they harvest 44 sacks of ripe oranges and 25 sacks of unripe oranges per day. How many more sacks of ripe oranges than unripe oranges are harvested per day?,There are 4502 skittles in Steven's skittles collection. Steven also has 4276 erasers. If the skittles and erasers are organized into 154 groups How big is each group?,19,57,"To find the size of each group, we need to divide the total number of items by the number of groups. 

Step 1: Add the number of skittles and erasers together.
4502 skittles + 4276 erasers = 8778 items

Step 2: Divide the total number of items by the number of groups.
8778 items ÷ 154 groups = 57 items per group

So, each group is 57 items. 

#### 57",text
243,There are 4502 skittles in Steven's skittles collection. Steven also has 4276 erasers. If the skittles and erasers are organized into 154 groups How big is each group?,Jake has 6 fewer peaches than Steven. Steven has 18 more peaches than Jill. If jill has 5 peaches How many peaches does Jake have?,57,17,"Jill has 5 peaches. Steven has 18 more peaches than Jill, so Steven has 5 + 18 = 23 peaches.
Jake has 6 fewer peaches than Steven, so Jake has 23 - 6 = 17 peaches.
Therefore, Jake has 17 peaches.

#### 17",text
244,Jake has 6 fewer peaches than Steven. Steven has 18 more peaches than Jill. If jill has 5 peaches How many peaches does Jake have?,36 children were riding on the bus. At the bus stop 68 children got off the bus while some more got on the bus. Then there were 12 children altogether on the bus. How many more children got off the bus than those that got on?,17,24,"First, we need to find out how many children got on the bus. We can do this by subtracting the number of children who were on the bus before the stop from the number of children who were on the bus after the stop. 

12 children (after the stop) - 36 children (before the stop) = -24 children

Since we can't have a negative number of children, we know that 24 children got on the bus.

Next, we need to find out how many children got off the bus. We can do this by subtracting the number of children who were on the bus after the stop from the number of children who were on the bus before the stop. 

36 children (before the stop) - 12 children (after the stop) = 24 children

So, 24 children got off the bus.

Finally, we need to find out how many more children got off the bus than those that got on. We can do this by subtracting the number of children who got on the bus from the number of children who got off the bus. 

24 children (got off) - 24 children (got on) = 0 children

Therefore, 0 more children got off the bus than those that got on.",neither
245,36 children were riding on the bus. At the bus stop 68 children got off the bus while some more got on the bus. Then there were 12 children altogether on the bus. How many more children got off the bus than those that got on?,Because of the decision Sofia asked the students to suggest specific types of food. If 228 students suggested adding mashed potatoes 337 suggested adding bacon to the menu and 23 suggested adding tomatoes How many more students suggested bacon than those that suggested tomatoes?,24,314,"To find out how many more students suggested bacon than those that suggested tomatoes, we need to subtract the number of students who suggested tomatoes from the number of students who suggested bacon. 

So, the calculation is as follows:

Number of students who suggested bacon - Number of students who suggested tomatoes = Difference

337 - 23 = 314

Therefore, 314 more students suggested bacon than those that suggested tomatoes.

#### 314",text
246,Because of the decision Sofia asked the students to suggest specific types of food. If 228 students suggested adding mashed potatoes 337 suggested adding bacon to the menu and 23 suggested adding tomatoes How many more students suggested bacon than those that suggested tomatoes?,He then went to see the oranges being harvested. He found out that they harvested 56 sacks of oranges. How many sacks did they harvest per day if they harvested for a total of 14 days?,314,4,"To find out how many sacks of oranges they harvested per day, we need to divide the total number of sacks by the number of days they harvested. 

Total sacks of oranges = 56
Number of days = 14

Sacks per day = Total sacks / Number of days
Sacks per day = 56 / 14
Sacks per day = 4

Therefore, they harvested 4 sacks of oranges per day. 

#### 4",text
247,He then went to see the oranges being harvested. He found out that they harvested 56 sacks of oranges. How many sacks did they harvest per day if they harvested for a total of 14 days?,Debby bought 88 water bottles and 13 soda bottles when they were on sale. If she drank 4 water bottles and 87 soda bottles a day How many days would the water bottles last?,4,22,"Debby bought 88 water bottles and drank 4 water bottles a day. To find out how many days the water bottles would last, we divide the total number of water bottles by the number of water bottles Debby drinks per day:

88 water bottles / 4 water bottles per day = 22 days

So, the water bottles would last for 22 days.",text
248,Debby bought 88 water bottles and 13 soda bottles when they were on sale. If she drank 4 water bottles and 87 soda bottles a day How many days would the water bottles last?,Jerry had some action figures on a shelf in his room. Later he added 2 more action figures to the shelf and removed 7 of the old ones. If there are 10 action figures on his shelf now How many action figures did he have initially on the shelf?,22,15,"Let's denote the initial number of action figures as x. According to the problem, Jerry added 2 action figures and removed 7 action figures. Therefore, the equation can be set up as follows:

x + 2 - 7 = 10

Simplifying the equation:

x - 5 = 10

To find the initial number of action figures, we need to isolate x:

x = 10 + 5

x = 15

Therefore, Jerry initially had 15 action figures on the shelf.

#### 15",text
249,Jerry had some action figures on a shelf in his room. Later he added 2 more action figures to the shelf and removed 7 of the old ones. If there are 10 action figures on his shelf now How many action figures did he have initially on the shelf?,Mary is baking a cake. The recipe calls for 12 cups of flour 5 cups of sugar and 49 cups of salt. She already put in 11 cups of flour. How many more cups of flour does she need to add?,15,1,"To solve this problem, we need to determine how many more cups of flour Mary needs to add to the cake recipe. The recipe calls for 12 cups of flour, and Mary has already added 11 cups. 

Step-by-step solution:

1. Identify the total amount of flour needed: 12 cups.
2. Identify the amount of flour already added: 11 cups.
3. Subtract the amount of flour already added from the total amount needed: 12 cups - 11 cups = 1 cup.

Therefore, Mary needs to add 1 more cup of flour.

#### 1",text
250,Mary is baking a cake. The recipe calls for 12 cups of flour 5 cups of sugar and 49 cups of salt. She already put in 11 cups of flour. How many more cups of flour does she need to add?,Jake has 8 fewer peaches and 10 more apples than Steven. Steven has 11 apples and 18 peaches. How many more peaches than apples does Steven have?,1,7,"To solve this problem, we need to determine the difference between the number of peaches and apples that Steven has.

1. First, let's find out how many peaches Jake has. We know that Jake has 8 fewer peaches than Steven. Since Steven has 18 peaches, we subtract 8 from 18:
   18 - 8 = 10
   So, Jake has 10 peaches.

2. Next, let's find out how many apples Jake has. We know that Jake has 10 more apples than Steven. Since Steven has 11 apples, we add 10 to 11:
   11 + 10 = 21
   So, Jake has 21 apples.

3. Now, we need to find out how many more peaches than apples Steven has. We subtract the number of apples Steven has from the number of peaches Steven has:
   18 - 11 = 7
   So, Steven has 7 more peaches than apples.

Therefore, Steven has 7 more peaches than apples.

#### 7",text
251,Jake has 8 fewer peaches and 10 more apples than Steven. Steven has 11 apples and 18 peaches. How many more peaches than apples does Steven have?,Mary is baking a cake. The recipe calls for 3 cups of sugar and 10 cups of flour. She already put in some cups of flour. If she still needs 5 more cups of flour than sugar How many cups of flour did she put in?,7,2,"Let's denote the number of cups of flour Mary already put in as x. According to the problem, she still needs 5 more cups of flour than sugar. Since the recipe calls for 3 cups of sugar, she needs 3 + 5 = 8 cups of flour. 

The total amount of flour needed is 10 cups, so we can set up the equation:

x + 8 = 10

To find the value of x, we subtract 8 from both sides of the equation:

x = 10 - 8

x = 2

Therefore, Mary already put in 2 cups of flour.

#### 2",text
252,Mary is baking a cake. The recipe calls for 3 cups of sugar and 10 cups of flour. She already put in some cups of flour. If she still needs 5 more cups of flour than sugar How many cups of flour did she put in?,If each pack costs 81 dollars How much will it cost to buy 33 packs of dvds?,2,2673,"To find the total cost of buying 33 packs of DVDs, we need to multiply the cost of one pack by the number of packs. 

Step 1: Identify the cost of one pack of DVDs.
- The cost of one pack of DVDs is 81 dollars.

Step 2: Identify the number of packs to be bought.
- The number of packs to be bought is 33.

Step 3: Multiply the cost of one pack by the number of packs.
- 81 dollars * 33 packs = 2673 dollars

Therefore, it will cost 2673 dollars to buy 33 packs of DVDs.

#### 2673",text
253,If each pack costs 81 dollars How much will it cost to buy 33 packs of dvds?,A mailman has to give 4 pieces of junk mail to each house in each of the 16 blocks. If there are 17 houses in each block How many pieces of junk mail should he give in total?,2673,1088,"To solve this problem, we need to determine the total number of pieces of junk mail the mailman should give. We can break this down into steps:

1. Calculate the number of houses in each block: 17 houses
2. Calculate the number of pieces of junk mail for each block: 4 pieces of junk mail
3. Multiply the number of houses in each block by the number of pieces of junk mail for each block to find the total number of pieces of junk mail for each block: 17 houses * 4 pieces of junk mail = 68 pieces of junk mail
4. Multiply the total number of pieces of junk mail for each block by the number of blocks to find the total number of pieces of junk mail: 68 pieces of junk mail * 16 blocks = 1088 pieces of junk mail

Therefore, the mailman should give a total of 1088 pieces of junk mail.

#### 1088",text
254,A mailman has to give 4 pieces of junk mail to each house in each of the 16 blocks. If there are 17 houses in each block How many pieces of junk mail should he give in total?,David did 56 more push-ups than Zachary in gym class today. If David did 38 push-ups How many push-ups did Zachary and David do altogether?,1088,20,"David did 38 push-ups. Since David did 56 more push-ups than Zachary, Zachary did 38 - 56 = -18 push-ups. However, since the number of push-ups cannot be negative, we assume that Zachary did 0 push-ups. Therefore, Zachary and David did 38 + 0 = 38 push-ups altogether. #### 38",neither
255,David did 56 more push-ups than Zachary in gym class today. If David did 38 push-ups How many push-ups did Zachary and David do altogether?,Brenda's mother made 14 cookies for 2 guests. If each of them had the same number of cookies How many did each of them have?,20,7,"To solve this problem, we need to determine how many cookies each guest received. We know that Brenda's mother made 14 cookies for 2 guests. 

Let's break it down step by step:

1. Determine the total number of cookies: 14 cookies.
2. Determine the number of guests: 2 guests.
3. Divide the total number of cookies by the number of guests to find out how many cookies each guest received.

Calculation:
14 cookies ÷ 2 guests = 7 cookies per guest

Therefore, each guest received 7 cookies.

#### 7",text
256,Brenda's mother made 14 cookies for 2 guests. If each of them had the same number of cookies How many did each of them have?,Mary is baking a cake. The recipe calls for 6 cups of flour 8 cups of sugar and 7 cups of salt. She already put in 5 cups of flour. How many more cups of sugar than cups of salt does she need to add now?,7,1,"First, we need to find out how many more cups of flour Mary needs to add. The recipe calls for 6 cups of flour, and she already has 5 cups. So, she needs 6 - 5 = 1 more cup of flour.

Next, we need to find out how many cups of sugar and salt Mary needs to add. The recipe calls for 8 cups of sugar and 7 cups of salt. Since she needs 1 more cup of flour, she will need 8 cups of sugar and 7 cups of salt.

To find out how many more cups of sugar than cups of salt Mary needs to add, we subtract the number of cups of salt from the number of cups of sugar. So, 8 cups of sugar - 7 cups of salt = 1 more cup of sugar than cups of salt.

Therefore, Mary needs to add 1 more cup of sugar than cups of salt.

#### 1",text
257,Mary is baking a cake. The recipe calls for 6 cups of flour 8 cups of sugar and 7 cups of salt. She already put in 5 cups of flour. How many more cups of sugar than cups of salt does she need to add now?,Jake has 12 fewer peaches and 79 more apples than Steven. Steven has 19 peaches and 14 apples. How many peaches does Jake have?,1,7,"To solve this problem, we need to determine the number of peaches Jake has. We know that Jake has 12 fewer peaches than Steven, who has 19 peaches. 

Let's break it down step by step:

1. Steven has 19 peaches.
2. Jake has 12 fewer peaches than Steven.

To find the number of peaches Jake has, we subtract 12 from Steven's peaches:

19 peaches (Steven) - 12 peaches = 7 peaches (Jake)

Therefore, Jake has 7 peaches.

#### 7",text
258,Jake has 12 fewer peaches and 79 more apples than Steven. Steven has 19 peaches and 14 apples. How many peaches does Jake have?,Julia played tag with 12 kids on monday. She played tag with 14 kids on tuesday. She spent a total of 34 hours to play tag on both days. How many kids did she play with altogether?,7,26,"Step 1: Determine the total number of kids Julia played with on both days.
- On Monday, Julia played with 12 kids.
- On Tuesday, Julia played with 14 kids.

Total number of kids = 12 + 14 = 26

Step 2: Verify the total number of hours spent playing tag.
- Julia spent a total of 34 hours playing tag on both days.

Since the problem statement does not provide any information about the time spent with each kid, we cannot verify the total number of hours spent playing tag. However, we can confirm that Julia played with 26 kids altogether.

#### 26",text
259,Julia played tag with 12 kids on monday. She played tag with 14 kids on tuesday. She spent a total of 34 hours to play tag on both days. How many kids did she play with altogether?,Edward had $ 13. He spent some money. Now he has $ 3. How much money did Edward spend?,26,10,"To find out how much money Edward spent, we need to subtract the amount he has now from the amount he had originally. 

Step 1: Identify the original amount and the current amount.
- Original amount: $13
- Current amount: $3

Step 2: Subtract the current amount from the original amount.
- $13 - $3 = $10

Edward spent $10.

#### 10",text
260,Edward had $ 13. He spent some money. Now he has $ 3. How much money did Edward spend?,Dan has $ 2. He bought some candy bar for $ 6 each one costing $ 3. How many candy bar did he buy?,10,2,"To solve this problem, we need to determine how many candy bars Dan can buy with $2, given that each candy bar costs $3.

Step 1: Identify the cost of one candy bar.
- The cost of one candy bar is $3.

Step 2: Determine the total amount of money Dan has.
- Dan has $2.

Step 3: Calculate how many candy bars Dan can buy.
- To find out how many candy bars Dan can buy, we divide the total amount of money he has by the cost of one candy bar.
- $2 ÷ $3 = 0.6667 (rounded to four decimal places)

Step 4: Round down to the nearest whole number.
- Since Dan cannot buy a fraction of a candy bar, we round down to the nearest whole number.
- 0.6667 rounds down to 0.

Therefore, Dan cannot buy any candy bars with $2.

#### 0",neither
261,Dan has $ 2. He bought some candy bar for $ 6 each one costing $ 3. How many candy bar did he buy?,Danny has 12 bottle caps in his collection. He found 53 bottle caps at the park. How many bottle caps does he have now?,2,65,"To solve this problem, we need to determine the total number of bottle caps Danny has after finding more at the park. Danny initially has 12 bottle caps. He found 53 more bottle caps at the park. To find the total number of bottle caps, we add the initial number of bottle caps to the number of bottle caps found at the park.

Let's break it down step by step:

1. Initial number of bottle caps: 12
2. Number of bottle caps found at the park: 53

Total number of bottle caps = Initial number of bottle caps + Number of bottle caps found at the park
Total number of bottle caps = 12 + 53

Now, let's perform the addition:

12 + 53 = 65

Therefore, Danny now has 65 bottle caps.

#### 65",text
262,Danny has 12 bottle caps in his collection. He found 53 bottle caps at the park. How many bottle caps does he have now?,Paul sold some books in a garage sale leaving him with 27 books. If he had 136 books initially How many books did he sell?,65,109,"To find out how many books Paul sold, we need to subtract the number of books he has left from the number of books he initially had. 

Initially, Paul had 136 books. After the garage sale, he has 27 books left. 

So, the number of books Paul sold is 136 - 27 = 109 books. 

Therefore, Paul sold 109 books. 

#### 109",text
263,Paul sold some books in a garage sale leaving him with 27 books. If he had 136 books initially How many books did he sell?,Jack received 4 emails in the morning and some more in the afternoon. If he received a total of 5 emails in the day How many emails did Jack receive in the afternoon?,109,1,"To solve this problem, we need to determine how many emails Jack received in the afternoon. We know that Jack received 4 emails in the morning and a total of 5 emails in the day.

Step 1: Subtract the number of emails received in the morning from the total number of emails received in the day.
5 emails (total) - 4 emails (morning) = 1 email

Therefore, Jack received 1 email in the afternoon.

#### 1",text
264,Jack received 4 emails in the morning and some more in the afternoon. If he received a total of 5 emails in the day How many emails did Jack receive in the afternoon?,Lewis earns a total of $ 1216 during the harvest. If he earns $ 16 each week How many weeks did the harvest last?,1,76,"To find out how many weeks the harvest lasted, we need to divide the total earnings by the weekly earnings. 

Total earnings = $1216
Weekly earnings = $16

Number of weeks = Total earnings / Weekly earnings
Number of weeks = $1216 / $16

Number of weeks = 76

Therefore, the harvest lasted for 76 weeks. 

#### 76",text
265,Lewis earns a total of $ 1216 during the harvest. If he earns $ 16 each week How many weeks did the harvest last?,Frank was reading through some books. Each book had 249 pages and it took Frank 3 days to finish each book. How many pages did he read per day?,76,83,"To find out how many pages Frank read per day, we need to divide the total number of pages by the number of days it took him to finish each book. 

Step 1: Calculate the total number of pages Frank read in 3 days.
Total pages = 249 pages/book * 3 books = 747 pages

Step 2: Divide the total number of pages by the number of days.
Pages per day = 747 pages / 3 days = 249 pages/day

Therefore, Frank read 249 pages per day. 

#### 249",neither
266,Frank was reading through some books. Each book had 249 pages and it took Frank 3 days to finish each book. How many pages did he read per day?,They decided to hold the party in their backyard. If they have 11 sets of tables and each set has 13 chairs How many chairs do they have in the backyard?,83,143,"To solve this problem, we need to find out how many chairs are in the backyard. We know that there are 11 sets of tables and each set has 13 chairs. 

Let's break it down step by step:

1. First, we need to find out how many chairs are in one set of tables. Since each set has 13 chairs, we have:
   1 set of tables = 13 chairs

2. Next, we need to find out how many chairs are in 11 sets of tables. To do this, we multiply the number of chairs in one set by the number of sets:
   11 sets of tables * 13 chairs/set = 143 chairs

So, there are 143 chairs in the backyard.

#### 143",text
267,They decided to hold the party in their backyard. If they have 11 sets of tables and each set has 13 chairs How many chairs do they have in the backyard?,Brenda's mother made cookies for 10 guests but 9 guests did not come. If she prepared 18 cookies and each guest had the same number of cookies How many did each of them have?,143,18,"Brenda's mother made cookies for 10 guests but 9 guests did not come. So, the number of guests who actually came is 10 - 9 = 1 guest.

If she prepared 18 cookies and each guest had the same number of cookies, then each guest had 18 cookies / 1 guest = 18 cookies.

Therefore, each of them had 18 cookies.

#### 18",text
268,Brenda's mother made cookies for 10 guests but 9 guests did not come. If she prepared 18 cookies and each guest had the same number of cookies How many did each of them have?,Rebecca wants to split a collection of eggs into groups of 3. Rebecca has 99 bananas 9 eggs and 27 marbles. How many groups will be created?,18,3,"To solve this problem, we need to determine how many groups of 3 eggs can be created from the 9 eggs Rebecca has.

Step 1: Identify the number of eggs Rebecca has.
Rebecca has 9 eggs.

Step 2: Determine the number of groups of 3 eggs that can be created from the 9 eggs.
To find the number of groups, we divide the total number of eggs by the number of eggs per group:
9 eggs ÷ 3 eggs per group = 3 groups

Therefore, Rebecca can create 3 groups of 3 eggs each.

#### 3",text
269,Rebecca wants to split a collection of eggs into groups of 3. Rebecca has 99 bananas 9 eggs and 27 marbles. How many groups will be created?,Ed had 29 more marbles than Doug. Ed lost 17 of his marbles at the playground. How many more marbles did Ed have than Doug then?,3,12,"Ed had 29 more marbles than Doug, so if Doug had x marbles, Ed had x + 29 marbles. After Ed lost 17 marbles, he had x + 29 - 17 marbles. The difference between the number of marbles Ed had and the number of marbles Doug had is x + 29 - 17 - x = 12 marbles. Therefore, Ed had 12 more marbles than Doug. #### 12",text
270,Ed had 29 more marbles than Doug. Ed lost 17 of his marbles at the playground. How many more marbles did Ed have than Doug then?,There are 6 houses on a block. If a mailman has to give 24 pieces of junk mail to each block How many pieces of junk mail should he give in each house?,12,4,"To solve this problem, we need to determine how many pieces of junk mail the mailman should give to each house on the block. We know that there are 6 houses on the block and the mailman has to give 24 pieces of junk mail to each block.

First, let's find out how many pieces of junk mail the mailman gives to the entire block:
24 pieces of junk mail

Next, we need to divide this total by the number of houses on the block to find out how many pieces of junk mail each house should receive:
24 pieces of junk mail ÷ 6 houses = 4 pieces of junk mail per house

Therefore, the mailman should give 4 pieces of junk mail to each house.

#### 4",text
271,There are 6 houses on a block. If a mailman has to give 24 pieces of junk mail to each block How many pieces of junk mail should he give in each house?,Zachary did 59 push-ups and 44 crunches in gym class today. David did 19 more push-ups but 27 less crunches than zachary. How many push-ups did David do?,4,78,"Zachary did 59 push-ups. David did 19 more push-ups than Zachary, so David did 59 + 19 = 78 push-ups. #### 78",text
272,Zachary did 59 push-ups and 44 crunches in gym class today. David did 19 more push-ups but 27 less crunches than zachary. How many push-ups did David do?,Emily is making bead necklaces for her friends. Each necklace takes 8 beads and she has 16 beads. How many necklaces can Emily make?,78,2,"To solve this problem, we need to determine how many necklaces Emily can make with the beads she has. We know that each necklace requires 8 beads and Emily has 16 beads. 

Step 1: Divide the total number of beads by the number of beads required for each necklace.
16 beads / 8 beads per necklace = 2 necklaces

So, Emily can make 2 necklaces with the beads she has. 

#### 2",text
273,Emily is making bead necklaces for her friends. Each necklace takes 8 beads and she has 16 beads. How many necklaces can Emily make?,Jesse's rooms are 19 feet long and 18 feet wide. If she has 20 rooms in all How much carpet does she need to cover the floors of all rooms?,2,6840,"First, we need to find the area of one room. The area of a rectangle is length times width, so the area of one room is 19 feet * 18 feet = 342 square feet.

Next, we need to find the total area of all 20 rooms. We do this by multiplying the area of one room by the number of rooms, so 342 square feet * 20 rooms = 6840 square feet.

Therefore, Jesse needs 6840 square feet of carpet to cover the floors of all 20 rooms.

#### 6840",text
274,Jesse's rooms are 19 feet long and 18 feet wide. If she has 20 rooms in all How much carpet does she need to cover the floors of all rooms?,Next on his checklist is wax to stick the feathers together. If the feathers require 166 g of wax and right now he has 20 g How many more grams of wax does he need?,6840,146,"To solve this problem, we need to find out how many more grams of wax the person needs to stick the feathers together. We know the feathers require 166 g of wax and the person currently has 20 g. 

Step 1: Subtract the amount of wax the person already has from the total amount required.
166 g (total required) - 20 g (already has) = 146 g

The person needs 146 more grams of wax to stick the feathers together.

#### 146",text
275,Next on his checklist is wax to stick the feathers together. If the feathers require 166 g of wax and right now he has 20 g How many more grams of wax does he need?,15 campers went rowing in the morning. Some more campers went rowing in the afternoon. If a total of 32 campers went rowing that day How many campers went rowing in the afternoon?,146,17,"To solve this problem, we need to determine the number of campers who went rowing in the afternoon. We know that 15 campers went rowing in the morning and the total number of campers who went rowing that day is 32.

Let's break down the information given:
Number of campers who went rowing in the morning: 15
Total number of campers who went rowing that day: 32

We can set up the equation as follows:
Number of campers who went rowing in the morning + Number of campers who went rowing in the afternoon = Total number of campers who went rowing that day

15 + Number of campers who went rowing in the afternoon = 32

To find the number of campers who went rowing in the afternoon, we subtract the number of campers who went rowing in the morning from the total number of campers who went rowing that day:

Number of campers who went rowing in the afternoon = 32 - 15

Number of campers who went rowing in the afternoon = 17

Therefore, the number of campers who went rowing in the afternoon is 17.

#### 17",text
276,15 campers went rowing in the morning. Some more campers went rowing in the afternoon. If a total of 32 campers went rowing that day How many campers went rowing in the afternoon?,We ordered some pizzas. Each pizza has 2 slices. If there were a total of 28 slices How many pizzas did we order?,17,14,"To solve this problem, we need to determine the number of pizzas ordered based on the total number of slices. Each pizza has 2 slices, and there are 28 slices in total.

Step 1: Divide the total number of slices by the number of slices per pizza.
28 slices / 2 slices per pizza = 14 pizzas

Therefore, we ordered 14 pizzas.

#### 14",text
277,We ordered some pizzas. Each pizza has 2 slices. If there were a total of 28 slices How many pizzas did we order?,Paul got a box of 521 crayons and 66 erasers for his birthday. At the end of the school year he only had 154 left while not having lost a single erasers. How many crayons had been lost or given away?,14,367,"Step 1: Determine the total number of crayons and erasers Paul initially had.
Initial crayons = 521
Initial erasers = 66

Step 2: Determine the number of crayons and erasers Paul had left at the end of the school year.
Crayons left = 154
Erasers left = 66

Step 3: Calculate the number of crayons that were lost or given away.
Crayons lost or given away = Initial crayons - Crayons left
Crayons lost or given away = 521 - 154
Crayons lost or given away = 367

#### 367",text
278,Paul got a box of 521 crayons and 66 erasers for his birthday. At the end of the school year he only had 154 left while not having lost a single erasers. How many crayons had been lost or given away?,41 children were riding on the bus. At the bus stop some children got off the bus. Then there were 18 children left on the bus. How many more children were on the bus before the bus stop than there are now?,367,23,"To find out how many more children were on the bus before the bus stop than there are now, we need to subtract the number of children left on the bus from the number of children who were on the bus before the bus stop.

Number of children on the bus before the bus stop: 41
Number of children left on the bus: 18

41 - 18 = 23

So, there were 23 more children on the bus before the bus stop than there are now.

#### 23",text
279,41 children were riding on the bus. At the bus stop some children got off the bus. Then there were 18 children left on the bus. How many more children were on the bus before the bus stop than there are now?,Tiffany was collecting cans for recycling. On monday she had 7 bags of cans. The next day she found 12 more bags worth of cans. How many more bags did she find on the next day than she had on monday?,23,5,"On Monday, Tiffany had 7 bags of cans.
The next day, she found 12 more bags worth of cans.
To find out how many more bags she found on the next day than she had on Monday, we subtract the number of bags she had on Monday from the number of bags she found on the next day.
12 - 7 = 5
Therefore, Tiffany found 5 more bags on the next day than she had on Monday.
#### 5",text
280,Tiffany was collecting cans for recycling. On monday she had 7 bags of cans. The next day she found 12 more bags worth of cans. How many more bags did she find on the next day than she had on monday?,Edward had $ 18. He spent $ 16. How much money does Edward have now?,5,2,"To solve this problem, we need to find out how much money Edward has left after spending $16 from his initial $18.

Step 1: Identify the initial amount of money Edward had.
Initial amount = $18

Step 2: Identify the amount of money Edward spent.
Amount spent = $16

Step 3: Subtract the amount spent from the initial amount to find the remaining amount.
Remaining amount = Initial amount - Amount spent
Remaining amount = $18 - $16

Step 4: Perform the subtraction.
Remaining amount = $2

So, Edward has $2 left.

#### 2",text
281,Edward had $ 18. He spent $ 16. How much money does Edward have now?,Lawrence county has 898051 kids. During summer break 629424 kids go to camp and the rest stay home. How many kids stay home?,2,268627,"To find out how many kids stay home, we need to subtract the number of kids who go to camp from the total number of kids in Lawrence county. 

Total number of kids = 898051
Number of kids who go to camp = 629424

Number of kids who stay home = Total number of kids - Number of kids who go to camp
Number of kids who stay home = 898051 - 629424

Number of kids who stay home = 268627

#### 268627",text
282,Lawrence county has 898051 kids. During summer break 629424 kids go to camp and the rest stay home. How many kids stay home?,There were 16 roses and 3 orchids in the vase. Jessica cut some more roses and orchids from her flower garden. There are now 7 orchids and 13 roses in the vase. How many orchids did she cut?,268627,4,"To solve this problem, we need to determine how many orchids Jessica cut from the vase. Let's break down the information given:

Initial number of roses: 16
Initial number of orchids: 3
Final number of roses: 13
Final number of orchids: 7

We can set up the following equations to represent the changes in the number of flowers:

1. Initial number of roses - Number of roses cut = Final number of roses
2. Initial number of orchids - Number of orchids cut = Final number of orchids

Let's solve these equations step by step.

1. 16 - Number of roses cut = 13
   Number of roses cut = 16 - 13
   Number of roses cut = 3

2. 3 - Number of orchids cut = 7
   Number of orchids cut = 3 - 7
   Number of orchids cut = -4

However, since we cannot have a negative number of orchids cut, we need to re-evaluate the problem. The correct interpretation should be:

Initial number of orchids - Number of orchids cut = Final number of orchids
3 - Number of orchids cut = 7
Number of",neither
283,There were 16 roses and 3 orchids in the vase. Jessica cut some more roses and orchids from her flower garden. There are now 7 orchids and 13 roses in the vase. How many orchids did she cut?,In a school there are 635 girls and the rest are boys. If there are 510 more boys than girls How many boys are there in that school?,4,1145,"To solve this problem, we need to determine the number of boys in the school. Let's break it down step by step.

1. We know that there are 635 girls in the school.
2. We also know that there are 510 more boys than girls.

To find the number of boys, we can use the following equation:

Number of boys = Number of girls + 510

Substituting the given values:

Number of boys = 635 + 510

Now, let's perform the addition:

Number of boys = 1145

Therefore, there are 1145 boys in the school.

#### 1145",text
284,In a school there are 635 girls and the rest are boys. If there are 510 more boys than girls How many boys are there in that school?,Danny collects bottle caps and wrappers. He found 30 bottle caps and 14 wrappers at the park. Now he has 7 bottle caps and 86 wrappers in his collection. How many more bottle caps than wrappers did danny find at the park?,1145,16,"Danny found 30 bottle caps and 14 wrappers at the park. 
He now has 7 bottle caps and 86 wrappers in his collection. 
To find out how many more bottle caps than wrappers Danny found at the park, we subtract the number of wrappers from the number of bottle caps. 
30 - 14 = 16 
Therefore, Danny found 16 more bottle caps than wrappers at the park. 
#### 16",text
285,Danny collects bottle caps and wrappers. He found 30 bottle caps and 14 wrappers at the park. Now he has 7 bottle caps and 86 wrappers in his collection. How many more bottle caps than wrappers did danny find at the park?,There were 174 parents in the program and 521 pupils too. How many more pupils were present compared to parents in the program?,16,347,"To find out how many more pupils were present compared to parents in the program, we need to subtract the number of parents from the number of pupils.

Step 1: Identify the number of parents and pupils.
- Number of parents: 174
- Number of pupils: 521

Step 2: Subtract the number of parents from the number of pupils.
- 521 (pupils) - 174 (parents) = 347

So, there were 347 more pupils present compared to parents in the program.

#### 347",text
286,There were 174 parents in the program and 521 pupils too. How many more pupils were present compared to parents in the program?,Matthew gave 6 crackers to each his friends. If he had 36 crackers How many friends did he give crackers to?,347,6,"To solve this problem, we need to determine how many friends Matthew gave crackers to. We know that Matthew gave 6 crackers to each friend and he had 36 crackers in total.

Let's break down the information given:
- Number of crackers per friend: 6
- Total number of crackers: 36

We can set up the equation as follows:
Number of crackers per friend * Number of friends = Total number of crackers

6 * Number of friends = 36

To find the number of friends, we divide both sides of the equation by 6:

Number of friends = 36 / 6

Number of friends = 6

Therefore, Matthew gave crackers to 6 friends.

#### 6",text
287,Matthew gave 6 crackers to each his friends. If he had 36 crackers How many friends did he give crackers to?,There are 20 different books in the ' crazy silly school ' series. If you are yet to read 5 of the books How many books have you already read?,6,15,"To solve this problem, we need to determine how many books have been read out of the total number of books in the series. We know that there are 20 books in the series and 5 books have not been read yet.

Step 1: Subtract the number of books that have not been read from the total number of books.
20 books (total) - 5 books (not read) = 15 books (read)

So, you have already read 15 books.

#### 15",text
288,There are 20 different books in the ' crazy silly school ' series. If you are yet to read 5 of the books How many books have you already read?,"The grasshopper, the frog and the mouse had a jumping contest. The grasshopper jumped 24 inches. The frog jumped 33 inches farther than the grasshopper and the mouse jumped 5 inches lesser than the frog. How much farther did the mouse jump than the grasshopper?",15,28,The frog jumped 24 + 33 = 57 inches. The mouse jumped 57 - 5 = 52 inches. The mouse jumped 52 - 24 = 28 inches farther than the grasshopper. #### 28,text
289,"The grasshopper, the frog and the mouse had a jumping contest. The grasshopper jumped 24 inches. The frog jumped 33 inches farther than the grasshopper and the mouse jumped 5 inches lesser than the frog. How much farther did the mouse jump than the grasshopper?",Haley grew 13 trees in her backyard. After a typhoon 6 died. How many more trees survived the typhoon than those that died?,28,1,"Haley grew 13 trees in her backyard. After a typhoon, 6 died. 

To find out how many more trees survived the typhoon than those that died, we need to subtract the number of trees that died from the total number of trees. 

13 trees - 6 trees = 7 trees

So, 7 more trees survived the typhoon than those that died. 

#### 7",neither
290,Haley grew 13 trees in her backyard. After a typhoon 6 died. How many more trees survived the typhoon than those that died?,There are 8 different books and 10 different movies in the ' crazy silly school ' series. If you read 19 of the books and watched 61 of the movies How many more movies than books are there in the ' crazy silly school ' series?,1,2,"To solve this problem, we need to determine the difference between the number of movies and books in the 'crazy silly school' series.

Step 1: Identify the number of books and movies.
- Number of books: 8
- Number of movies: 10

Step 2: Identify the number of books and movies that have been read or watched.
- Number of books read: 19
- Number of movies watched: 61

Step 3: Calculate the difference between the number of movies and books in the series.
- Difference = Number of movies - Number of books
- Difference = 10 - 8

Step 4: Simplify the difference.
- Difference = 2

Therefore, there are 2 more movies than books in the 'crazy silly school' series.

#### 2",text
291,There are 8 different books and 10 different movies in the ' crazy silly school ' series. If you read 19 of the books and watched 61 of the movies How many more movies than books are there in the ' crazy silly school ' series?,Faye was placing her pencils into rows with 22 pencils in each row. She had 6 packs of pencils each one having 14 pencils. How many pencils does she have?,2,84,"First, we need to find out how many pencils Faye has in total. We know that she has 6 packs of pencils, and each pack has 14 pencils. So, we multiply the number of packs by the number of pencils in each pack:

6 packs * 14 pencils = 84 pencils

Now, we know that Faye has 84 pencils in total. Next, we need to find out how many rows she can make with these pencils. We know that each row has 22 pencils. So, we divide the total number of pencils by the number of pencils in each row:

84 pencils / 22 pencils = 3 rows

Therefore, Faye can make 3 rows of pencils. 

#### 3",neither
292,Faye was placing her pencils into rows with 22 pencils in each row. She had 6 packs of pencils each one having 14 pencils. How many pencils does she have?,White t - shirts can be purchased in packages. If mom buys 66 white t - shirts where each package has 3 white t - shirts. How many packages will she have?,84,22,"To find out how many packages of white t-shirts mom will have, we need to divide the total number of white t-shirts by the number of white t-shirts in each package.

Total number of white t-shirts = 66
Number of white t-shirts in each package = 3

We can set up the division as follows:

66 ÷ 3 = 22

Therefore, mom will have 22 packages of white t-shirts.

#### 22",text
293,White t - shirts can be purchased in packages. If mom buys 66 white t - shirts where each package has 3 white t - shirts. How many packages will she have?,Mary is baking a cake. The recipe calls for 5 cups of sugar and 13 cups of flour. She already put in some cups of flour. If she still needs 12 more cups of flour How many cups of flour did she put in?,22,1,"The problem states that Mary needs 13 cups of flour for the cake and she still needs 12 more cups. To find out how many cups of flour she has already put in, we can subtract the number of cups she still needs from the total number of cups required.

So, the calculation is as follows:
13 cups (total cups of flour needed) - 12 cups (cups of flour she still needs) = 1 cup

Therefore, Mary has already put in 1 cup of flour.

#### 1",text
294,Mary is baking a cake. The recipe calls for 5 cups of sugar and 13 cups of flour. She already put in some cups of flour. If she still needs 12 more cups of flour How many cups of flour did she put in?,"7 red peaches, 15 yellow peaches and 8 green peaches are in the basket. How many peaches are in the basket?",1,30,"To find the total number of peaches in the basket, we need to add the number of each color of peaches together. 

1. Start with the number of red peaches: 7
2. Add the number of yellow peaches: 7 + 15 = 22
3. Add the number of green peaches: 22 + 8 = 30

Therefore, there are 30 peaches in the basket.

#### 30",text
295,"7 red peaches, 15 yellow peaches and 8 green peaches are in the basket. How many peaches are in the basket?",Jack received 3 emails and 64 letters in the morning. He then received 5 emails and 54 letters in the afternoon. How many emails did jack receive in the day?,30,8,"To solve this problem, we need to determine the total number of emails Jack received in the day. We can do this by adding the number of emails he received in the morning and the number of emails he received in the afternoon.

Morning emails: 3
Afternoon emails: 5

Total emails = Morning emails + Afternoon emails
Total emails = 3 + 5

Total emails = 8

Therefore, Jack received 8 emails in the day.

#### 8",text
296,Jack received 3 emails and 64 letters in the morning. He then received 5 emails and 54 letters in the afternoon. How many emails did jack receive in the day?,Ed had 2 more marbles than Doug. Doug lost some of his marbles at the playground. Now Ed has 19 more marbles than doug. How many marbles did Doug lose?,8,17,"Let's denote the number of marbles Doug has now as D and the number of marbles Ed has now as E. We know that E = D + 19. We also know that initially, Ed had 2 more marbles than Doug, so E = D + 2. 

We can set up the following equations:

1) E = D + 19
2) E = D + 2

Substituting equation 2 into equation 1, we get:

D + 2 = D + 19

Subtracting D from both sides, we get:

2 = 19

This is a contradiction, so there must be an error in the problem statement. Please check the problem statement for accuracy.",neither
297,Ed had 2 more marbles than Doug. Doug lost some of his marbles at the playground. Now Ed has 19 more marbles than doug. How many marbles did Doug lose?,Dan has $ 3 left with him after he bought a candy bar for $ 2. How much money did he have initially?,17,5,"To solve this problem, we need to determine how much money Dan had initially before he bought a candy bar. We know that after buying the candy bar, he had $3 left. 

Let's break it down step by step:

1. Dan had $3 left after buying the candy bar.
2. The cost of the candy bar was $2.

To find out how much money Dan had initially, we need to add the cost of the candy bar to the amount he had left after buying it.

Initial amount = Amount left + Cost of candy bar
Initial amount = $3 + $2

Now, let's perform the addition:

Initial amount = $3 + $2 = $5

Therefore, Dan initially had $5.

#### 5",text
298,Dan has $ 3 left with him after he bought a candy bar for $ 2. How much money did he have initially?,Jake has 13 fewer peaches and 3 more apples than Steven. Steven has 9 peaches and 8 apples. How many apples does Jake have?,5,11,"To solve this problem, we need to determine how many apples Jake has. We know that Jake has 3 more apples than Steven. Steven has 8 apples. 

Let's break it down step by step:

1. Steven has 8 apples.
2. Jake has 3 more apples than Steven.

To find out how many apples Jake has, we add 3 to the number of apples Steven has:

8 (Steven's apples) + 3 = 11

Therefore, Jake has 11 apples.

#### 11",text
299,Jake has 13 fewer peaches and 3 more apples than Steven. Steven has 9 peaches and 8 apples. How many apples does Jake have?,Winter is almost here and most animals are migrating to warmer countries. There are 41 bird families living near the mountain. If 35 bird families flew away to asia and 62 bird families flew away to africa How many more bird families flew away to africa than those that flew away to asia?,11,27,"To solve this problem, we need to find out how many more bird families flew away to Africa than those that flew away to Asia. 

First, let's find out how many bird families flew away to Africa:
62 bird families flew away to Africa.

Next, let's find out how many bird families flew away to Asia:
35 bird families flew away to Asia.

Now, we subtract the number of bird families that flew away to Asia from the number of bird families that flew away to Africa:
62 - 35 = 27

Therefore, 27 more bird families flew away to Africa than those that flew away to Asia.

#### 27",text
