{
  "n": 500,
  "acc_text": 0.322,
  "acc_img": 0.096,
  "acc_drop": -0.226,
  "text_ci_95": [
    0.2812023914634842,
    0.36491803195152994
  ],
  "img_ci_95": [
    0.07163269397534078,
    0.1252647465633309
  ],
  "text_boot_ci_95": [
    0.28,
    0.364
  ],
  "img_boot_ci_95": [
    0.07,
    0.122
  ],
  "mcnemar_chi2": 91.56204379562044,
  "mcnemar_p": 0.0,
  "mcnemar_b": 12,
  "mcnemar_c": 125,
  "cohens_h": 0.5767656798674624,
  "mismatch_chi2": 93.79432624113475,
  "mismatch_p": 3.5007388010800615e-22,
  "mismatch_counts": {
    "invalid": 37,
    "neither": 310,
    "text": 128,
    "image": 13,
    "ambiguous": 12
  },
  "mismatch_decidable": 141,
  "text_preference": 0.9078014184397163,
  "image_preference": 0.09219858156028368,
  "neither_rate": 0.62,
  "ambiguous_rate": 0.024,
  "invalid_rate": 0.074,
  "benchmark": "math",
  "model": "HuggingFaceM4/Idefics3-8B-Llama3"
}