{
  "n": 2017,
  "benchmark": "scienceqa",
  "model": "Qwen/Qwen2-VL-2B-Instruct",
  "acc_multimodal": 0.7174020823004462,
  "acc_text_only": 0.5607337630143778,
  "acc_diff": 0.1566683192860684,
  "multimodal_ci_95": [
    0.6971980104868294,
    0.7369723094360039
  ],
  "text_ci_95": [
    0.5387517604298389,
    0.5825389604446706
  ],
  "multimodal_boot_ci_95": [
    0.6970748636588994,
    0.736737729300942
  ],
  "text_boot_ci_95": [
    0.5389191869112543,
    0.5825483391175013
  ],
  "mcnemar_chi2": 158.0015923566879,
  "mcnemar_p": 0.0,
  "mcnemar_b": 156,
  "mcnemar_c": 472,
  "cohens_h": 0.32805257459270054
}