feature,pearson_r,pearson_p,spearman_r,spearman_p
num_steps,0.040818492054300146,0.13843089023537192,0.04075138062219424,0.13908112012466595
num_numbers,0.016589365449699998,0.5471984811989876,0.0029453212118441597,0.9148944081941037
question_length,-0.0040225628230715965,0.8839579573322205,-0.01961861882197746,0.4765249948030524
answer_magnitude,-0.006507839565402185,0.8133314929637252,0.040308003344647785,0.14343609413346836
multi_operation,,,,
has_fractions,0.04420250980402049,0.10857949146725841,0.04420250980402049,0.10857949146725841
has_percentages,-0.00013097957551862146,0.99620813860059,-0.00013097957551862146,0.99620813860059
has_comparison,-0.038862335252153345,0.15836302074577524,-0.038862335252153345,0.15836302074577524
