feature,pearson_r,pearson_p,spearman_r,spearman_p
num_steps,0.026718789002493987,0.3322323878101513,0.02712427452636938,0.3249446307063408
num_numbers,0.07684121811808076,0.005235008230059089,0.06732240486862816,0.014466171864786909
question_length,0.029945646910949142,0.27713414325956226,0.039026150744843315,0.15661478944306284
answer_magnitude,-0.024271004622651787,0.3784426879800456,0.019472803027837514,0.47980855109278286
multi_operation,,,,
has_fractions,0.059564829424688485,0.030529826450358455,0.059564829424688485,0.030529826450358455
has_percentages,0.021663260056793438,0.43180102509382784,0.021663260056793438,0.43180102509382784
has_comparison,0.03396134031556206,0.21772673229259903,0.03396134031556206,0.21772673229259903
