{
  "level": 8,
  "name": "screenshot",
  "description": "Browser screenshot simulation",
  "accuracy": 0.465,
  "error_distribution": {
    "arithmetic_error": 107,
    "correct": 93
  },
  "ci_95": [
    0.39435273526145675,
    0.5367001422116787
  ],
  "boot_ci_95": [
    0.395,
    0.535
  ],
  "n": 200
}