{
  "accuracy": 0.53,
  "ci_95": [
    0.45833050041147494,
    0.6007670588028855
  ],
  "n": 200
}