{
  "n": 3088,
  "benchmark": "ai2d",
  "model": "openbmb/MiniCPM-V-2_6",
  "acc_multimodal": 0.7292746113989638,
  "acc_text_only": 0.6136658031088082,
  "acc_diff": 0.11560880829015552,
  "multimodal_ci_95": [
    0.7132285672983367,
    0.7448852120461955
  ],
  "text_ci_95": [
    0.5962293310242426,
    0.6308866509534488
  ],
  "multimodal_boot_ci_95": [
    0.7134067357512953,
    0.7448186528497409
  ],
  "text_boot_ci_95": [
    0.5965025906735751,
    0.6305051813471503
  ],
  "mcnemar_chi2": 129.7195496417605,
  "mcnemar_p": 0.0,
  "mcnemar_b": 310,
  "mcnemar_c": 667,
  "cohens_h": 0.24702531664654703
}