{
  "n": 3088,
  "benchmark": "ai2d",
  "model": "openbmb/MiniCPM-V-2_6",
  "acc_multimodal": 0.0029145077720207253,
  "acc_text_only": 0.03270725388601036,
  "acc_diff": -0.029792746113989636,
  "multimodal_ci_95": [
    0.0013335377817332143,
    0.005525402474074375
  ],
  "text_ci_95": [
    0.026717894003727084,
    0.03960169040957945
  ],
  "multimodal_boot_ci_95": [
    0.0012953367875647669,
    0.0048575129533678756
  ],
  "text_boot_ci_95": [
    0.02655440414507772,
    0.0391839378238342
  ],
  "mcnemar_chi2": 81.18627450980392,
  "mcnemar_p": 0.0,
  "mcnemar_b": 97,
  "mcnemar_c": 5,
  "cohens_h": -0.2556793754713575
}