{
  "n": 2017,
  "benchmark": "scienceqa",
  "model": "HuggingFaceM4/Idefics3-8B-Llama3",
  "acc_multimodal": 0.8542389687654933,
  "acc_text_only": 0.6360932077342588,
  "acc_diff": 0.2181457610312345,
  "multimodal_ci_95": [
    0.8380775143184676,
    0.8693630115935839
  ],
  "text_ci_95": [
    0.6146628603787245,
    0.6571271828026727
  ],
  "multimodal_boot_ci_95": [
    0.8383738225086762,
    0.8696083292017849
  ],
  "text_boot_ci_95": [
    0.615765989092712,
    0.6574119980168567
  ],
  "mcnemar_chi2": 280.11773255813955,
  "mcnemar_p": 0.0,
  "mcnemar_b": 124,
  "mcnemar_c": 564,
  "cohens_h": 0.5116746489994661
}