{
  "n": 254,
  "acc_text": 0.5511811023622047,
  "acc_img": 0.3937007874015748,
  "acc_drop": -0.15748031496062992,
  "text_ci_95": [
    0.48775311307173985,
    0.6134007533451837
  ],
  "img_ci_95": [
    0.33320464243613024,
    0.4567083289189242
  ],
  "text_boot_ci_95": [
    0.4921259842519685,
    0.610236220472441
  ],
  "img_boot_ci_95": [
    0.3346456692913386,
    0.452755905511811
  ],
  "mcnemar_chi2": 14.625,
  "mcnemar_p": 0.00013116297592663528,
  "mcnemar_b": 32,
  "mcnemar_c": 72,
  "cohens_h": 0.3167752216155131,
  "mismatch_chi2": 0.0,
  "mismatch_p": 1.0,
  "mismatch_counts": {
    "invalid": 254
  },
  "mismatch_decidable": 0,
  "text_preference": null,
  "image_preference": null,
  "neither_rate": 0.0,
  "ambiguous_rate": 0.0,
  "invalid_rate": 1.0,
  "benchmark": "aqua_rat",
  "model": "llava-hf/llava-onevision-qwen2-7b-ov-hf"
}