{
  "n": 500,
  "acc_text": 0.394,
  "acc_img": 0.424,
  "acc_drop": 0.02999999999999997,
  "text_ci_95": [
    0.35090726162963204,
    0.4383537803630048
  ],
  "img_ci_95": [
    0.3802441766067319,
    0.46865967029709255
  ],
  "text_boot_ci_95": [
    0.352,
    0.436
  ],
  "img_boot_ci_95": [
    0.38,
    0.468
  ],
  "mcnemar_chi2": 2.36144578313253,
  "mcnemar_p": 0.1243668793626087,
  "mcnemar_b": 49,
  "mcnemar_c": 34,
  "cohens_h": -0.061029553526783964,
  "mismatch_chi2": 130.41552511415526,
  "mismatch_p": 3.3238041127931406e-30,
  "mismatch_counts": {
    "invalid": 37,
    "neither": 232,
    "text": 194,
    "image": 25,
    "ambiguous": 12
  },
  "mismatch_decidable": 219,
  "text_preference": 0.8858447488584474,
  "image_preference": 0.1141552511415525,
  "neither_rate": 0.464,
  "ambiguous_rate": 0.024,
  "invalid_rate": 0.074,
  "benchmark": "math",
  "model": "Qwen/Qwen2.5-VL-7B-Instruct"
}