{
  "accuracy": 0.43,
  "ci_95": [
    0.36038559182698876,
    0.5017208471715778
  ],
  "n": 200
}