{
  "n": 1000,
  "benchmark": "mathvista",
  "model": "OpenGVLab/InternVL2-8B",
  "acc_multimodal": 0.281,
  "acc_text_only": 0.105,
  "acc_diff": 0.17600000000000005,
  "multimodal_ci_95": [
    0.2533197059785658,
    0.30997601428736204
  ],
  "text_ci_95": [
    0.08668482482454003,
    0.12567684845533625
  ],
  "multimodal_boot_ci_95": [
    0.253,
    0.309
  ],
  "text_boot_ci_95": [
    0.086,
    0.124
  ],
  "mcnemar_chi2": 128.6764705882353,
  "mcnemar_p": 0.0,
  "mcnemar_b": 31,
  "mcnemar_c": 207,
  "cohens_h": 0.45743628896303423
}