{
  "n": 3088,
  "benchmark": "ai2d",
  "model": "llava-hf/llava-v1.6-mistral-7b-hf",
  "acc_multimodal": 0.6602979274611399,
  "acc_text_only": 0.560880829015544,
  "acc_diff": 0.09941709844559588,
  "multimodal_ci_95": [
    0.6432859021625374,
    0.6770057629277012
  ],
  "text_ci_95": [
    0.5431641900755593,
    0.5784820035680016
  ],
  "multimodal_boot_ci_95": [
    0.6441062176165803,
    0.6771373056994818
  ],
  "text_boot_ci_95": [
    0.5437176165803109,
    0.5783678756476683
  ],
  "mcnemar_chi2": 98.25393494228751,
  "mcnemar_p": 0.0,
  "mcnemar_b": 323,
  "mcnemar_c": 630,
  "cohens_h": 0.20429392522416845
}