{
  "n": 3088,
  "benchmark": "ai2d",
  "model": "llava-hf/llava-v1.6-mistral-7b-hf",
  "acc_multimodal": 0.0,
  "acc_text_only": 0.014896373056994818,
  "acc_diff": -0.014896373056994818,
  "multimodal_ci_95": [
    0.0,
    0.001193872082447619
  ],
  "text_ci_95": [
    0.010926113218668586,
    0.019820170235297262
  ],
  "multimodal_boot_ci_95": [
    0.0,
    0.0
  ],
  "text_boot_ci_95": [
    0.010686528497409326,
    0.019430051813471502
  ],
  "mcnemar_chi2": 44.02173913043478,
  "mcnemar_p": 3.247491164870553e-11,
  "mcnemar_b": 46,
  "mcnemar_c": 0,
  "cohens_h": -0.24471153389516398
}