{
  "n": 1319,
  "acc_text": 0.7899924184988628,
  "acc_img": 0.6262319939347991,
  "acc_drop": -0.1637604245640637,
  "text_ci_95": [
    0.766997453363926,
    0.8116872950346585
  ],
  "img_ci_95": [
    0.5994855936482356,
    0.6524144367729152
  ],
  "text_boot_ci_95": [
    0.7680060652009097,
    0.8112206216830933
  ],
  "img_boot_ci_95": [
    0.599696739954511,
    0.6520090978013646
  ],
  "mcnemar_chi2": 125.61141304347827,
  "mcnemar_p": 0.0,
  "mcnemar_b": 76,
  "mcnemar_c": 292,
  "cohens_h": 0.36348418690768436,
  "mismatch_chi2": 984.016129032258,
  "mismatch_p": 5.3531726260310654e-216,
  "mismatch_counts": {
    "text": 990,
    "neither": 312,
    "image": 2,
    "ambiguous": 15
  },
  "mismatch_decidable": 992,
  "text_preference": 0.9979838709677419,
  "image_preference": 0.0020161290322580645,
  "neither_rate": 0.23654283548142532,
  "ambiguous_rate": 0.011372251705837756,
  "invalid_rate": 0.0,
  "elapsed_minutes": 370.1
}