feature,pearson_r,pearson_p,spearman_r,spearman_p
num_steps,-0.0020817187310058706,0.9397911634817027,-0.002353793637673778,0.9319400222521055
num_numbers,-0.006420188678812352,0.8158002320066164,-0.003433928318053917,0.9008436558115374
question_length,0.009954580897295721,0.7179521515292229,-0.002236101488046557,0.9353354441860839
answer_magnitude,-0.0048145919644290505,0.8613218330847912,-0.06563934563451644,0.017116126141247082
multi_operation,,,,
has_fractions,0.0020199797670210837,0.9415735781236345,0.0020199797670210837,0.9415735781236345
has_percentages,-0.03507611024185495,0.20298982467222568,-0.03507611024185495,0.20298982467222568
has_comparison,0.016124500477550437,0.5584851414560079,0.016124500477550437,0.5584851414560079
