{
  "n": 1319,
  "acc_text": 0.42608036391205456,
  "acc_img": 0.400303260045489,
  "acc_drop": -0.025777103866565565,
  "text_ci_95": [
    0.3992045271101791,
    0.4532863132832794
  ],
  "img_ci_95": [
    0.37372987872249924,
    0.42732194523703837
  ],
  "text_boot_ci_95": [
    0.39878695981804396,
    0.45187642153146296
  ],
  "img_boot_ci_95": [
    0.3737680060652009,
    0.4268385140257771
  ],
  "mcnemar_chi2": 3.5357142857142856,
  "mcnemar_p": 0.06006045963817763,
  "mcnemar_b": 137,
  "mcnemar_c": 171,
  "cohens_h": 0.05235575370527523,
  "mismatch_chi2": 479.62912621359226,
  "mismatch_p": 2.5730311384495025e-106,
  "mismatch_counts": {
    "text": 506,
    "neither": 789,
    "ambiguous": 15,
    "image": 9
  },
  "mismatch_decidable": 515,
  "text_preference": 0.9825242718446602,
  "image_preference": 0.017475728155339806,
  "neither_rate": 0.5981804397270659,
  "ambiguous_rate": 0.011372251705837756,
  "invalid_rate": 0.0,
  "elapsed_minutes": 312.0
}