{
  "n": 3088,
  "benchmark": "ai2d",
  "model": "llava-hf/llava-onevision-qwen2-7b-ov-hf",
  "acc_multimodal": 0.8118523316062176,
  "acc_text_only": 0.6405440414507773,
  "acc_diff": 0.17130829015544036,
  "multimodal_ci_95": [
    0.7976127429706547,
    0.8254985607730003
  ],
  "text_ci_95": [
    0.6233311259330101,
    0.6574902966647165
  ],
  "multimodal_boot_ci_95": [
    0.7979274611398963,
    0.8254533678756477
  ],
  "text_boot_ci_95": [
    0.6240284974093264,
    0.6577072538860104
  ],
  "mcnemar_chi2": 356.9577464788732,
  "mcnemar_p": 0.0,
  "mcnemar_b": 126,
  "mcnemar_c": 655,
  "cohens_h": 0.3885455573346255
}